날짜,시간,15분,30분,45분,60분,평균,생산량,기온,풍속,습도,강수량,전기요금(계절),요일,일,월,공장인원,인건비,시간_raw,시간_복원여부,공장_셧다운_여부,전력_평균_실수
2021-01-01,0,62,61,61,61,61,0,-3.2,2.4,71,0.0,109.8,5,1,1,0.0,1.5,0,False,False,61.25
2021-01-01,1,96,93,116,113,105,0,-4.5,1.5,77,0.0,109.8,5,1,1,0.0,1.5,1,False,False,104.5
2021-01-01,2,106,96,106,107,104,0,-3.9,2.6,58,0.0,109.8,5,1,1,0.0,1.5,2,False,False,103.75
2021-01-01,3,92,110,110,109,105,0,-4.1,2.6,56,0.0,109.8,5,1,1,0.0,1.5,3,False,False,105.25
2021-01-01,4,108,105,106,108,107,0,-4.6,2.6,60,0.0,109.8,5,1,1,0.0,1.5,4,False,False,106.75
2021-01-01,5,89,83,99,98,92,0,-5.5,2.1,66,0.0,109.8,5,1,1,0.0,1.5,5,False,False,92.25
2021-01-01,6,102,111,110,103,107,0,-5.6,1.5,67,0.0,109.8,5,1,1,0.0,1.5,6,False,False,106.5
2021-01-01,7,92,75,48,29,61,0,-6.8,0.6,73,0.0,109.8,5,1,1,0.0,1.5,7,False,False,61.0
2021-01-01,8,27,25,22,22,24,0,-5.6,0.0,72,0.0,109.8,5,1,1,0.0,1.5,8,False,False,24.0
2021-01-01,9,22,22,22,22,22,0,-3.3,1.2,62,0.0,109.8,5,1,1,0.0,1.0,9,False,False,22.0
2021-01-01,10,22,22,22,22,22,0,-1.2,2.1,54,0.0,109.8,5,1,1,0.0,1.0,10,False,False,22.0
2021-01-01,11,22,23,28,27,25,0,-0.1,3.5,50,0.0,109.8,5,1,1,0.0,1.0,11,False,False,25.0
2021-01-01,12,22,23,22,22,22,0,1.5,2.8,45,0.0,109.8,5,1,1,0.0,1.0,12,False,False,22.25
2021-01-01,13,22,23,22,22,22,0,2.6,3.5,44,0.0,109.8,5,1,1,0.0,1.0,13,False,False,22.25
2021-01-01,14,22,23,22,23,23,0,2.6,3.3,43,0.0,109.8,5,1,1,0.0,1.0,14,False,False,22.5
2021-01-01,15,28,26,23,22,25,0,3.5,3.0,42,0.0,109.8,5,1,1,0.0,1.0,15,False,False,24.75
2021-01-01,16,23,23,22,23,23,0,3.0,3.1,43,0.0,109.8,5,1,1,0.0,1.0,16,False,False,22.75
2021-01-01,17,22,22,22,23,22,0,2.2,1.6,50,0.0,109.8,5,1,1,0.0,1.0,17,False,False,22.25
2021-01-01,18,22,23,27,27,25,0,1.1,1.2,55,0.0,109.8,5,1,1,0.0,1.5,18,False,False,24.75
2021-01-01,19,22,22,22,22,22,0,1.3,1.1,55,0.0,109.8,5,1,1,0.0,1.5,19,False,False,22.0
2021-01-01,20,22,22,22,22,22,0,1.2,1.8,57,0.0,109.8,5,1,1,0.0,1.5,20,False,False,22.0
2021-01-01,21,23,22,22,27,24,0,0.9,1.6,59,0.0,109.8,5,1,1,0.0,1.5,21,False,False,23.5
2021-01-01,22,26,22,22,22,23,0,-0.2,1.8,63,0.0,109.8,5,1,1,0.0,1.5,22,False,False,23.0
2021-01-01,23,22,22,22,22,22,0,0.0,1.9,57,0.0,109.8,5,1,1,0.0,1.5,23,False,False,22.0
2021-01-02,0,63,63,64,63,63,0,-0.7,1.1,60,0.0,109.8,6,2,1,0.0,1.5,0,False,False,63.25
2021-01-02,1,96,93,116,113,105,0,-1.7,1.0,64,0.0,109.8,6,2,1,0.0,1.5,1,False,False,104.5
2021-01-02,2,106,96,106,107,104,0,-2.5,1.7,66,0.0,109.8,6,2,1,0.0,1.5,2,False,False,103.75
2021-01-02,3,92,110,110,109,105,0,-2.4,0.8,72,0.0,109.8,6,2,1,0.0,1.5,3,False,False,105.25
2021-01-02,4,108,105,106,108,107,0,-1.4,1.8,74,0.0,109.8,6,2,1,0.0,1.5,4,False,False,106.75
2021-01-02,5,89,83,99,98,92,0,-1.1,1.5,74,0.0,109.8,6,2,1,0.0,1.5,5,False,False,92.25
2021-01-02,6,102,111,110,103,107,0,-0.7,2.1,68,0.0,109.8,6,2,1,0.0,1.5,6,False,False,106.5
2021-01-02,7,92,75,48,29,61,0,-2.1,0.2,74,0.0,109.8,6,2,1,0.0,1.5,7,False,False,61.0
2021-01-02,8,27,25,22,22,24,0,-1.9,1.4,65,0.0,109.8,6,2,1,0.0,1.5,8,False,False,24.0
2021-01-02,9,22,22,22,22,22,0,0.1,0.9,56,0.0,109.8,6,2,1,0.0,1.0,9,False,False,22.0
2021-01-02,10,22,22,22,22,22,0,1.0,1.4,58,0.0,109.8,6,2,1,0.0,1.0,10,False,False,22.0
2021-01-02,11,22,23,28,27,25,0,1.4,2.3,43,0.0,109.8,6,2,1,0.0,1.0,11,False,False,25.0
2021-01-02,12,22,23,22,22,22,0,2.6,3.1,39,0.0,109.8,6,2,1,0.0,1.0,12,False,False,22.25
2021-01-02,13,22,23,22,22,22,0,2.6,4.1,35,0.0,109.8,6,2,1,0.0,1.0,13,False,False,22.25
2021-01-02,14,22,23,22,23,23,0,2.6,4.4,31,0.0,109.8,6,2,1,0.0,1.0,14,False,False,22.5
2021-01-02,15,28,26,23,22,25,0,2.6,3.5,30,0.0,109.8,6,2,1,0.0,1.0,15,False,False,24.75
2021-01-02,16,23,23,22,23,23,0,2.4,3.7,27,0.0,109.8,6,2,1,0.0,1.0,16,False,False,22.75
2021-01-02,17,22,22,22,23,22,0,1.2,3.6,26,0.0,109.8,6,2,1,0.0,1.0,17,False,False,22.25
2021-01-02,18,22,23,27,27,25,0,0.3,3.0,28,0.0,109.8,6,2,1,0.0,1.5,18,False,False,24.75
2021-01-02,19,22,22,22,22,22,0,-0.6,3.2,30,0.0,109.8,6,2,1,0.0,1.5,19,False,False,22.0
2021-01-02,20,22,22,22,22,22,0,-0.9,3.3,30,0.0,109.8,6,2,1,0.0,1.5,20,False,False,22.0
2021-01-02,21,23,22,22,27,24,0,-1.2,2.8,31,0.0,109.8,6,2,1,0.0,1.5,21,False,False,23.5
2021-01-02,22,26,22,22,22,23,0,-1.7,3.1,33,0.0,109.8,6,2,1,0.0,1.5,22,False,False,23.0
2021-01-02,23,22,22,22,22,22,0,-2.1,2.9,35,0.0,109.8,6,2,1,0.0,1.5,23,False,False,22.0
2021-01-03,0,22,22,22,22,22,0,-2.1,2.8,34,0.0,109.8,7,3,1,0.0,1.5,0,False,False,22.0
2021-01-03,1,24,27,24,24,25,0,-2.5,2.1,35,0.0,109.8,7,3,1,0.0,1.5,1,False,False,24.75
2021-01-03,2,22,22,22,22,22,0,-2.5,2.9,34,0.0,109.8,7,3,1,0.0,1.5,2,False,False,22.0
2021-01-03,3,22,22,22,22,22,0,-2.5,3.3,36,0.0,109.8,7,3,1,0.0,1.5,3,False,False,22.0
2021-01-03,4,22,24,27,22,24,0,-2.2,3.3,35,0.0,109.8,7,3,1,0.0,1.5,4,False,False,23.75
2021-01-03,5,22,22,22,22,22,0,-2.5,3.5,39,0.0,109.8,7,3,1,0.0,1.5,5,False,False,22.0
2021-01-03,6,22,22,22,22,22,0,-2.3,3.6,39,0.0,109.8,7,3,1,0.0,1.5,6,False,False,22.0
2021-01-03,7,21,23,26,25,24,0,-2.5,4.7,38,0.0,109.8,7,3,1,0.0,1.5,7,False,False,23.75
2021-01-03,8,22,22,22,22,22,0,-2.3,4.2,32,0.0,109.8,7,3,1,0.0,1.5,8,False,False,22.0
2021-01-03,9,24,22,22,22,23,0,-2.5,3.2,29,0.0,109.8,7,3,1,0.0,1.0,9,False,False,22.5
2021-01-03,10,22,22,22,25,23,0,-1.3,4.3,27,0.0,109.8,7,3,1,0.0,1.0,10,False,False,22.75
2021-01-03,11,27,24,22,22,24,0,0.0,3.5,25,0.0,109.8,7,3,1,0.0,1.0,11,False,False,23.75
2021-01-03,12,22,22,22,22,22,0,1.1,3.8,23,0.0,109.8,7,3,1,0.0,1.0,12,False,False,22.0
2021-01-03,13,22,22,22,22,22,0,2.5,3.8,22,0.0,109.8,7,3,1,0.0,1.0,13,False,False,22.0
2021-01-03,14,22,24,27,24,24,0,2.5,3.6,24,0.0,109.8,7,3,1,0.0,1.0,14,False,False,24.25
2021-01-03,15,22,22,22,22,22,0,2.3,3.1,27,0.0,109.8,7,3,1,0.0,1.0,15,False,False,22.0
2021-01-03,16,24,22,23,22,23,0,1.7,2.5,29,0.0,109.8,7,3,1,0.0,1.0,16,False,False,22.75
2021-01-03,17,22,22,22,25,23,0,1.2,1.9,31,0.0,109.8,7,3,1,0.0,1.0,17,False,False,22.75
2021-01-03,18,27,22,22,22,23,0,0.9,1.8,33,0.0,109.8,7,3,1,0.0,1.5,18,False,False,23.25
2021-01-03,19,22,22,22,22,22,0,0.9,1.8,34,0.0,109.8,7,3,1,0.0,1.5,19,False,False,22.0
2021-01-03,20,22,22,22,22,22,0,0.6,1.7,37,0.0,109.8,7,3,1,0.0,1.5,20,False,False,22.0
2021-01-03,21,26,27,25,22,25,0,0.4,2.3,37,0.0,109.8,7,3,1,0.0,1.5,21,False,False,25.0
2021-01-03,22,23,23,23,22,23,0,0.0,1.8,38,0.0,109.8,7,3,1,0.0,1.5,22,False,False,22.75
2021-01-03,23,24,22,22,22,23,0,-0.4,0.6,39,0.0,109.8,7,3,1,0.0,1.5,23,False,False,22.5
2021-01-04,0,72,67,66,66,68,0,-0.1,1.7,39,0.0,109.8,1,4,1,0.0,1.5,0,False,False,67.75
2021-01-04,1,96,108,119,109,108,0,-0.9,1.3,44,0.0,109.8,1,4,1,0.0,1.5,1,False,False,108.0
2021-01-04,2,106,106,111,116,110,0,-0.4,1.4,42,0.0,109.8,1,4,1,0.0,1.5,2,False,False,109.75
2021-01-04,3,104,105,104,113,107,0,-2.1,1.5,50,0.0,109.8,1,4,1,0.0,1.5,3,False,False,106.5
2021-01-04,4,115,109,108,103,109,0,-1.9,1.8,50,0.0,109.8,1,4,1,0.0,1.5,4,False,False,108.75
2021-01-04,5,85,78,91,107,90,0,-2.8,1.3,53,0.0,109.8,1,4,1,0.0,1.5,5,False,False,90.25
2021-01-04,6,118,112,105,100,109,0,-4.2,0.7,60,0.0,109.8,1,4,1,0.0,1.5,6,False,False,108.75
2021-01-04,7,110,125,142,136,128,0,-3.0,3.3,56,0.0,109.8,1,4,1,0.0,1.5,7,False,False,128.25
2021-01-04,8,154,153,159,159,156,165,-2.7,4.1,53,0.0,109.8,1,4,1,0.264,1.5,8,False,False,156.25
2021-01-04,9,158,158,159,166,160,313,-1.5,2.4,48,0.0,109.8,1,4,1,0.488299532,1.0,9,False,False,160.25
2021-01-04,10,127,158,173,168,157,2757,0.4,2.4,39,0.0,109.8,1,4,1,4.404153355,1.0,10,False,False,156.5
2021-01-04,11,141,150,155,149,149,983,2.1,2.5,31,0.0,109.8,1,4,1,1.65210084,1.0,11,False,False,148.75
2021-01-04,12,81,64,94,118,89,96,4.0,3.3,30,0.0,109.8,1,4,1,0.268907563,1.0,12,False,False,89.25
2021-01-04,13,158,158,154,151,155,791,5.4,3.1,32,0.0,109.8,1,4,1,1.273752013,1.0,13,False,False,155.25
2021-01-04,14,143,154,151,160,152,2485,6.2,3.4,35,0.0,109.8,1,4,1,4.087171053,1.0,14,False,False,152.0
2021-01-04,15,125,142,144,149,140,2313,6.3,3.2,35,0.0,109.8,1,4,1,4.130357143,1.0,15,False,False,140.0
2021-01-04,16,140,141,145,140,142,1906,6.2,2.8,37,0.0,109.8,1,4,1,3.367491166,1.0,16,False,False,141.5
2021-01-04,17,105,103,138,143,122,1725,4.6,1.8,38,0.0,109.8,1,4,1,3.527607362,1.0,17,False,False,122.25
2021-01-04,18,139,138,135,145,139,0,3.1,1.5,42,0.0,109.8,1,4,1,0.0,1.5,18,False,False,139.25
2021-01-04,19,135,119,103,94,113,0,2.1,1.0,45,0.0,109.8,1,4,1,0.0,1.5,19,False,False,112.75
2021-01-04,20,91,96,105,111,101,46,1.6,1.0,47,0.0,109.8,1,4,1,0.114143921,1.5,20,False,False,100.75
2021-01-04,21,110,105,109,109,108,40,0.5,0.8,53,0.0,109.8,1,4,1,0.092378753,1.5,21,False,False,108.25
2021-01-04,22,96,111,111,109,107,0,0.9,0.4,52,0.0,109.8,1,4,1,0.0,1.5,22,False,False,106.75
2021-01-04,23,109,112,102,65,97,52,0.2,0.8,56,0.0,109.8,1,4,1,0.134020619,1.5,23,False,False,97.0
2021-01-05,0,22,22,26,26,24,0,0.1,0.5,58,0.0,109.8,2,5,1,0.0,1.5,0,False,False,24.0
2021-01-05,1,21,21,21,22,21,0,0.3,0.9,60,0.0,109.8,2,5,1,0.0,1.5,1,False,False,21.25
2021-01-05,2,21,21,21,22,21,0,0.2,0.4,60,0.0,109.8,2,5,1,0.0,1.5,2,False,False,21.25
2021-01-05,3,22,22,22,24,23,0,-0.1,0.7,63,0.0,109.8,2,5,1,0.0,1.5,3,False,False,22.5
2021-01-05,4,26,24,22,21,23,0,1.7,1.8,58,0.0,109.8,2,5,1,0.0,1.5,4,False,False,23.25
2021-01-05,5,21,21,21,22,21,0,1.5,1.0,61,0.0,109.8,2,5,1,0.0,1.5,5,False,False,21.25
2021-01-05,6,22,21,21,21,21,0,1.0,1.6,62,0.0,109.8,2,5,1,0.0,1.5,6,False,False,21.25
2021-01-05,7,21,26,26,22,24,0,-0.4,0.5,67,0.0,109.8,2,5,1,0.0,1.5,7,False,False,23.75
2021-01-05,8,21,21,21,21,21,0,0.6,2.1,67,0.0,109.8,2,5,1,0.0,1.5,8,False,False,21.0
2021-01-05,9,21,21,21,21,21,0,2.0,2.7,64,0.0,109.8,2,5,1,0.0,1.0,9,False,False,21.0
2021-01-05,10,21,21,22,26,23,0,4.1,2.0,64,0.0,109.8,2,5,1,0.0,1.0,10,False,False,22.5
2021-01-05,11,25,21,21,21,22,0,4.6,3.0,52,0.0,109.8,2,5,1,0.0,1.0,11,False,False,22.0
2021-01-05,12,21,21,21,21,21,0,5.7,3.4,31,0.0,109.8,2,5,1,0.0,1.0,12,False,False,21.0
2021-01-05,13,21,21,21,21,21,0,4.7,3.5,29,0.0,109.8,2,5,1,0.0,1.0,13,False,False,21.0
2021-01-05,14,24,25,21,21,23,0,3.4,3.8,28,0.0,109.8,2,5,1,0.0,1.0,14,False,False,22.75
2021-01-05,15,21,21,21,21,21,0,3.1,3.1,32,0.0,109.8,2,5,1,0.0,1.0,15,False,False,21.0
2021-01-05,16,21,21,21,21,21,0,2.1,2.8,33,0.0,109.8,2,5,1,0.0,1.0,16,False,False,21.0
2021-01-05,17,24,26,22,21,23,0,1.3,2.3,34,0.0,109.8,2,5,1,0.0,1.0,17,False,False,23.25
2021-01-05,18,21,21,21,21,21,0,0.6,2.4,33,0.0,109.8,2,5,1,0.0,1.5,18,False,False,21.0
2021-01-05,19,21,21,21,21,21,0,-0.3,1.5,29,0.0,109.8,2,5,1,0.0,1.5,19,False,False,21.0
2021-01-05,20,22,26,24,21,23,0,-0.7,1.9,27,0.0,109.8,2,5,1,0.0,1.5,20,False,False,23.25
2021-01-05,21,21,21,21,22,21,0,-1.8,1.7,30,0.0,109.8,2,5,1,0.0,1.5,21,False,False,21.25
2021-01-05,22,21,21,21,21,21,0,-2.3,2.7,29,0.0,109.8,2,5,1,0.0,1.5,22,False,False,21.0
2021-01-05,23,21,24,26,25,24,0,-3.7,1.6,34,0.0,109.8,2,5,1,0.0,1.5,23,False,False,24.0
2021-01-06,0,22,22,26,26,24,0,-4.5,2.5,37,0.0,109.8,3,6,1,0.0,1.5,0,False,False,24.0
2021-01-06,1,21,21,21,22,21,0,-4.9,4.4,39,0.0,109.8,3,6,1,0.0,1.5,1,False,False,21.25
2021-01-06,2,21,21,21,22,21,0,-5.5,4.8,43,0.0,109.8,3,6,1,0.0,1.5,2,False,False,21.25
2021-01-06,3,22,22,22,24,23,0,-5.9,3.9,43,0.0,109.8,3,6,1,0.0,1.5,3,False,False,22.5
2021-01-06,4,26,24,22,21,23,0,-6.5,3.3,42,0.0,109.8,3,6,1,0.0,1.5,4,False,False,23.25
2021-01-06,5,21,21,21,22,21,0,-6.8,3.3,43,0.0,109.8,3,6,1,0.0,1.5,5,False,False,21.25
2021-01-06,6,22,21,21,21,21,0,-7.1,3.7,50,0.0,109.8,3,6,1,0.0,1.5,6,False,False,21.25
2021-01-06,7,21,26,26,22,24,0,-7.5,1.7,52,0.0,109.8,3,6,1,0.0,1.5,7,False,False,23.75
2021-01-06,8,21,21,21,21,21,0,-6.6,4.6,46,0.0,109.8,3,6,1,0.0,1.5,8,False,False,21.0
2021-01-06,9,21,21,21,21,21,0,-6.4,4.2,50,0.0,109.8,3,6,1,0.0,1.0,9,False,False,21.0
2021-01-06,10,21,21,22,26,23,0,-4.7,3.5,45,0.0,109.8,3,6,1,0.0,1.0,10,False,False,22.5
2021-01-06,11,25,21,21,21,22,0,-2.5,4.6,36,0.0,109.8,3,6,1,0.0,1.0,11,False,False,22.0
2021-01-06,12,21,21,21,21,21,0,-0.9,5.0,35,0.0,109.8,3,6,1,0.0,1.0,12,False,False,21.0
2021-01-06,13,21,21,21,21,21,0,-0.4,4.8,35,0.0,109.8,3,6,1,0.0,1.0,13,False,False,21.0
2021-01-06,14,24,25,21,21,23,0,-0.1,4.2,34,0.0,109.8,3,6,1,0.0,1.0,14,False,False,22.75
2021-01-06,15,21,21,21,21,21,0,0.6,3.1,32,0.0,109.8,3,6,1,0.0,1.0,15,False,False,21.0
2021-01-06,16,21,21,21,21,21,0,0.7,1.6,32,0.0,109.8,3,6,1,0.0,1.0,16,False,False,21.0
2021-01-06,17,24,26,22,21,23,0,-0.1,1.3,34,0.0,109.8,3,6,1,0.0,1.0,17,False,False,23.25
2021-01-06,18,21,21,21,21,21,0,-1.5,1.9,38,0.0,109.8,3,6,1,0.0,1.5,18,False,False,21.0
2021-01-06,19,21,21,21,21,21,0,-2.0,1.8,39,0.0,109.8,3,6,1,0.0,1.5,19,False,False,21.0
2021-01-06,20,22,26,24,21,23,0,-1.9,0.8,40,0.0,109.8,3,6,1,0.0,1.5,20,False,False,23.25
2021-01-06,21,21,21,21,22,21,0,-2.5,1.2,42,0.0,109.8,3,6,1,0.0,1.5,21,False,False,21.25
2021-01-06,22,21,21,21,21,21,0,-3.3,1.0,48,0.0,109.8,3,6,1,0.0,1.5,22,False,False,21.0
2021-01-06,23,21,24,26,25,24,0,-1.8,2.5,50,0.0,109.8,3,6,1,0.0,1.5,23,False,False,24.0
2021-01-07,0,22,22,22,25,23,0,-2.2,0.9,53,0.0,109.8,4,7,1,0.0,1.5,0,False,False,22.75
2021-01-07,1,26,22,22,22,23,34,-2.3,1.3,55,0.0,109.8,4,7,1,0.369565217,1.5,1,False,False,23.0
2021-01-07,2,22,21,21,22,22,0,-1.2,3.2,55,0.0,109.8,4,7,1,0.0,1.5,2,False,False,21.5
2021-01-07,3,22,22,22,23,22,56,-1.0,3.0,55,0.0,109.8,4,7,1,0.629213483,1.5,3,False,False,22.25
2021-01-07,4,22,26,26,23,24,278,-1.4,4.0,43,0.0,109.8,4,7,1,2.865979381,1.5,4,False,False,24.25
2021-01-07,5,22,22,22,22,22,0,-5.9,4.4,85,0.2,109.8,4,7,1,0.0,1.5,5,False,False,22.0
2021-01-07,6,24,21,22,22,22,20,-6.0,4.9,55,0.2,109.8,4,7,1,0.224719101,1.5,6,False,False,22.25
2021-01-07,7,24,44,67,90,56,2841,-6.8,4.5,53,0.2,109.8,4,7,1,12.62666667,1.5,7,False,False,56.25
2021-01-07,8,151,169,182,182,171,538,-8.6,4.5,52,0.2,109.8,4,7,1,0.786549708,1.5,8,False,False,171.0
2021-01-07,9,179,166,157,162,166,1384,-8.0,5.9,29,0.2,109.8,4,7,1,2.084337349,1.0,9,False,False,166.0
2021-01-07,10,137,176,159,171,161,957,-7.7,6.4,24,0.2,109.8,4,7,1,1.488335925,1.0,10,False,False,160.75
2021-01-07,11,169,170,166,168,168,1013,-7.4,5.9,23,0.2,109.8,4,7,1,1.505200594,1.0,11,False,False,168.25
2021-01-07,12,120,105,106,129,115,797,-7.1,6.1,21,0.2,109.8,4,7,1,1.732608696,1.0,12,False,False,115.0
2021-01-07,13,169,173,182,175,175,1293,-6.7,4.8,20,0.2,109.8,4,7,1,1.849785408,1.0,13,False,False,174.75
2021-01-07,14,165,176,180,177,175,2314,-6.3,4.4,21,0.2,109.8,4,7,1,3.315186246,1.0,14,False,False,174.5
2021-01-07,15,135,166,175,174,163,1043,-6.5,4.7,18,0.2,109.8,4,7,1,1.604615385,1.0,15,False,False,162.5
2021-01-07,16,158,166,164,173,165,1546,-6.6,4.6,19,0.2,109.8,4,7,1,2.338880484,1.0,16,False,False,165.25
2021-01-07,17,123,118,151,151,136,451,-7.6,3.0,21,0.2,109.8,4,7,1,0.830570902,1.0,17,False,False,135.75
2021-01-07,18,154,158,154,143,152,380,-8.4,3.3,23,0.2,109.8,4,7,1,0.623973727,1.5,18,False,False,152.25
2021-01-07,19,141,147,131,99,130,1652,-9.0,2.8,24,0.2,109.8,4,7,1,3.189189189,1.5,19,False,False,129.5
2021-01-07,20,101,114,108,110,108,194,-9.6,3.0,23,0.2,109.8,4,7,1,0.448036952,1.5,20,False,False,108.25
2021-01-07,21,110,113,110,111,111,0,-9.8,4.1,23,0.2,109.8,4,7,1,0.0,1.5,21,False,False,111.0
2021-01-07,22,84,100,98,97,95,2,-10.4,4.0,25,0.2,109.8,4,7,1,0.005277045,1.5,22,False,False,94.75
2021-01-07,23,110,106,100,77,98,12,-10.6,3.6,26,0.2,109.8,4,7,1,0.030534351,1.5,23,False,False,98.25
2021-01-08,0,64,63,63,62,63,0,-10.8,3.7,28,0.2,109.8,5,8,1,0.0,1.5,0,False,False,63.0
2021-01-08,1,87,94,105,110,99,0,-11.4,2.6,31,0.0,109.8,5,8,1,0.0,1.5,1,False,False,99.0
2021-01-08,2,104,98,98,111,103,2,-12.0,1.5,34,0.0,109.8,5,8,1,0.00486618,1.5,2,False,False,102.75
2021-01-08,3,90,105,99,104,100,148,-11.6,2.4,37,0.0,109.8,5,8,1,0.371859296,1.5,3,False,False,99.5
2021-01-08,4,105,105,100,110,105,498,-11.1,3.2,39,0.0,109.8,5,8,1,1.185714286,1.5,4,False,False,105.0
2021-01-08,5,82,72,94,101,87,33,-11.6,4.0,42,0.0,109.8,5,8,1,0.094555874,1.5,5,False,False,87.25
2021-01-08,6,109,104,96,81,98,60,-11.7,4.4,44,0.0,109.8,5,8,1,0.153846154,1.5,6,False,False,97.5
2021-01-08,7,72,77,107,117,93,1507,-11.6,4.3,44,0.0,109.8,5,8,1,4.040214477,1.5,7,False,False,93.25
2021-01-08,8,141,154,161,160,154,777,-11.9,3.1,43,0.0,109.8,5,8,1,1.261363636,1.5,8,False,False,154.0
2021-01-08,9,165,160,160,156,160,325,-10.2,4.5,34,0.0,109.8,5,8,1,0.507020281,1.0,9,False,False,160.25
2021-01-08,10,127,153,138,150,142,2427,-9.1,5.4,30,0.0,109.8,5,8,1,4.272887324,1.0,10,False,False,142.0
2021-01-08,11,159,160,167,171,164,695,-7.9,5.0,28,0.0,109.8,5,8,1,1.057838661,1.0,11,False,False,164.25
2021-01-08,12,106,87,94,124,103,48,-6.5,2.8,28,0.0,109.8,5,8,1,0.116788321,1.0,12,False,False,102.75
2021-01-08,13,157,174,168,160,165,4386,-5.6,3.4,28,0.0,109.8,5,8,1,6.655538695,1.0,13,False,False,164.75
2021-01-08,14,156,164,167,176,166,1270,-5.4,4.2,30,0.0,109.8,5,8,1,1.915535445,1.0,14,False,False,165.75
2021-01-08,15,139,173,153,180,161,3947,-5.0,4.3,30,0.0,109.8,5,8,1,6.119379845,1.0,15,False,False,161.25
2021-01-08,16,150,166,164,152,158,613,-4.6,2.4,31,0.0,109.8,5,8,1,0.969936709,1.0,16,False,False,158.0
2021-01-08,17,127,110,147,161,136,184,-5.8,2.5,34,0.0,109.8,5,8,1,0.337614679,1.0,17,False,False,136.25
2021-01-08,18,150,156,152,157,154,754,-7.0,0.9,38,0.0,109.8,5,8,1,1.22601626,1.5,18,False,False,153.75
2021-01-08,19,155,144,140,128,142,4008,-7.5,1.0,39,0.0,109.8,5,8,1,7.068783069,1.5,19,False,False,141.75
2021-01-08,20,134,132,117,132,129,0,-7.4,3.8,31,0.0,109.8,5,8,1,0.0,1.5,20,False,False,128.75
2021-01-08,21,132,123,116,114,121,28,-8.0,4.2,31,0.0,109.8,5,8,1,0.057731959,1.5,21,False,False,121.25
2021-01-08,22,91,109,115,113,107,30,-8.8,2.6,36,0.0,109.8,5,8,1,0.070093458,1.5,22,False,False,107.0
2021-01-08,23,105,114,104,82,101,43,-9.3,2.7,41,0.0,109.8,5,8,1,0.10617284,1.5,23,False,False,101.25
2021-01-09,0,72,69,65,65,68,0,-9.4,3.1,42,0.0,109.8,6,9,1,0.0,1.5,0,False,False,67.75
2021-01-09,1,92,97,103,103,99,32,-9.6,4.5,45,0.0,109.8,6,9,1,0.081012658,1.5,1,False,False,98.75
2021-01-09,2,107,106,99,103,104,0,-9.7,4.1,46,0.0,109.8,6,9,1,0.0,1.5,2,False,False,103.75
2021-01-09,3,92,110,110,109,105,23,-9.5,4.7,46,0.0,109.8,6,9,1,0.054631829,1.5,3,False,False,105.25
2021-01-09,4,108,105,106,108,107,0,-10.2,4.1,49,0.0,109.8,6,9,1,0.0,1.5,4,False,False,106.75
2021-01-09,5,89,83,99,98,92,0,-10.5,3.7,50,0.0,109.8,6,9,1,0.0,1.5,5,False,False,92.25
2021-01-09,6,102,111,110,103,107,64,-10.0,3.6,47,0.0,109.8,6,9,1,0.150234742,1.5,6,False,False,106.5
2021-01-09,7,92,75,48,29,61,548,-10.3,2.4,49,0.0,109.8,6,9,1,2.245901639,1.5,7,False,False,61.0
2021-01-09,8,27,25,22,22,24,0,-9.7,4.3,47,0.0,109.8,6,9,1,0.0,1.5,8,False,False,24.0
2021-01-09,9,22,22,22,22,22,0,-7.8,2.9,40,0.0,109.8,6,9,1,0.0,1.0,9,False,False,22.0
2021-01-09,10,22,22,22,22,22,0,-6.5,3.0,32,0.0,109.8,6,9,1,0.0,1.0,10,False,False,22.0
2021-01-09,11,22,23,28,27,25,0,-5.3,4.3,27,0.0,109.8,6,9,1,0.0,1.0,11,False,False,25.0
2021-01-09,12,119,102,96,122,110,0,-4.1,4.2,25,0.0,109.8,6,9,1,0.0,1.0,12,False,False,109.75
2021-01-09,13,159,162,175,181,169,0,-3.7,4.7,25,0.0,109.8,6,9,1,0.0,1.0,13,False,False,169.25
2021-01-09,14,22,23,22,23,23,0,-3.0,4.5,25,0.0,109.8,6,9,1,0.0,1.0,14,False,False,22.5
2021-01-09,15,28,26,23,22,25,0,-2.3,3.6,27,0.0,109.8,6,9,1,0.0,1.0,15,False,False,24.75
2021-01-09,16,159,146,144,154,151,0,-2.2,2.9,29,0.0,109.8,6,9,1,0.0,1.0,16,False,False,150.75
2021-01-09,17,108,104,144,161,129,0,-3.1,2.7,33,0.0,109.8,6,9,1,0.0,1.0,17,False,False,129.25
2021-01-09,18,156,156,161,145,155,0,-4.1,2.9,39,0.0,109.8,6,9,1,0.0,1.5,18,False,False,154.5
2021-01-09,19,148,136,131,111,132,0,-5.2,2.6,43,0.0,109.8,6,9,1,0.0,1.5,19,False,False,131.5
2021-01-09,20,106,112,106,113,109,0,-5.8,3.8,37,0.0,109.8,6,9,1,0.0,1.5,20,False,False,109.25
2021-01-09,21,107,110,100,103,105,0,-6.4,4.2,37,0.0,109.8,6,9,1,0.0,1.5,21,False,False,105.0
2021-01-09,22,26,22,22,22,23,0,-6.7,4.6,40,0.0,109.8,6,9,1,0.0,1.5,22,False,False,23.0
2021-01-09,23,106,95,98,79,95,0,-7.2,4.4,43,0.0,109.8,6,9,1,0.0,1.5,23,False,False,94.5
2021-01-10,0,64,64,64,67,65,0,-7.3,2.4,45,0.0,109.8,7,10,1,0.0,1.5,0,False,False,64.75
2021-01-10,1,96,107,104,103,103,0,-7.2,4.2,48,0.0,109.8,7,10,1,0.0,1.5,1,False,False,102.5
2021-01-10,2,103,109,101,104,104,0,-7.4,2.8,50,0.0,109.8,7,10,1,0.0,1.5,2,False,False,104.25
2021-01-10,3,89,104,100,104,99,0,-7.3,2.6,54,0.0,109.8,7,10,1,0.0,1.5,3,False,False,99.25
2021-01-10,4,22,24,27,22,24,0,-8.1,2.3,57,0.0,109.8,7,10,1,0.0,1.5,4,False,False,23.75
2021-01-10,5,22,22,22,22,22,0,-8.5,2.8,59,0.0,109.8,7,10,1,0.0,1.5,5,False,False,22.0
2021-01-10,6,22,22,22,22,22,0,-8.2,3.3,57,0.0,109.8,7,10,1,0.0,1.5,6,False,False,22.0
2021-01-10,7,21,23,26,25,24,0,-7.6,2.7,54,0.0,109.8,7,10,1,0.0,1.5,7,False,False,23.75
2021-01-10,8,142,157,156,165,155,0,-7.1,2.7,54,0.0,109.8,7,10,1,0.0,1.5,8,False,False,155.0
2021-01-10,9,24,22,22,22,23,0,-5.9,2.8,49,0.0,109.8,7,10,1,0.0,1.0,9,False,False,22.5
2021-01-10,10,134,169,177,175,164,0,-3.4,2.0,42,0.0,109.8,7,10,1,0.0,1.0,10,False,False,163.75
2021-01-10,11,161,149,168,165,161,0,-1.5,3.5,33,0.0,109.8,7,10,1,0.0,1.0,11,False,False,160.75
2021-01-10,12,22,22,22,22,22,0,0.9,2.4,32,0.0,109.8,7,10,1,0.0,1.0,12,False,False,22.0
2021-01-10,13,22,22,22,22,22,0,0.8,3.9,32,0.0,109.8,7,10,1,0.0,1.0,13,False,False,22.0
2021-01-10,14,153,162,169,165,162,0,1.5,3.6,30,0.0,109.8,7,10,1,0.0,1.0,14,False,False,162.25
2021-01-10,15,22,22,22,22,22,0,1.8,3.0,31,0.0,109.8,7,10,1,0.0,1.0,15,False,False,22.0
2021-01-10,16,24,22,23,22,23,0,1.3,3.4,33,0.0,109.8,7,10,1,0.0,1.0,16,False,False,22.75
2021-01-10,17,22,22,22,25,23,0,0.3,2.5,35,0.0,109.8,7,10,1,0.0,1.0,17,False,False,22.75
2021-01-10,18,122,123,123,121,122,0,-0.5,1.9,37,0.0,109.8,7,10,1,0.0,1.5,18,False,False,122.25
2021-01-10,19,22,22,22,22,22,0,-1.2,2.2,39,0.0,109.8,7,10,1,0.0,1.5,19,False,False,22.0
2021-01-10,20,22,22,22,22,22,0,-2.1,2.3,42,0.0,109.8,7,10,1,0.0,1.5,20,False,False,22.0
2021-01-10,21,141,132,128,115,129,0,-2.4,2.5,43,0.0,109.8,7,10,1,0.0,1.5,21,False,False,129.0
2021-01-10,22,108,124,122,116,118,0,-3.3,1.9,46,0.0,109.8,7,10,1,0.0,1.5,22,False,False,117.5
2021-01-10,23,115,113,103,88,105,0,-3.3,2.1,45,0.0,109.8,7,10,1,0.0,1.5,23,False,False,104.75
2021-01-11,0,72,70,69,68,70,0,-4.3,1.5,50,0.0,109.8,1,11,1,0.0,1.5,0,False,False,69.75
2021-01-11,1,100,103,112,113,107,0,-4.2,2.4,53,0.0,109.8,1,11,1,0.0,1.5,1,False,False,107.0
2021-01-11,2,106,95,105,111,104,0,-4.2,2.7,55,0.0,109.8,1,11,1,0.0,1.5,2,False,False,104.25
2021-01-11,3,98,107,103,96,101,0,-3.9,2.0,54,0.0,109.8,1,11,1,0.0,1.5,3,False,False,101.0
2021-01-11,4,113,114,110,108,111,0,-4.0,2.4,57,0.0,109.8,1,11,1,0.0,1.5,4,False,False,111.25
2021-01-11,5,83,76,97,103,90,0,-4.8,2.4,58,0.0,109.8,1,11,1,0.0,1.5,5,False,False,89.75
2021-01-11,6,107,107,107,100,105,0,-4.6,2.5,58,0.0,109.8,1,11,1,0.0,1.5,6,False,False,105.25
2021-01-11,7,113,127,149,143,133,0,-4.1,2.5,61,0.0,109.8,1,11,1,0.0,1.5,7,False,False,133.0
2021-01-11,8,155,175,171,169,168,299,-3.8,2.7,62,0.0,109.8,1,11,1,0.446268657,1.5,8,False,False,167.5
2021-01-11,9,172,157,168,175,168,710,-3.0,2.2,59,0.0,109.8,1,11,1,1.056547619,1.0,9,False,False,168.0
2021-01-11,10,127,165,168,164,156,661,-1.3,1.7,54,0.0,109.8,1,11,1,1.059294872,1.0,10,False,False,156.0
2021-01-11,11,174,165,168,164,168,864,0.4,1.4,48,0.0,109.8,1,11,1,1.287630402,1.0,11,False,False,167.75
2021-01-11,12,108,93,93,122,104,368,1.7,1.3,46,0.0,109.8,1,11,1,0.884615385,1.0,12,False,False,104.0
2021-01-11,13,160,149,155,150,154,626,1.7,1.2,46,0.0,109.8,1,11,1,1.019543974,1.0,13,False,False,153.5
2021-01-11,14,160,157,160,157,159,2202,2.2,0.6,47,0.0,109.8,1,11,1,3.47318612,1.0,14,False,False,158.5
2021-01-11,15,126,159,160,153,150,601,3.0,1.1,45,0.0,109.8,1,11,1,1.005016722,1.0,15,False,False,149.5
2021-01-11,16,153,151,163,160,157,1308,2.8,1.5,46,0.0,109.8,1,11,1,2.086124402,1.0,16,False,False,156.75
2021-01-11,17,119,107,158,159,136,683,2.8,1.5,50,0.0,109.8,1,11,1,1.257826888,1.0,17,False,False,135.75
2021-01-11,18,152,143,145,139,145,985,1.9,2.5,55,0.0,109.8,1,11,1,1.701208981,1.5,18,False,False,144.75
2021-01-11,19,142,135,142,125,136,1266,-0.2,3.0,54,0.0,109.8,1,11,1,2.327205882,1.5,19,False,False,136.0
2021-01-11,20,113,120,130,120,121,608,-0.7,1.5,56,0.0,109.8,1,11,1,1.258799172,1.5,20,False,False,120.75
2021-01-11,21,116,106,111,104,109,26,-1.2,0.0,58,0.0,109.8,1,11,1,0.059496568,1.5,21,False,False,109.25
2021-01-11,22,92,105,110,109,104,48,-1.1,1.5,59,0.0,109.8,1,11,1,0.115384615,1.5,22,False,False,104.0
2021-01-11,23,101,110,105,83,100,12,-1.3,2.0,56,0.0,109.8,1,11,1,0.030075188,1.5,23,False,False,99.75
2021-01-12,0,22,22,26,26,24,0,-2.5,1.5,58,0.0,109.8,2,12,1,0.0,1.5,0,False,False,24.0
2021-01-12,1,21,21,21,22,21,0,-2.6,2.8,58,0.0,109.8,2,12,1,0.0,1.5,1,False,False,21.25
2021-01-12,2,21,21,21,22,21,0,-3.1,1.8,59,0.0,109.8,2,12,1,0.0,1.5,2,False,False,21.25
2021-01-12,3,22,22,22,24,23,0,-3.4,1.9,58,0.0,109.8,2,12,1,0.0,1.5,3,False,False,22.5
2021-01-12,4,26,24,22,21,23,0,-3.2,2.2,56,0.0,109.8,2,12,1,0.0,1.5,4,False,False,23.25
2021-01-12,5,21,21,21,22,21,0,-3.6,2.5,57,0.0,109.8,2,12,1,0.0,1.5,5,False,False,21.25
2021-01-12,6,22,21,21,21,21,0,-3.7,2.2,58,0.0,109.8,2,12,1,0.0,1.5,6,False,False,21.25
2021-01-12,7,21,26,26,22,24,0,-4.9,1.2,64,0.0,109.8,2,12,1,0.0,1.5,7,False,False,23.75
2021-01-12,8,21,21,21,21,21,0,-3.9,1.6,63,0.0,109.8,2,12,1,0.0,1.5,8,False,False,21.0
2021-01-12,9,21,21,21,21,21,0,-2.0,1.6,58,0.0,109.8,2,12,1,0.0,1.0,9,False,False,21.0
2021-01-12,10,21,21,22,26,23,0,-0.3,1.5,53,0.0,109.8,2,12,1,0.0,1.0,10,False,False,22.5
2021-01-12,11,25,21,21,21,22,0,1.2,2.1,48,0.0,109.8,2,12,1,0.0,1.0,11,False,False,22.0
2021-01-12,12,21,21,21,21,21,0,3.1,2.6,42,0.0,109.8,2,12,1,0.0,1.0,12,False,False,21.0
2021-01-12,13,21,21,21,21,21,0,4.0,2.0,38,0.0,109.8,2,12,1,0.0,1.0,13,False,False,21.0
2021-01-12,14,24,25,21,21,23,0,4.8,3.1,32,0.0,109.8,2,12,1,0.0,1.0,14,False,False,22.75
2021-01-12,15,21,21,21,21,21,0,5.1,2.2,33,0.0,109.8,2,12,1,0.0,1.0,15,False,False,21.0
2021-01-12,16,21,21,21,21,21,0,4.4,2.8,35,0.0,109.8,2,12,1,0.0,1.0,16,False,False,21.0
2021-01-12,17,24,26,22,21,23,0,3.2,1.9,38,0.0,109.8,2,12,1,0.0,1.0,17,False,False,23.25
2021-01-12,18,21,21,21,21,21,0,1.7,1.4,41,0.0,109.8,2,12,1,0.0,1.5,18,False,False,21.0
2021-01-12,19,21,21,21,21,21,0,1.2,1.7,45,0.0,109.8,2,12,1,0.0,1.5,19,False,False,21.0
2021-01-12,20,22,26,24,21,23,0,1.1,2.4,46,0.0,109.8,2,12,1,0.0,1.5,20,False,False,23.25
2021-01-12,21,21,21,21,22,21,0,0.7,2.0,47,0.0,109.8,2,12,1,0.0,1.5,21,False,False,21.25
2021-01-12,22,21,21,21,21,21,0,1.7,3.3,47,0.0,109.8,2,12,1,0.0,1.5,22,False,False,21.0
2021-01-12,23,21,24,26,25,24,0,1.6,3.2,49,0.0,109.8,2,12,1,0.0,1.5,23,False,False,24.0
2021-01-13,0,22,22,26,26,24,0,-0.4,0.5,56,0.0,109.8,3,13,1,0.0,1.5,0,False,False,24.0
2021-01-13,1,21,21,21,22,21,0,0.0,1.2,58,0.0,109.8,3,13,1,0.0,1.5,1,False,False,21.25
2021-01-13,2,21,21,21,22,21,0,-0.9,0.0,60,0.0,109.8,3,13,1,0.0,1.5,2,False,False,21.25
2021-01-13,3,22,22,22,24,23,0,-1.5,0.2,64,0.0,109.8,3,13,1,0.0,1.5,3,False,False,22.5
2021-01-13,4,26,24,22,21,23,0,-1.5,0.3,68,0.0,109.8,3,13,1,0.0,1.5,4,False,False,23.25
2021-01-13,5,21,21,21,22,21,0,-1.8,0.2,70,0.0,109.8,3,13,1,0.0,1.5,5,False,False,21.25
2021-01-13,6,22,21,21,21,21,0,0.5,1.8,64,0.0,109.8,3,13,1,0.0,1.5,6,False,False,21.25
2021-01-13,7,21,26,26,22,24,0,-2.8,0.9,77,0.0,109.8,3,13,1,0.0,1.5,7,False,False,23.75
2021-01-13,8,21,21,21,21,21,0,-0.1,1.6,67,0.0,109.8,3,13,1,0.0,1.5,8,False,False,21.0
2021-01-13,9,21,21,21,21,21,0,1.3,0.9,69,0.0,109.8,3,13,1,0.0,1.0,9,False,False,21.0
2021-01-13,10,21,21,22,26,23,0,4.6,0.3,52,0.0,109.8,3,13,1,0.0,1.0,10,False,False,22.5
2021-01-13,11,25,21,21,21,22,0,6.3,1.3,47,0.0,109.8,3,13,1,0.0,1.0,11,False,False,22.0
2021-01-13,12,21,21,21,21,21,0,9.8,3.6,41,0.0,109.8,3,13,1,0.0,1.0,12,False,False,21.0
2021-01-13,13,21,21,21,21,21,0,10.5,4.6,38,0.0,109.8,3,13,1,0.0,1.0,13,False,False,21.0
2021-01-13,14,24,25,21,21,23,0,10.8,5.2,32,0.0,109.8,3,13,1,0.0,1.0,14,False,False,22.75
2021-01-13,15,21,21,21,21,21,0,11.2,5.0,31,0.0,109.8,3,13,1,0.0,1.0,15,False,False,21.0
2021-01-13,16,21,21,21,21,21,0,11.1,4.0,34,0.0,109.8,3,13,1,0.0,1.0,16,False,False,21.0
2021-01-13,17,24,26,22,21,23,0,10.3,4.1,41,0.0,109.8,3,13,1,0.0,1.0,17,False,False,23.25
2021-01-13,18,21,21,21,21,21,0,9.4,3.6,45,0.0,109.8,3,13,1,0.0,1.5,18,False,False,21.0
2021-01-13,19,21,21,21,21,21,0,9.1,3.5,47,0.0,109.8,3,13,1,0.0,1.5,19,False,False,21.0
2021-01-13,20,22,26,24,21,23,0,8.8,3.2,50,0.0,109.8,3,13,1,0.0,1.5,20,False,False,23.25
2021-01-13,21,21,21,21,22,21,0,8.8,2.8,52,0.0,109.8,3,13,1,0.0,1.5,21,False,False,21.25
2021-01-13,22,21,21,21,21,21,0,8.3,1.6,56,0.0,109.8,3,13,1,0.0,1.5,22,False,False,21.0
2021-01-13,23,21,24,26,25,24,0,7.4,1.7,55,0.0,109.8,3,13,1,0.0,1.5,23,False,False,24.0
2021-01-14,0,22,22,22,22,22,0,7.6,2.7,57,0.0,109.8,4,14,1,0.0,1.5,0,False,False,22.0
2021-01-14,1,22,23,22,22,22,14,7.0,1.1,55,0.0,109.8,4,14,1,0.157303371,1.5,1,False,False,22.25
2021-01-14,2,22,27,26,22,24,8,7.1,1.9,55,0.0,109.8,4,14,1,0.082474227,1.5,2,False,False,24.25
2021-01-14,3,22,22,22,22,22,97,4.6,0.9,66,0.0,109.8,4,14,1,1.102272727,1.5,3,False,False,22.0
2021-01-14,4,22,24,23,22,23,16,4.7,1.5,69,0.0,109.8,4,14,1,0.175824176,1.5,4,False,False,22.75
2021-01-14,5,22,22,23,27,24,0,2.6,0.7,74,0.0,109.8,4,14,1,0.0,1.5,5,False,False,23.5
2021-01-14,6,25,22,22,22,23,62,3.1,1.5,76,0.0,109.8,4,14,1,0.681318681,1.5,6,False,False,22.75
2021-01-14,7,26,38,71,112,62,280,2.1,1.4,82,0.0,109.8,4,14,1,1.133603239,1.5,7,False,False,61.75
2021-01-14,8,154,175,197,204,183,844,0.3,0.1,79,0.0,109.8,4,14,1,1.156164384,1.5,8,False,False,182.5
2021-01-14,9,185,178,170,180,178,1104,5.9,2.7,63,0.0,109.8,4,14,1,1.548387097,1.0,9,False,False,178.25
2021-01-14,10,157,180,180,167,171,498,7.2,1.9,57,0.0,109.8,4,14,1,0.728070175,1.0,10,False,False,171.0
2021-01-14,11,173,190,187,175,181,1465,9.0,2.9,41,0.0,109.8,4,14,1,2.020689655,1.0,11,False,False,181.25
2021-01-14,12,123,104,108,140,119,6345,10.1,3.2,32,0.0,109.8,4,14,1,13.35789474,1.0,12,False,False,118.75
2021-01-14,13,175,187,192,188,186,898,12.7,1.4,16,0.0,109.8,4,14,1,1.210242588,1.0,13,False,False,185.5
2021-01-14,14,185,174,172,176,177,535,12.7,1.7,16,0.0,109.8,4,14,1,0.756718529,1.0,14,False,False,176.75
2021-01-14,15,148,181,190,192,178,550,12.3,2.1,28,0.0,109.8,4,14,1,0.773558368,1.0,15,False,False,177.75
2021-01-14,16,180,168,169,168,171,1064,11.2,2.8,32,0.0,109.8,4,14,1,1.553284672,1.0,16,False,False,171.25
2021-01-14,17,130,117,159,179,146,249,9.6,2.0,41,0.0,109.8,4,14,1,0.425641026,1.0,17,False,False,146.25
2021-01-14,18,182,182,169,158,173,1016,7.9,0.4,51,0.0,109.8,4,14,1,1.470332851,1.5,18,False,False,172.75
2021-01-14,19,164,158,157,122,150,2446,7.3,0.9,59,0.0,109.8,4,14,1,4.069883527,1.5,19,False,False,150.25
2021-01-14,20,109,121,121,126,119,9,7.0,0.3,65,0.0,109.8,4,14,1,0.018867925,1.5,20,False,False,119.25
2021-01-14,21,120,122,125,125,123,8,5.9,1.1,69,0.0,109.8,4,14,1,0.016260163,1.5,21,False,False,123.0
2021-01-14,22,100,108,109,129,112,53,4.9,0.8,75,0.0,109.8,4,14,1,0.118834081,1.5,22,False,False,111.5
2021-01-14,23,118,113,106,90,107,0,4.2,0.2,76,0.0,109.8,4,14,1,0.0,1.5,23,False,False,106.75
2021-01-15,0,83,77,72,72,76,0,4.6,1.3,74,0.0,109.8,5,15,1,0.0,1.5,0,False,False,76.0
2021-01-15,1,100,110,115,116,110,91,3.7,0.3,80,0.0,109.8,5,15,1,0.206349206,1.5,1,False,False,110.25
2021-01-15,2,114,117,121,117,117,70,5.0,1.7,72,0.0,109.8,5,15,1,0.149253731,1.5,2,False,False,117.25
2021-01-15,3,104,119,117,123,116,0,5.2,2.0,77,0.0,109.8,5,15,1,0.0,1.5,3,False,False,115.75
2021-01-15,4,122,111,100,106,110,98,4.1,0.1,78,0.0,109.8,5,15,1,0.223234624,1.5,4,False,False,109.75
2021-01-15,5,94,87,96,112,97,0,3.6,0.3,85,0.0,109.8,5,15,1,0.0,1.5,5,False,False,97.25
2021-01-15,6,121,118,117,117,118,54,5.2,0.4,85,0.0,109.8,5,15,1,0.114164905,1.5,6,False,False,118.25
2021-01-15,7,116,119,144,150,132,457,3.4,0.2,91,0.0,109.8,5,15,1,0.86389414,1.5,7,False,False,132.25
2021-01-15,8,176,196,198,181,188,560,3.4,0.3,93,0.0,109.8,5,15,1,0.745672437,1.5,8,False,False,187.75
2021-01-15,9,184,195,176,188,186,624,5.9,0.3,83,0.0,109.8,5,15,1,0.839838493,1.0,9,False,False,185.75
2021-01-15,10,138,174,181,164,164,1090,11.7,3.1,70,0.0,109.8,5,15,1,1.659056317,1.0,10,False,False,164.25
2021-01-15,11,162,180,167,184,173,908,14.6,5.2,61,0.0,109.8,5,15,1,1.31024531,1.0,11,False,False,173.25
2021-01-15,12,128,105,92,122,112,1763,14.5,4.1,60,0.0,109.8,5,15,1,3.944071588,1.0,12,False,False,111.75
2021-01-15,13,168,177,170,170,171,946,15.9,4.9,54,0.0,109.8,5,15,1,1.381021898,1.0,13,False,False,171.25
2021-01-15,14,182,181,173,172,177,2022,15.3,3.4,54,0.0,109.8,5,15,1,2.855932203,1.0,14,False,False,177.0
2021-01-15,15,137,168,171,176,163,614,16.0,3.2,50,0.0,109.8,5,15,1,0.941717791,1.0,15,False,False,163.0
2021-01-15,16,166,172,181,160,170,1324,16.0,4.7,46,0.0,109.8,5,15,1,1.949926362,1.0,16,False,False,169.75
2021-01-15,17,118,108,149,159,134,95,15.3,4.8,49,0.0,109.8,5,15,1,0.177902622,1.0,17,False,False,133.5
2021-01-15,18,161,161,153,170,161,1019,14.0,3.3,54,0.0,109.8,5,15,1,1.579844961,1.5,18,False,False,161.25
2021-01-15,19,162,159,154,147,156,2553,13.4,3.9,61,0.0,109.8,5,15,1,4.104501608,1.5,19,False,False,155.5
2021-01-15,20,133,131,127,120,128,3,13.2,4.0,64,0.0,109.8,5,15,1,0.005870841,1.5,20,False,False,127.75
2021-01-15,21,124,131,129,124,127,31,12.6,2.2,66,0.0,109.8,5,15,1,0.061023622,1.5,21,False,False,127.0
2021-01-15,22,108,111,116,123,115,17,12.5,1.6,67,0.0,109.8,5,15,1,0.037117904,1.5,22,False,False,114.5
2021-01-15,23,116,120,110,85,108,6,12.4,0.4,67,0.0,109.8,5,15,1,0.013921114,1.5,23,False,False,107.75
2021-01-16,0,63,63,64,63,63,0,13.2,2.4,63,0.0,109.8,6,16,1,0.0,1.5,0,False,False,63.25
2021-01-16,1,96,93,116,113,105,0,10.5,3.7,67,0.0,109.8,6,16,1,0.0,1.5,1,False,False,104.5
2021-01-16,2,106,96,106,107,104,118,8.3,0.8,69,0.0,109.8,6,16,1,0.284337349,1.5,2,False,False,103.75
2021-01-16,3,106,113,114,113,112,0,7.4,3.5,64,0.0,109.8,6,16,1,0.0,1.5,3,False,False,111.5
2021-01-16,4,108,105,106,108,107,60,6.7,3.3,51,0.0,109.8,6,16,1,0.140515222,1.5,4,False,False,106.75
2021-01-16,5,89,83,99,98,92,35,5.5,2.6,43,0.0,109.8,6,16,1,0.094850949,1.5,5,False,False,92.25
2021-01-16,6,114,119,121,105,115,62,4.2,3.1,45,0.0,109.8,6,16,1,0.135076253,1.5,6,False,False,114.75
2021-01-16,7,92,75,48,29,61,424,3.0,2.4,52,0.0,109.8,6,16,1,1.737704918,1.5,7,False,False,61.0
2021-01-16,8,170,185,180,173,177,0,2.3,2.9,58,0.0,109.8,6,16,1,0.0,1.5,8,False,False,177.0
2021-01-16,9,22,22,22,22,22,0,2.5,3.1,61,0.0,109.8,6,16,1,0.0,1.0,9,False,False,22.0
2021-01-16,10,22,22,22,22,22,0,3.4,3.6,56,0.0,109.8,6,16,1,0.0,1.0,10,False,False,22.0
2021-01-16,11,22,23,28,27,25,0,4.8,3.0,47,0.0,109.8,6,16,1,0.0,1.0,11,False,False,25.0
2021-01-16,12,22,23,22,22,22,0,5.2,2.9,44,0.0,109.8,6,16,1,0.0,1.0,12,False,False,22.25
2021-01-16,13,22,23,22,22,22,0,6.3,3.2,28,0.0,109.8,6,16,1,0.0,1.0,13,False,False,22.25
2021-01-16,14,167,169,172,174,171,0,6.3,3.9,28,0.0,109.8,6,16,1,0.0,1.0,14,False,False,170.5
2021-01-16,15,138,177,180,157,163,0,6.6,3.7,24,0.0,109.8,6,16,1,0.0,1.0,15,False,False,163.0
2021-01-16,16,23,23,22,23,23,0,6.0,3.7,20,0.0,109.8,6,16,1,0.0,1.0,16,False,False,22.75
2021-01-16,17,22,22,22,23,22,0,4.8,2.9,23,0.0,109.8,6,16,1,0.0,1.0,17,False,False,22.25
2021-01-16,18,177,169,163,162,168,0,2.4,2.8,32,0.0,109.8,6,16,1,0.0,1.5,18,False,False,167.75
2021-01-16,19,152,145,142,117,139,0,1.7,2.6,28,0.0,109.8,6,16,1,0.0,1.5,19,False,False,139.0
2021-01-16,20,22,22,22,22,22,0,1.0,4.6,29,0.0,109.8,6,16,1,0.0,1.5,20,False,False,22.0
2021-01-16,21,23,22,22,27,24,0,0.2,2.6,33,0.0,109.8,6,16,1,0.0,1.5,21,False,False,23.5
2021-01-16,22,26,22,22,22,23,0,-0.4,1.8,35,0.0,109.8,6,16,1,0.0,1.5,22,False,False,23.0
2021-01-16,23,107,119,111,85,106,0,-0.6,4.3,37,0.0,109.8,6,16,1,0.0,1.5,23,False,False,105.5
2021-01-17,0,72,72,72,71,72,0,-0.9,4.4,34,0.0,109.8,7,17,1,0.0,1.5,0,False,False,71.75
2021-01-17,1,96,104,108,118,107,0,-1.1,4.6,31,0.0,109.8,7,17,1,0.0,1.5,1,False,False,106.5
2021-01-17,2,115,117,107,110,112,0,-2.0,6.6,39,0.0,109.8,7,17,1,0.0,1.5,2,False,False,112.25
2021-01-17,3,112,118,120,115,116,0,-2.3,6.0,38,0.0,109.8,7,17,1,0.0,1.5,3,False,False,116.25
2021-01-17,4,111,110,114,115,113,0,-2.7,7.0,40,0.0,109.8,7,17,1,0.0,1.5,4,False,False,112.5
2021-01-17,5,98,83,96,112,97,0,-3.1,6.8,43,0.0,109.8,7,17,1,0.0,1.5,5,False,False,97.25
2021-01-17,6,118,116,126,122,121,0,-3.2,7.3,37,0.0,109.8,7,17,1,0.0,1.5,6,False,False,120.5
2021-01-17,7,120,124,162,158,141,0,-3.5,7.6,32,0.0,109.8,7,17,1,0.0,1.5,7,False,False,141.0
2021-01-17,8,178,193,197,193,190,0,-4.1,5.1,29,0.0,109.8,7,17,1,0.0,1.5,8,False,False,190.25
2021-01-17,9,188,180,173,179,180,0,-3.7,5.0,31,0.0,109.8,7,17,1,0.0,1.0,9,False,False,180.0
2021-01-17,10,142,170,177,175,166,0,-2.7,4.8,28,0.0,109.8,7,17,1,0.0,1.0,10,False,False,166.0
2021-01-17,11,188,190,177,177,183,0,-1.0,4.2,24,0.0,109.8,7,17,1,0.0,1.0,11,False,False,183.0
2021-01-17,12,116,88,85,123,103,0,0.1,4.8,21,0.0,109.8,7,17,1,0.0,1.0,12,False,False,103.0
2021-01-17,13,169,188,192,182,183,0,0.5,5.0,19,0.0,109.8,7,17,1,0.0,1.0,13,False,False,182.75
2021-01-17,14,171,179,176,189,179,0,0.8,4.2,17,0.0,109.8,7,17,1,0.0,1.0,14,False,False,178.75
2021-01-17,15,147,179,179,174,170,0,1.1,3.0,18,0.0,109.8,7,17,1,0.0,1.0,15,False,False,169.75
2021-01-17,16,166,164,170,174,169,24,1.3,2.5,19,0.0,109.8,7,17,1,0.035608309,1.0,16,False,False,168.5
2021-01-17,17,132,118,144,158,138,0,0.2,3.0,21,0.0,109.8,7,17,1,0.0,1.0,17,False,False,138.0
2021-01-17,18,171,166,177,167,170,0,-0.7,1.8,26,0.0,109.8,7,17,1,0.0,1.5,18,False,False,170.25
2021-01-17,19,160,160,169,147,159,0,-1.4,1.7,29,0.0,109.8,7,17,1,0.0,1.5,19,False,False,159.0
2021-01-17,20,133,143,143,135,139,0,-2.1,1.7,31,0.0,109.8,7,17,1,0.0,1.5,20,False,False,138.5
2021-01-17,21,125,134,125,123,127,0,-1.9,1.8,31,0.0,109.8,7,17,1,0.0,1.5,21,False,False,126.75
2021-01-17,22,119,128,126,127,125,0,-2.0,2.7,30,0.0,109.8,7,17,1,0.0,1.5,22,False,False,125.0
2021-01-17,23,125,120,105,94,111,0,-2.3,3.4,32,0.0,109.8,7,17,1,0.0,1.5,23,False,False,111.0
2021-01-18,0,90,82,75,73,80,0,-3.2,1.3,37,0.0,109.8,1,18,1,0.0,1.5,0,False,False,80.0
2021-01-18,1,98,117,117,115,112,0,-2.5,1.7,43,0.0,109.8,1,18,1,0.0,1.5,1,False,False,111.75
2021-01-18,2,117,121,117,105,115,0,-2.4,1.4,51,0.0,109.8,1,18,1,0.0,1.5,2,False,False,115.0
2021-01-18,3,101,118,126,111,114,0,-2.9,1.4,50,0.0,109.8,1,18,1,0.0,1.5,3,False,False,114.0
2021-01-18,4,104,110,117,115,112,0,-2.9,2.2,54,0.0,109.8,1,18,1,0.0,1.5,4,False,False,111.5
2021-01-18,5,96,90,100,120,102,0,-1.5,3.1,52,0.0,109.8,1,18,1,0.0,1.5,5,False,False,101.5
2021-01-18,6,123,122,123,114,121,0,-2.5,1.0,56,0.0,109.8,1,18,1,0.0,1.5,6,False,False,120.5
2021-01-18,7,112,125,138,157,133,0,-2.2,3.1,58,0.0,109.8,1,18,1,0.0,1.5,7,False,False,133.0
2021-01-18,8,166,153,150,177,162,592,-3.7,0.8,64,0.0,109.8,1,18,1,0.916408669,1.5,8,False,False,161.5
2021-01-18,9,168,162,166,186,171,622,-1.0,0.4,57,0.0,109.8,1,18,1,0.91202346,1.0,9,False,False,170.5
2021-01-18,10,156,179,168,156,165,3127,1.5,1.0,53,0.0,109.8,1,18,1,4.745068285,1.0,10,False,False,164.75
2021-01-18,11,165,185,182,177,177,1300,3.2,2.1,57,0.0,109.8,1,18,1,1.833568406,1.0,11,False,False,177.25
2021-01-18,12,104,88,90,124,102,60,4.3,3.7,56,0.0,109.8,1,18,1,0.147783251,1.0,12,False,False,101.5
2021-01-18,13,170,180,176,171,174,902,4.4,3.5,57,0.0,109.8,1,18,1,1.294117647,1.0,13,False,False,174.25
2021-01-18,14,170,166,153,165,164,854,4.4,4.7,52,0.0,109.8,1,18,1,1.305810398,1.0,14,False,False,163.5
2021-01-18,15,130,170,168,154,156,1424,5.5,3.6,43,0.0,109.8,1,18,1,2.289389068,1.0,15,False,False,155.5
2021-01-18,16,156,161,174,156,162,1378,4.6,3.7,43,0.0,109.8,1,18,1,2.129829985,1.0,16,False,False,161.75
2021-01-18,17,140,133,153,164,148,816,4.6,3.7,44,0.0,109.8,1,18,1,1.383050847,1.0,17,False,False,147.5
2021-01-18,18,154,146,150,151,150,1268,3.5,3.2,53,0.0,109.8,1,18,1,2.109816972,1.5,18,False,False,150.25
2021-01-18,19,139,138,142,131,138,2095,3.3,1.6,51,0.0,109.8,1,18,1,3.809090909,1.5,19,False,False,137.5
2021-01-18,20,119,124,114,112,117,158,2.7,4.3,52,0.0,109.8,1,18,1,0.336886994,1.5,20,False,False,117.25
2021-01-18,21,108,115,110,121,114,163,1.1,3.0,51,0.0,109.8,1,18,1,0.359030837,1.5,21,False,False,113.5
2021-01-18,22,117,115,116,108,114,62,-0.1,2.5,45,0.0,109.8,1,18,1,0.135964912,1.5,22,False,False,114.0
2021-01-18,23,116,120,109,80,106,324,-0.9,2.5,40,0.0,109.8,1,18,1,0.762352941,1.5,23,False,False,106.25
2021-01-19,0,22,22,26,26,24,0,-2.3,3.0,41,0.0,109.8,2,19,1,0.0,1.5,0,False,False,24.0
2021-01-19,1,21,21,21,22,21,0,-3.0,3.4,35,0.0,109.8,2,19,1,0.0,1.5,1,False,False,21.25
2021-01-19,2,21,21,21,22,21,0,-3.6,1.9,38,0.0,109.8,2,19,1,0.0,1.5,2,False,False,21.25
2021-01-19,3,22,22,22,24,23,0,-4.2,2.2,39,0.0,109.8,2,19,1,0.0,1.5,3,False,False,22.5
2021-01-19,4,26,24,22,21,23,0,-4.6,3.1,44,0.0,109.8,2,19,1,0.0,1.5,4,False,False,23.25
2021-01-19,5,21,21,21,22,21,0,-5.3,2.3,48,0.0,109.8,2,19,1,0.0,1.5,5,False,False,21.25
2021-01-19,6,22,21,21,21,21,0,-5.7,2.2,52,0.0,109.8,2,19,1,0.0,1.5,6,False,False,21.25
2021-01-19,7,21,26,26,22,24,0,-6.0,2.1,53,0.0,109.8,2,19,1,0.0,1.5,7,False,False,23.75
2021-01-19,8,21,21,21,21,21,0,-5.9,1.7,55,0.0,109.8,2,19,1,0.0,1.5,8,False,False,21.0
2021-01-19,9,21,21,21,21,21,0,-4.7,3.1,51,0.0,109.8,2,19,1,0.0,1.0,9,False,False,21.0
2021-01-19,10,21,21,22,26,23,0,-3.1,2.1,43,0.0,109.8,2,19,1,0.0,1.0,10,False,False,22.5
2021-01-19,11,25,21,21,21,22,0,-1.3,3.0,30,0.0,109.8,2,19,1,0.0,1.0,11,False,False,22.0
2021-01-19,12,21,21,21,21,21,0,0.2,2.2,25,0.0,109.8,2,19,1,0.0,1.0,12,False,False,21.0
2021-01-19,13,21,21,21,21,21,0,2.0,2.5,19,0.0,109.8,2,19,1,0.0,1.0,13,False,False,21.0
2021-01-19,14,24,25,21,21,23,0,2.9,2.3,13,0.0,109.8,2,19,1,0.0,1.0,14,False,False,22.75
2021-01-19,15,21,21,21,21,21,0,2.8,1.9,8,0.0,109.8,2,19,1,0.0,1.0,15,False,False,21.0
2021-01-19,16,21,21,21,21,21,0,3.2,1.7,23,0.0,109.8,2,19,1,0.0,1.0,16,False,False,21.0
2021-01-19,17,24,26,22,21,23,0,1.9,3.0,39,0.0,109.8,2,19,1,0.0,1.0,17,False,False,23.25
2021-01-19,18,21,21,21,21,21,0,0.7,0.8,44,0.0,109.8,2,19,1,0.0,1.5,18,False,False,21.0
2021-01-19,19,21,21,21,21,21,0,0.3,1.3,43,0.0,109.8,2,19,1,0.0,1.5,19,False,False,21.0
2021-01-19,20,22,26,24,21,23,0,-0.3,1.9,44,0.0,109.8,2,19,1,0.0,1.5,20,False,False,23.25
2021-01-19,21,21,21,21,22,21,0,-1.9,0.3,44,0.0,109.8,2,19,1,0.0,1.5,21,False,False,21.25
2021-01-19,22,21,21,21,21,21,0,-1.3,1.1,38,0.0,109.8,2,19,1,0.0,1.5,22,False,False,21.0
2021-01-19,23,21,24,26,25,24,0,-2.1,1.7,37,0.0,109.8,2,19,1,0.0,1.5,23,False,False,24.0
2021-01-20,0,22,22,26,26,24,0,-2.4,1.5,35,0.0,109.8,3,20,1,0.0,1.5,0,False,False,24.0
2021-01-20,1,21,21,21,22,21,0,-2.2,1.3,35,0.0,109.8,3,20,1,0.0,1.5,1,False,False,21.25
2021-01-20,2,21,21,21,22,21,0,-2.3,1.3,36,0.0,109.8,3,20,1,0.0,1.5,2,False,False,21.25
2021-01-20,3,22,22,22,24,23,0,-2.6,1.0,38,0.0,109.8,3,20,1,0.0,1.5,3,False,False,22.5
2021-01-20,4,26,24,22,21,23,0,-2.4,1.2,39,0.0,109.8,3,20,1,0.0,1.5,4,False,False,23.25
2021-01-20,5,21,21,21,22,21,0,-3.2,0.9,46,0.0,109.8,3,20,1,0.0,1.5,5,False,False,21.25
2021-01-20,6,22,21,21,21,21,0,-2.6,1.7,41,0.0,109.8,3,20,1,0.0,1.5,6,False,False,21.25
2021-01-20,7,21,26,26,22,24,0,-2.9,0.9,39,0.0,109.8,3,20,1,0.0,1.5,7,False,False,23.75
2021-01-20,8,21,21,21,21,21,0,-2.7,0.4,38,0.0,109.8,3,20,1,0.0,1.5,8,False,False,21.0
2021-01-20,9,21,21,21,21,21,0,0.8,1.1,30,0.0,109.8,3,20,1,0.0,1.0,9,False,False,21.0
2021-01-20,10,21,21,22,26,23,0,3.8,1.3,28,0.0,109.8,3,20,1,0.0,1.0,10,False,False,22.5
2021-01-20,11,25,21,21,21,22,0,6.1,0.9,25,0.0,109.8,3,20,1,0.0,1.0,11,False,False,22.0
2021-01-20,12,21,21,21,21,21,0,7.8,1.8,37,0.0,109.8,3,20,1,0.0,1.0,12,False,False,21.0
2021-01-20,13,21,21,21,21,21,0,8.7,1.7,46,0.0,109.8,3,20,1,0.0,1.0,13,False,False,21.0
2021-01-20,14,24,25,21,21,23,0,9.1,2.2,52,0.0,109.8,3,20,1,0.0,1.0,14,False,False,22.75
2021-01-20,15,21,21,21,21,21,0,9.9,2.4,52,0.0,109.8,3,20,1,0.0,1.0,15,False,False,21.0
2021-01-20,16,21,21,21,21,21,0,9.1,2.8,57,0.0,109.8,3,20,1,0.0,1.0,16,False,False,21.0
2021-01-20,17,24,26,22,21,23,0,8.2,2.4,65,0.0,109.8,3,20,1,0.0,1.0,17,False,False,23.25
2021-01-20,18,21,21,21,21,21,0,6.9,1.7,69,0.0,109.8,3,20,1,0.0,1.5,18,False,False,21.0
2021-01-20,19,21,21,21,21,21,0,6.5,1.6,73,0.0,109.8,3,20,1,0.0,1.5,19,False,False,21.0
2021-01-20,20,22,26,24,21,23,0,5.8,1.2,77,0.0,109.8,3,20,1,0.0,1.5,20,False,False,23.25
2021-01-20,21,21,21,21,22,21,0,6.0,1.1,78,0.0,109.8,3,20,1,0.0,1.5,21,False,False,21.25
2021-01-20,22,21,21,21,21,21,0,5.0,1.5,76,0.0,109.8,3,20,1,0.0,1.5,22,False,False,21.0
2021-01-20,23,21,24,26,25,24,0,2.5,0.7,89,0.0,109.8,3,20,1,0.0,1.5,23,False,False,24.0
2021-01-21,0,23,22,23,25,23,522,2.4,1.5,87,0.0,109.8,4,21,1,5.612903226,1.5,0,False,False,23.25
2021-01-21,1,28,23,22,22,24,227,1.8,0.1,91,0.0,109.8,4,21,1,2.389473684,1.5,1,False,False,23.75
2021-01-21,2,23,22,22,22,22,54,2.0,0.9,84,0.0,109.8,4,21,1,0.606741573,1.5,2,False,False,22.25
2021-01-21,3,23,22,23,22,23,99,1.3,0.8,85,0.0,109.8,4,21,1,1.1,1.5,3,False,False,22.5
2021-01-21,4,24,27,24,23,25,708,0.3,0.3,93,0.0,109.8,4,21,1,7.224489796,1.5,4,False,False,24.5
2021-01-21,5,23,22,22,22,22,57,0.2,0.9,98,0.0,109.8,4,21,1,0.640449438,1.5,5,False,False,22.25
2021-01-21,6,22,22,22,23,22,332,0.1,0.3,97,0.0,109.8,4,21,1,3.730337079,1.5,6,False,False,22.25
2021-01-21,7,29,38,62,101,58,1617,-0.5,0.7,93,0.0,109.8,4,21,1,7.030434783,1.5,7,False,False,57.5
2021-01-21,8,148,196,208,206,190,489,0.4,0.7,98,0.0,109.8,4,21,1,0.645118734,1.5,8,False,False,189.5
2021-01-21,9,192,194,184,187,189,447,4.2,0.2,80,0.0,109.8,4,21,1,0.590488771,1.0,9,False,False,189.25
2021-01-21,10,164,202,196,178,185,1884,6.3,0.8,67,0.0,109.8,4,21,1,2.545945946,1.0,10,False,False,185.0
2021-01-21,11,174,170,191,189,181,1164,9.6,1.4,60,0.0,109.8,4,21,1,1.607734807,1.0,11,False,False,181.0
2021-01-21,12,132,102,98,126,115,85,12.4,1.5,53,0.0,109.8,4,21,1,0.18558952,1.0,12,False,False,114.5
2021-01-21,13,178,190,191,199,190,1692,13.0,1.9,47,0.0,109.8,4,21,1,2.232189974,1.0,13,False,False,189.5
2021-01-21,14,178,182,201,196,189,796,12.2,3.0,58,0.0,109.8,4,21,1,1.051519155,1.0,14,False,False,189.25
2021-01-21,15,151,174,184,165,169,562,12.2,2.7,57,0.0,109.8,4,21,1,0.833827893,1.0,15,False,False,168.5
2021-01-21,16,164,154,160,162,160,900,12.7,2.0,57,0.0,109.8,4,21,1,1.40625,1.0,16,False,False,160.0
2021-01-21,17,117,109,148,162,134,350,12.0,0.5,62,0.0,109.8,4,21,1,0.652985075,1.0,17,False,False,134.0
2021-01-21,18,155,156,157,157,156,952,12.0,2.1,57,0.0,109.8,4,21,1,1.5232,1.5,18,False,False,156.25
2021-01-21,19,145,159,150,119,143,3581,11.0,1.3,64,0.1,109.8,4,21,1,6.2495637,1.5,19,False,False,143.25
2021-01-21,20,115,133,134,125,127,100,10.1,1.4,68,0.1,109.8,4,21,1,0.197238659,1.5,20,False,False,126.75
2021-01-21,21,121,122,133,131,127,63,9.6,0.1,73,0.1,109.8,4,21,1,0.124260355,1.5,21,False,False,126.75
2021-01-21,22,100,118,117,121,114,351,8.4,1.4,88,0.4,109.8,4,21,1,0.769736842,1.5,22,False,False,114.0
2021-01-21,23,124,130,113,82,112,183,7.8,1.6,98,0.6,109.8,4,21,1,0.407572383,1.5,23,False,False,112.25
2021-01-22,0,69,71,74,71,71,0,7.6,1.8,98,0.6,109.8,5,22,1,0.0,1.5,0,False,False,71.25
2021-01-22,1,93,112,109,118,108,124,7.1,0.5,98,0.0,109.8,5,22,1,0.287037037,1.5,1,False,False,108.0
2021-01-22,2,118,110,103,120,113,854,7.2,0.3,98,0.0,109.8,5,22,1,1.893569845,1.5,2,False,False,112.75
2021-01-22,3,96,123,117,116,113,108,7.6,0.5,98,0.0,109.8,5,22,1,0.238938053,1.5,3,False,False,113.0
2021-01-22,4,113,112,121,120,117,140,7.6,0.0,96,0.0,109.8,5,22,1,0.300429185,1.5,4,False,False,116.5
2021-01-22,5,86,76,100,112,94,0,7.5,0.1,98,0.0,109.8,5,22,1,0.0,1.5,5,False,False,93.5
2021-01-22,6,117,117,114,108,114,1007,7.6,0.9,98,0.2,109.8,5,22,1,2.208333333,1.5,6,False,False,114.0
2021-01-22,7,105,128,162,159,139,682,7.8,0.9,98,0.6,109.8,5,22,1,1.231046931,1.5,7,False,False,138.5
2021-01-22,8,165,167,174,178,171,120,7.7,0.2,98,1.3,109.8,5,22,1,0.175438596,1.5,8,False,False,171.0
2021-01-22,9,170,176,160,160,167,786,8.2,0.5,98,2.0,109.8,5,22,1,1.18018018,1.0,9,False,False,166.5
2021-01-22,10,140,175,189,185,172,915,8.2,1.0,98,2.2,109.8,5,22,1,1.328011611,1.0,10,False,False,172.25
2021-01-22,11,169,172,180,168,172,452,8.5,0.9,98,2.3,109.8,5,22,1,0.656023222,1.0,11,False,False,172.25
2021-01-22,12,116,104,101,122,111,286,9.2,0.7,98,2.3,109.8,5,22,1,0.645598194,1.0,12,False,False,110.75
2021-01-22,13,156,155,168,186,166,1215,9.1,1.9,98,2.3,109.8,5,22,1,1.827067669,1.0,13,False,False,166.25
2021-01-22,14,172,151,140,163,157,466,9.9,2.6,98,2.3,109.8,5,22,1,0.744408946,1.0,14,False,False,156.5
2021-01-22,15,125,171,168,161,156,3684,10.6,1.8,98,2.3,109.8,5,22,1,5.8944,1.0,15,False,False,156.25
2021-01-22,16,148,175,162,154,160,1081,10.6,0.8,94,2.3,109.8,5,22,1,1.69170579,1.0,16,False,False,159.75
2021-01-22,17,104,87,129,159,120,733,10.7,1.7,91,2.3,109.8,5,22,1,1.530271399,1.0,17,False,False,119.75
2021-01-22,18,164,150,147,149,153,658,10.7,0.7,89,2.3,109.8,5,22,1,1.078688525,1.5,18,False,False,152.5
2021-01-22,19,153,142,174,154,156,1279,11.1,2.4,87,2.3,109.8,5,22,1,2.052969502,1.5,19,False,False,155.75
2021-01-22,20,133,134,129,134,133,11,10.9,1.4,90,2.3,109.8,5,22,1,0.020754717,1.5,20,False,False,132.5
2021-01-22,21,123,128,128,123,126,171,10.8,2.1,91,2.3,109.8,5,22,1,0.34063745,1.5,21,False,False,125.5
2021-01-22,22,98,122,118,116,114,3,10.9,1.9,88,2.3,109.8,5,22,1,0.00660793,1.5,22,False,False,113.5
2021-01-22,23,131,120,114,88,113,532,10.6,1.8,91,2.3,109.8,5,22,1,1.174392936,1.5,23,False,False,113.25
2021-01-23,0,70,69,69,68,69,257,11.0,2.0,87,2.3,109.8,6,23,1,0.93115942,1.5,0,False,False,69.0
2021-01-23,1,97,105,102,106,103,477,10.6,2.9,88,0.0,109.8,6,23,1,1.163414634,1.5,1,False,False,102.5
2021-01-23,2,119,123,123,113,120,157,10.4,2.6,91,0.0,109.8,6,23,1,0.328451883,1.5,2,False,False,119.5
2021-01-23,3,92,99,108,113,103,371,10.0,3.3,94,0.0,109.8,6,23,1,0.900485437,1.5,3,False,False,103.0
2021-01-23,4,116,111,109,111,112,36,9.7,2.9,96,0.0,109.8,6,23,1,0.080536913,1.5,4,False,False,111.75
2021-01-23,5,86,72,98,125,95,894,9.6,3.3,94,0.0,109.8,6,23,1,2.346456693,1.5,5,False,False,95.25
2021-01-23,6,125,115,108,119,117,233,9.6,3.1,95,0.0,109.8,6,23,1,0.498929336,1.5,6,False,False,116.75
2021-01-23,7,120,134,158,149,140,743,9.8,3.5,92,0.0,109.8,6,23,1,1.324420677,1.5,7,False,False,140.25
2021-01-23,8,151,174,165,160,163,0,9.9,3.2,91,0.0,109.8,6,23,1,0.0,1.5,8,False,False,162.5
2021-01-23,9,162,160,161,156,160,0,9.5,2.0,98,1.3,109.8,6,23,1,0.0,1.0,9,False,False,159.75
2021-01-23,10,127,149,156,160,148,0,11.5,3.8,95,1.6,109.8,6,23,1,0.0,1.0,10,False,False,148.0
2021-01-23,11,166,152,152,153,156,12,10.7,3.8,98,5.2,109.8,6,23,1,0.019261637,1.0,11,False,False,155.75
2021-01-23,12,97,85,86,104,93,0,10.6,3.5,93,6.2,109.8,6,23,1,0.0,1.0,12,False,False,93.0
2021-01-23,13,153,149,150,161,153,0,11.0,4.2,85,6.2,109.8,6,23,1,0.0,1.0,13,False,False,153.25
2021-01-23,14,149,146,156,153,151,0,11.2,4.1,80,6.2,109.8,6,23,1,0.0,1.0,14,False,False,151.0
2021-01-23,15,132,165,161,142,150,0,11.0,4.2,74,6.2,109.8,6,23,1,0.0,1.0,15,False,False,150.0
2021-01-23,16,142,165,168,163,160,0,10.8,4.7,72,6.2,109.8,6,23,1,0.0,1.0,16,False,False,159.5
2021-01-23,17,102,98,142,170,128,0,10.6,4.0,71,6.2,109.8,6,23,1,0.0,1.0,17,False,False,128.0
2021-01-23,18,166,161,161,158,162,0,10.4,3.5,71,6.2,109.8,6,23,1,0.0,1.5,18,False,False,161.5
2021-01-23,19,146,141,143,117,137,0,10.2,4.0,67,6.3,109.8,6,23,1,0.0,1.5,19,False,False,136.75
2021-01-23,20,126,123,125,136,128,0,10.1,3.9,70,6.3,109.8,6,23,1,0.0,1.5,20,False,False,127.5
2021-01-23,21,126,124,127,126,126,0,9.8,2.8,67,6.3,109.8,6,23,1,0.0,1.5,21,False,False,125.75
2021-01-23,22,91,120,123,122,114,0,10.0,3.2,67,6.3,109.8,6,23,1,0.0,1.5,22,False,False,114.0
2021-01-23,23,103,120,116,101,110,0,9.9,3.7,60,6.3,109.8,6,23,1,0.0,1.5,23,False,False,110.0
2021-01-24,0,73,70,69,69,70,0,9.8,3.9,66,3.15,109.8,7,24,1,0.0,1.5,0,False,False,70.25
2021-01-24,1,98,106,119,121,111,0,9.3,3.2,70,0.0,109.8,7,24,1,0.0,1.5,1,False,False,111.0
2021-01-24,2,126,120,113,113,118,0,9.5,3.6,62,0.0,109.8,7,24,1,0.0,1.5,2,False,False,118.0
2021-01-24,3,106,117,121,123,117,0,9.4,2.3,63,0.0,109.8,7,24,1,0.0,1.5,3,False,False,116.75
2021-01-24,4,118,114,121,112,116,0,9.2,3.3,64,0.0,109.8,7,24,1,0.0,1.5,4,False,False,116.25
2021-01-24,5,99,83,106,116,101,0,9.1,3.4,65,0.0,109.8,7,24,1,0.0,1.5,5,False,False,101.0
2021-01-24,6,124,122,112,113,118,0,9.0,4.3,64,0.0,109.8,7,24,1,0.0,1.5,6,False,False,117.75
2021-01-24,7,120,136,169,172,149,0,9.0,4.2,62,0.0,109.8,7,24,1,0.0,1.5,7,False,False,149.25
2021-01-24,8,171,188,185,184,182,0,8.9,3.7,65,0.0,109.8,7,24,1,0.0,1.5,8,False,False,182.0
2021-01-24,9,154,165,172,156,162,0,9.0,3.3,62,0.0,109.8,7,24,1,0.0,1.0,9,False,False,161.75
2021-01-24,10,123,154,168,171,154,0,8.5,3.2,73,0.0,109.8,7,24,1,0.0,1.0,10,False,False,154.0
2021-01-24,11,163,165,170,156,164,0,8.3,3.1,78,0.0,109.8,7,24,1,0.0,1.0,11,False,False,163.5
2021-01-24,12,113,93,99,116,105,0,8.8,3.0,76,0.0,109.8,7,24,1,0.0,1.0,12,False,False,105.25
2021-01-24,13,147,163,182,190,171,0,8.7,3.2,78,0.0,109.8,7,24,1,0.0,1.0,13,False,False,170.5
2021-01-24,14,175,169,151,158,163,0,8.9,3.1,75,0.0,109.8,7,24,1,0.0,1.0,14,False,False,163.25
2021-01-24,15,114,141,166,180,150,0,8.7,2.6,79,0.0,109.8,7,24,1,0.0,1.0,15,False,False,150.25
2021-01-24,16,163,157,165,164,162,0,8.7,3.9,77,0.0,109.8,7,24,1,0.0,1.0,16,False,False,162.25
2021-01-24,17,123,107,145,164,135,0,8.6,3.0,77,0.0,109.8,7,24,1,0.0,1.0,17,False,False,134.75
2021-01-24,18,152,146,142,159,150,0,8.7,3.5,79,0.0,109.8,7,24,1,0.0,1.5,18,False,False,149.75
2021-01-24,19,160,154,168,155,159,0,8.5,2.6,80,0.0,109.8,7,24,1,0.0,1.5,19,False,False,159.25
2021-01-24,20,128,131,141,142,136,0,8.0,2.8,85,0.0,109.8,7,24,1,0.0,1.5,20,False,False,135.5
2021-01-24,21,140,142,122,120,131,0,8.4,2.4,83,0.0,109.8,7,24,1,0.0,1.5,21,False,False,131.0
2021-01-24,22,104,124,122,135,121,0,8.9,2.4,75,0.0,109.8,7,24,1,0.0,1.5,22,False,False,121.25
2021-01-24,23,129,122,119,89,115,0,9.0,1.9,66,0.0,109.8,7,24,1,0.0,1.5,23,False,False,114.75
2021-01-25,0,74,70,70,70,71,0,9.0,1.5,67,0.0,109.8,1,25,1,0.0,1.5,0,False,False,71.0
2021-01-25,1,104,123,128,121,119,0,8.9,1.4,64,0.0,109.8,1,25,1,0.0,1.5,1,False,False,119.0
2021-01-25,2,125,126,102,115,117,0,8.6,1.9,65,0.0,109.8,1,25,1,0.0,1.5,2,False,False,117.0
2021-01-25,3,98,124,127,128,119,0,8.4,1.6,66,0.0,109.8,1,25,1,0.0,1.5,3,False,False,119.25
2021-01-25,4,116,116,122,119,118,0,8.1,2.6,69,0.0,109.8,1,25,1,0.0,1.5,4,False,False,118.25
2021-01-25,5,105,93,112,114,106,0,7.6,2.7,71,0.0,109.8,1,25,1,0.0,1.5,5,False,False,106.0
2021-01-25,6,108,107,120,122,114,0,7.7,2.1,70,0.0,109.8,1,25,1,0.0,1.5,6,False,False,114.25
2021-01-25,7,122,124,152,142,135,0,7.6,1.1,71,0.0,109.8,1,25,1,0.0,1.5,7,False,False,135.0
2021-01-25,8,135,154,166,168,156,796,8.2,2.4,71,0.0,109.8,1,25,1,1.277688604,1.5,8,False,False,155.75
2021-01-25,9,162,170,178,169,170,417,8.8,2.1,69,0.0,109.8,1,25,1,0.614138439,1.0,9,False,False,169.75
2021-01-25,10,151,176,178,182,172,383,9.7,1.9,66,0.0,109.8,1,25,1,0.557496361,1.0,10,False,False,171.75
2021-01-25,11,184,177,177,183,180,1971,9.9,2.9,67,0.0,109.8,1,25,1,2.73370319,1.0,11,False,False,180.25
2021-01-25,12,136,112,105,134,122,0,9.8,3.7,65,0.0,109.8,1,25,1,0.0,1.0,12,False,False,121.75
2021-01-25,13,185,184,174,174,179,1330,10.7,3.3,59,0.0,109.8,1,25,1,1.854951185,1.0,13,False,False,179.25
2021-01-25,14,184,177,169,178,177,1732,10.6,3.5,62,0.0,109.8,1,25,1,2.446327684,1.0,14,False,False,177.0
2021-01-25,15,152,182,186,178,175,926,10.2,3.2,66,0.0,109.8,1,25,1,1.326647564,1.0,15,False,False,174.5
2021-01-25,16,165,155,169,176,166,2269,9.9,3.1,67,0.0,109.8,1,25,1,3.412030075,1.0,16,False,False,166.25
2021-01-25,17,126,104,154,180,141,797,9.3,2.3,68,0.0,109.8,1,25,1,1.413120567,1.0,17,False,False,141.0
2021-01-25,18,164,148,130,124,142,896,8.6,1.9,72,0.0,109.8,1,25,1,1.583038869,1.5,18,False,False,141.5
2021-01-25,19,127,111,107,96,110,2599,8.5,2.2,72,0.0,109.8,1,25,1,5.893424036,1.5,19,False,False,110.25
2021-01-25,20,100,109,111,115,109,78,8.2,1.6,75,0.0,109.8,1,25,1,0.179310345,1.5,20,False,False,108.75
2021-01-25,21,121,118,118,108,116,36,8.1,1.5,77,0.0,109.8,1,25,1,0.077419355,1.5,21,False,False,116.25
2021-01-25,22,108,116,136,132,123,181,8.1,2.0,77,0.0,109.8,1,25,1,0.367886179,1.5,22,False,False,123.0
2021-01-25,23,122,107,94,84,102,30,8.4,1.2,77,0.0,109.8,1,25,1,0.073710074,1.5,23,False,False,101.75
2021-01-26,0,22,22,26,26,24,0,8.4,1.0,78,0.0,109.8,2,26,1,0.0,1.5,0,False,False,24.0
2021-01-26,1,21,21,21,22,21,0,8.5,2.2,78,0.0,109.8,2,26,1,0.0,1.5,1,False,False,21.25
2021-01-26,2,21,21,21,22,21,0,8.0,1.0,80,0.0,109.8,2,26,1,0.0,1.5,2,False,False,21.25
2021-01-26,3,22,22,22,24,23,0,7.8,2.9,81,0.0,109.8,2,26,1,0.0,1.5,3,False,False,22.5
2021-01-26,4,26,24,22,21,23,0,7.6,3.1,83,0.0,109.8,2,26,1,0.0,1.5,4,False,False,23.25
2021-01-26,5,21,21,21,22,21,0,7.4,2.6,84,0.0,109.8,2,26,1,0.0,1.5,5,False,False,21.25
2021-01-26,6,22,21,21,21,21,0,7.2,1.4,85,0.0,109.8,2,26,1,0.0,1.5,6,False,False,21.25
2021-01-26,7,21,26,26,22,24,0,7.0,1.6,90,0.2,109.8,2,26,1,0.0,1.5,7,False,False,23.75
2021-01-26,8,21,21,21,21,21,0,6.8,0.7,98,0.7,109.8,2,26,1,0.0,1.5,8,False,False,21.0
2021-01-26,9,21,21,21,21,21,0,6.9,0.7,98,1.5,109.8,2,26,1,0.0,1.0,9,False,False,21.0
2021-01-26,10,21,21,22,26,23,0,7.2,1.6,98,3.0,109.8,2,26,1,0.0,1.0,10,False,False,22.5
2021-01-26,11,25,21,21,21,22,0,7.4,3.1,98,4.1,109.8,2,26,1,0.0,1.0,11,False,False,22.0
2021-01-26,12,21,21,21,21,21,0,7.2,3.4,98,4.6,109.8,2,26,1,0.0,1.0,12,False,False,21.0
2021-01-26,13,21,21,21,21,21,0,6.8,3.2,98,6.3,109.8,2,26,1,0.0,1.0,13,False,False,21.0
2021-01-26,14,24,25,21,21,23,0,6.8,3.4,98,8.0,109.8,2,26,1,0.0,1.0,14,False,False,22.75
2021-01-26,15,21,21,21,21,21,0,6.7,1.5,98,9.2,109.8,2,26,1,0.0,1.0,15,False,False,21.0
2021-01-26,16,21,21,21,21,21,0,6.5,2.5,98,10.3,109.8,2,26,1,0.0,1.0,16,False,False,21.0
2021-01-26,17,24,26,22,21,23,0,6.5,2.6,98,11.1,109.8,2,26,1,0.0,1.0,17,False,False,23.25
2021-01-26,18,21,21,21,21,21,0,5.8,2.2,98,11.1,109.8,2,26,1,0.0,1.5,18,False,False,21.0
2021-01-26,19,21,21,21,21,21,0,6.1,3.2,98,11.1,109.8,2,26,1,0.0,1.5,19,False,False,21.0
2021-01-26,20,22,26,24,21,23,0,6.5,1.8,92,11.1,109.8,2,26,1,0.0,1.5,20,False,False,23.25
2021-01-26,21,21,21,21,22,21,0,6.0,1.8,86,11.1,109.8,2,26,1,0.0,1.5,21,False,False,21.25
2021-01-26,22,21,21,21,21,21,0,5.9,1.3,89,11.1,109.8,2,26,1,0.0,1.5,22,False,False,21.0
2021-01-26,23,21,24,26,25,24,0,5.9,0.6,85,11.1,109.8,2,26,1,0.0,1.5,23,False,False,24.0
2021-01-27,0,22,22,26,26,24,0,6.3,2.1,81,11.1,109.8,3,27,1,0.0,1.5,0,False,False,24.0
2021-01-27,1,21,21,21,22,21,0,5.7,1.1,86,0.0,109.8,3,27,1,0.0,1.5,1,False,False,21.25
2021-01-27,2,21,21,21,22,21,0,4.9,1.1,88,0.0,109.8,3,27,1,0.0,1.5,2,False,False,21.25
2021-01-27,3,22,22,22,24,23,0,3.9,0.5,88,0.0,109.8,3,27,1,0.0,1.5,3,False,False,22.5
2021-01-27,4,26,24,22,21,23,0,3.4,0.8,82,0.0,109.8,3,27,1,0.0,1.5,4,False,False,23.25
2021-01-27,5,21,21,21,22,21,0,3.5,2.8,81,0.0,109.8,3,27,1,0.0,1.5,5,False,False,21.25
2021-01-27,6,22,21,21,21,21,0,3.2,3.2,78,0.0,109.8,3,27,1,0.0,1.5,6,False,False,21.25
2021-01-27,7,21,26,26,22,24,0,3.7,3.2,69,0.0,109.8,3,27,1,0.0,1.5,7,False,False,23.75
2021-01-27,8,21,21,21,21,21,0,3.9,1.7,60,0.0,109.8,3,27,1,0.0,1.5,8,False,False,21.0
2021-01-27,9,21,21,21,21,21,0,4.4,4.5,59,0.0,109.8,3,27,1,0.0,1.0,9,False,False,21.0
2021-01-27,10,21,21,22,26,23,0,5.5,3.1,58,0.0,109.8,3,27,1,0.0,1.0,10,False,False,22.5
2021-01-27,11,25,21,21,21,22,0,6.9,3.8,52,0.0,109.8,3,27,1,0.0,1.0,11,False,False,22.0
2021-01-27,12,21,21,21,21,21,0,8.0,3.3,45,0.0,109.8,3,27,1,0.0,1.0,12,False,False,21.0
2021-01-27,13,21,21,21,21,21,0,9.3,2.5,41,0.0,109.8,3,27,1,0.0,1.0,13,False,False,21.0
2021-01-27,14,24,25,21,21,23,0,10.2,1.8,39,0.0,109.8,3,27,1,0.0,1.0,14,False,False,22.75
2021-01-27,15,21,21,21,21,21,0,9.7,2.9,46,0.0,109.8,3,27,1,0.0,1.0,15,False,False,21.0
2021-01-27,16,21,21,21,21,21,0,8.9,3.6,50,0.0,109.8,3,27,1,0.0,1.0,16,False,False,21.0
2021-01-27,17,24,26,22,21,23,0,7.8,2.4,43,0.0,109.8,3,27,1,0.0,1.0,17,False,False,23.25
2021-01-27,18,21,21,21,21,21,0,6.8,2.0,46,0.0,109.8,3,27,1,0.0,1.5,18,False,False,21.0
2021-01-27,19,21,21,21,21,21,0,6.4,2.1,46,0.0,109.8,3,27,1,0.0,1.5,19,False,False,21.0
2021-01-27,20,22,26,24,21,23,0,5.9,1.9,51,0.0,109.8,3,27,1,0.0,1.5,20,False,False,23.25
2021-01-27,21,21,21,21,22,21,0,5.3,2.3,51,0.0,109.8,3,27,1,0.0,1.5,21,False,False,21.25
2021-01-27,22,21,21,21,21,21,0,4.7,1.2,54,0.0,109.8,3,27,1,0.0,1.5,22,False,False,21.0
2021-01-27,23,21,24,26,25,24,0,4.2,1.3,58,0.0,109.8,3,27,1,0.0,1.5,23,False,False,24.0
2021-01-28,0,24,23,24,24,24,0,3.5,1.1,62,0.0,109.8,4,28,1,0.0,1.5,0,False,False,23.75
2021-01-28,1,23,26,28,25,26,24,3.3,1.0,63,0.0,109.8,4,28,1,0.235294118,1.5,1,False,False,25.5
2021-01-28,2,23,24,24,25,24,437,2.9,0.4,64,0.0,109.8,4,28,1,4.552083333,1.5,2,False,False,24.0
2021-01-28,3,23,24,24,23,24,1,2.3,0.3,68,0.0,109.8,4,28,1,0.010638298,1.5,3,False,False,23.5
2021-01-28,4,24,24,26,28,26,827,2.3,0.5,68,0.0,109.8,4,28,1,8.107843137,1.5,4,False,False,25.5
2021-01-28,5,24,23,24,23,24,120,2.1,1.0,71,0.0,109.8,4,28,1,1.276595745,1.5,5,False,False,23.5
2021-01-28,6,23,23,23,23,23,110,1.9,0.9,72,0.0,109.8,4,28,1,1.195652174,1.5,6,False,False,23.0
2021-01-28,7,28,42,66,92,57,16,2.1,0.9,71,0.0,109.8,4,28,1,0.070175439,1.5,7,False,False,57.0
2021-01-28,8,144,167,190,198,175,375,2.0,0.7,73,0.0,109.8,4,28,1,0.536480687,1.5,8,False,False,174.75
2021-01-28,9,185,182,174,172,178,347,3.6,0.2,68,0.0,109.8,4,28,1,0.486676017,1.0,9,False,False,178.25
2021-01-28,10,135,184,182,168,167,810,5.7,0.7,67,0.0,109.8,4,28,1,1.210762332,1.0,10,False,False,167.25
2021-01-28,11,176,178,193,184,183,1049,9.3,4.0,52,0.0,109.8,4,28,1,1.43502052,1.0,11,False,False,182.75
2021-01-28,12,131,112,107,135,121,309,10.6,3.9,42,0.0,109.8,4,28,1,0.637113402,1.0,12,False,False,121.25
2021-01-28,13,169,189,191,191,185,1034,11.0,3.9,26,0.0,109.8,4,28,1,1.397297297,1.0,13,False,False,185.0
2021-01-28,14,183,171,178,189,180,2238,11.3,5.3,25,0.0,109.8,4,28,1,3.104022191,1.0,14,False,False,180.25
2021-01-28,15,155,188,194,189,182,861,10.0,5.8,35,0.0,109.8,4,28,1,1.185950413,1.0,15,False,False,181.5
2021-01-28,16,172,163,164,172,168,1685,9.4,4.0,35,0.0,109.8,4,28,1,2.511177347,1.0,16,False,False,167.75
2021-01-28,17,132,123,166,179,150,512,3.3,5.7,67,0.1,109.8,4,28,1,0.853333333,1.0,17,False,False,150.0
2021-01-28,18,183,185,168,171,177,971,0.9,6.3,65,0.1,109.8,4,28,1,1.373408769,1.5,18,False,False,176.75
2021-01-28,19,158,169,163,121,153,1690,0.1,5.2,46,0.1,109.8,4,28,1,2.765957447,1.5,19,False,False,152.75
2021-01-28,20,110,113,111,113,112,358,-1.0,4.8,48,0.0,109.8,4,28,1,0.800894855,1.5,20,False,False,111.75
2021-01-28,21,115,120,123,113,118,40,-1.3,4.2,42,0.0,109.8,4,28,1,0.08492569,1.5,21,False,False,117.75
2021-01-28,22,102,104,111,119,109,12,-2.3,5.5,42,0.0,109.8,4,28,1,0.027522936,1.5,22,False,False,109.0
2021-01-28,23,126,111,111,81,107,4,-3.0,5.9,39,0.0,109.8,4,28,1,0.009324009,1.5,23,False,False,107.25
2021-01-29,0,67,66,66,66,66,0,-3.6,3.6,39,0.0,109.8,5,29,1,0.0,1.5,0,False,False,66.25
2021-01-29,1,94,101,112,110,104,81,-4.0,4.1,33,0.0,109.8,5,29,1,0.194244604,1.5,1,False,False,104.25
2021-01-29,2,124,124,107,95,113,634,-4.8,3.0,37,0.0,109.8,5,29,1,1.408888889,1.5,2,False,False,112.5
2021-01-29,3,90,100,109,115,104,2,-5.1,2.2,29,0.0,109.8,5,29,1,0.004830918,1.5,3,False,False,103.5
2021-01-29,4,112,114,114,99,110,1,-6.1,2.4,33,0.0,109.8,5,29,1,0.002277904,1.5,4,False,False,109.75
2021-01-29,5,76,72,102,110,90,24,-6.3,2.1,35,0.0,109.8,5,29,1,0.066666667,1.5,5,False,False,90.0
2021-01-29,6,119,113,108,112,113,2,-6.5,1.8,35,0.0,109.8,5,29,1,0.004424779,1.5,6,False,False,113.0
2021-01-29,7,113,120,154,160,137,1288,-6.8,1.8,37,0.0,109.8,5,29,1,2.354661792,1.5,7,False,False,136.75
2021-01-29,8,190,222,207,189,202,364,-6.8,3.9,37,0.0,109.8,5,29,1,0.45049505,1.5,8,False,False,202.0
2021-01-29,9,183,179,179,176,179,301,-6.2,4.2,32,0.0,109.8,5,29,1,0.419804742,1.0,9,False,False,179.25
2021-01-29,10,139,169,175,168,163,601,-5.0,3.2,31,0.0,109.8,5,29,1,0.923195084,1.0,10,False,False,162.75
2021-01-29,11,182,191,200,200,193,1135,-4.2,4.6,28,0.0,109.8,5,29,1,1.468305304,1.0,11,False,False,193.25
2021-01-29,12,134,104,100,133,118,2095,-2.7,4.1,24,0.0,109.8,5,29,1,4.447983015,1.0,12,False,False,117.75
2021-01-29,13,179,194,186,187,187,809,-2.0,5.3,25,0.0,109.8,5,29,1,1.084450402,1.0,13,False,False,186.5
2021-01-29,14,168,181,183,177,177,972,-0.4,3.7,26,0.0,109.8,5,29,1,1.370944993,1.0,14,False,False,177.25
2021-01-29,15,139,179,170,165,163,868,-0.4,4.1,25,0.0,109.8,5,29,1,1.329249617,1.0,15,False,False,163.25
2021-01-29,16,167,167,157,164,164,1383,-0.3,4.2,23,0.0,109.8,5,29,1,2.111450382,1.0,16,False,False,163.75
2021-01-29,17,122,99,136,153,128,255,-0.4,3.7,24,0.0,109.8,5,29,1,0.5,1.0,17,False,False,127.5
2021-01-29,18,160,163,164,175,166,1132,-1.3,3.1,27,0.0,109.8,5,29,1,1.709969789,1.5,18,False,False,165.5
2021-01-29,19,177,173,154,137,160,4121,-1.9,1.8,29,0.0,109.8,5,29,1,6.429017161,1.5,19,False,False,160.25
2021-01-29,20,132,134,137,135,135,76,-2.4,2.5,30,0.0,109.8,5,29,1,0.141263941,1.5,20,False,False,134.5
2021-01-29,21,125,126,125,119,124,51,-3.2,1.6,32,0.0,109.8,5,29,1,0.103030303,1.5,21,False,False,123.75
2021-01-29,22,105,108,121,116,113,63,-3.2,2.7,30,0.0,109.8,5,29,1,0.14,1.5,22,False,False,112.5
2021-01-29,23,110,113,109,82,104,82,-3.0,4.0,27,0.0,109.8,5,29,1,0.198067633,1.5,23,False,False,103.5
2021-01-30,0,69,67,67,65,67,213,-2.9,3.9,25,0.0,109.8,6,30,1,0.794776119,1.5,0,False,False,67.0
2021-01-30,1,90,102,112,112,104,72,-3.2,2.3,28,0.0,109.8,6,30,1,0.173076923,1.5,1,False,False,104.0
2021-01-30,2,118,110,108,103,110,81,-4.5,0.9,32,0.0,109.8,6,30,1,0.184510251,1.5,2,False,False,109.75
2021-01-30,3,101,110,120,117,112,325,-4.4,0.9,33,0.0,109.8,6,30,1,0.725446429,1.5,3,False,False,112.0
2021-01-30,4,116,114,103,103,109,3,-5.1,2.0,37,0.0,109.8,6,30,1,0.006880734,1.5,4,False,False,109.0
2021-01-30,5,93,82,103,115,98,13,-5.3,1.6,40,0.0,109.8,6,30,1,0.03307888,1.5,5,False,False,98.25
2021-01-30,6,113,111,115,118,114,42,-5.8,1.2,43,0.0,109.8,6,30,1,0.09190372,1.5,6,False,False,114.25
2021-01-30,7,116,125,142,143,132,783,-5.6,1.1,45,0.0,109.8,6,30,1,1.488593156,1.5,7,False,False,131.5
2021-01-30,8,164,177,185,193,180,0,-5.0,0.6,43,0.0,109.8,6,30,1,0.0,1.5,8,False,False,179.75
2021-01-30,9,184,187,173,171,179,0,-2.2,0.5,42,0.0,109.8,6,30,1,0.0,1.0,9,False,False,178.75
2021-01-30,10,142,171,169,152,159,0,1.0,1.0,45,0.0,109.8,6,30,1,0.0,1.0,10,False,False,158.5
2021-01-30,11,146,139,141,150,144,0,4.0,1.5,41,0.0,109.8,6,30,1,0.0,1.0,11,False,False,144.0
2021-01-30,12,119,104,99,109,108,0,6.8,3.4,44,0.0,109.8,6,30,1,0.0,1.0,12,False,False,107.75
2021-01-30,13,145,166,171,184,167,0,8.2,3.9,44,0.0,109.8,6,30,1,0.0,1.0,13,False,False,166.5
2021-01-30,14,177,160,161,165,166,0,8.6,4.5,43,0.0,109.8,6,30,1,0.0,1.0,14,False,False,165.75
2021-01-30,15,133,175,178,168,164,0,8.9,3.3,43,0.0,109.8,6,30,1,0.0,1.0,15,False,False,163.5
2021-01-30,16,163,165,152,162,161,0,9.0,2.5,42,0.0,109.8,6,30,1,0.0,1.0,16,False,False,160.5
2021-01-30,17,133,144,181,167,156,0,8.6,2.3,43,0.0,109.8,6,30,1,0.0,1.0,17,False,False,156.25
2021-01-30,18,153,156,164,165,160,0,7.3,1.5,49,0.0,109.8,6,30,1,0.0,1.5,18,False,False,159.5
2021-01-30,19,162,155,141,107,141,0,6.9,1.0,49,0.0,109.8,6,30,1,0.0,1.5,19,False,False,141.25
2021-01-30,20,100,109,115,112,109,0,6.9,1.8,48,0.0,109.8,6,30,1,0.0,1.5,20,False,False,109.0
2021-01-30,21,113,117,113,108,113,0,4.9,1.2,57,0.0,109.8,6,30,1,0.0,1.5,21,False,False,112.75
2021-01-30,22,88,103,114,118,106,0,6.1,1.6,45,0.0,109.8,6,30,1,0.0,1.5,22,False,False,105.75
2021-01-30,23,120,116,103,77,104,0,5.5,1.7,42,0.0,109.8,6,30,1,0.0,1.5,23,False,False,104.0
2021-01-31,0,22,22,26,26,24,0,4.4,1.4,38,0.0,109.8,7,31,1,0.0,1.5,0,False,False,24.0
2021-01-31,1,21,21,21,22,21,0,1.3,1.5,60,0.0,109.8,7,31,1,0.0,1.5,1,False,False,21.25
2021-01-31,2,21,21,21,22,21,0,1.7,1.7,47,0.0,109.8,7,31,1,0.0,1.5,2,False,False,21.25
2021-01-31,3,22,22,22,24,23,0,3.6,2.3,36,0.0,109.8,7,31,1,0.0,1.5,3,False,False,22.5
2021-01-31,4,26,24,22,21,23,0,2.8,2.7,38,0.0,109.8,7,31,1,0.0,1.5,4,False,False,23.25
2021-01-31,5,21,21,21,22,21,0,2.3,3.1,40,0.0,109.8,7,31,1,0.0,1.5,5,False,False,21.25
2021-01-31,6,22,21,21,21,21,0,0.9,1.0,43,0.0,109.8,7,31,1,0.0,1.5,6,False,False,21.25
2021-01-31,7,21,26,26,22,24,0,1.8,2.4,37,0.0,109.8,7,31,1,0.0,1.5,7,False,False,23.75
2021-01-31,8,21,21,21,21,21,0,1.7,1.8,38,0.0,109.8,7,31,1,0.0,1.5,8,False,False,21.0
2021-01-31,9,21,21,21,21,21,0,3.6,1.3,33,0.0,109.8,7,31,1,0.0,1.0,9,False,False,21.0
2021-01-31,10,21,21,22,26,23,0,6.5,0.6,35,0.0,109.8,7,31,1,0.0,1.0,10,False,False,22.5
2021-01-31,11,25,21,21,21,22,0,8.4,0.5,33,0.0,109.8,7,31,1,0.0,1.0,11,False,False,22.0
2021-01-31,12,21,21,21,21,21,0,9.8,1.6,22,0.0,109.8,7,31,1,0.0,1.0,12,False,False,21.0
2021-01-31,13,21,21,21,21,21,0,11.3,3.0,17,0.0,109.8,7,31,1,0.0,1.0,13,False,False,21.0
2021-01-31,14,24,25,21,21,23,0,10.9,3.4,32,0.0,109.8,7,31,1,0.0,1.0,14,False,False,22.75
2021-01-31,15,21,21,21,21,21,0,10.6,3.9,39,0.0,109.8,7,31,1,0.0,1.0,15,False,False,21.0
2021-01-31,16,21,21,21,21,21,0,11.3,3.2,33,0.0,109.8,7,31,1,0.0,1.0,16,False,False,21.0
2021-01-31,17,24,26,22,21,23,0,10.3,4.0,31,0.0,109.8,7,31,1,0.0,1.0,17,False,False,23.25
2021-01-31,18,21,21,21,21,21,0,9.3,3.4,43,0.0,109.8,7,31,1,0.0,1.5,18,False,False,21.0
2021-01-31,19,21,21,21,21,21,0,8.8,2.5,50,0.0,109.8,7,31,1,0.0,1.5,19,False,False,21.0
2021-01-31,20,22,26,24,21,23,0,8.7,3.9,49,0.0,109.8,7,31,1,0.0,1.5,20,False,False,23.25
2021-01-31,21,21,21,21,22,21,0,8.4,2.4,51,0.0,109.8,7,31,1,0.0,1.5,21,False,False,21.25
2021-01-31,22,21,21,21,21,21,0,9.4,3.3,51,0.0,109.8,7,31,1,0.0,1.5,22,False,False,21.0
2021-01-31,23,21,24,26,25,24,0,9.3,3.1,56,0.0,109.8,7,31,1,0.0,1.5,23,False,False,24.0
2021-02-01,0,62,61,61,61,61,0,9.3,3.0,64,0.0,109.8,1,1,2,0.0,1.5,0,False,False,61.25
2021-02-01,1,89,94,106,105,99,0,10.1,3.9,67,0.0,109.8,1,1,2,0.0,1.5,1,False,False,98.5
2021-02-01,2,102,99,107,106,104,0,9.7,3.7,77,0.0,109.8,1,1,2,0.0,1.5,2,False,False,103.5
2021-02-01,3,98,104,101,107,103,0,9.1,2.9,95,0.8,109.8,1,1,2,0.0,1.5,3,False,False,102.5
2021-02-01,4,107,106,106,100,105,0,9.2,3.2,98,2.3,109.8,1,1,2,0.0,1.5,4,False,False,104.75
2021-02-01,5,84,78,93,103,90,0,9.5,3.5,98,5.1,109.8,1,1,2,0.0,1.5,5,False,False,89.5
2021-02-01,6,116,106,106,106,109,0,10.3,3.1,98,8.3,109.8,1,1,2,0.0,1.5,6,False,False,108.5
2021-02-01,7,101,109,139,139,122,0,10.3,1.0,98,9.8,109.8,1,1,2,0.0,1.5,7,False,False,122.0
2021-02-01,8,165,178,179,195,179,541,9.9,1.0,98,11.0,109.8,1,1,2,0.754532775,1.5,8,False,False,179.25
2021-02-01,9,175,167,168,182,173,432,9.8,2.4,98,11.9,109.8,1,1,2,0.624277457,1.0,9,False,False,173.0
2021-02-01,10,134,183,178,187,171,402,10.3,0.9,98,12.1,109.8,1,1,2,0.589442815,1.0,10,False,False,170.5
2021-02-01,11,184,180,177,156,174,630,10.1,2.2,98,12.1,109.8,1,1,2,0.903873745,1.0,11,False,False,174.25
2021-02-01,12,93,80,80,121,94,284,12.6,3.3,72,12.1,109.8,1,1,2,0.759358289,1.0,12,False,False,93.5
2021-02-01,13,163,175,177,163,170,318,12.7,1.1,64,12.1,109.8,1,1,2,0.469026549,1.0,13,False,False,169.5
2021-02-01,14,167,167,163,161,165,7437,12.6,3.6,62,12.1,109.8,1,1,2,11.30243161,1.0,14,False,False,164.5
2021-02-01,15,130,156,159,162,152,878,12.2,3.1,66,12.1,109.8,1,1,2,1.44645799,1.0,15,False,False,151.75
2021-02-01,16,167,151,161,169,162,4585,11.9,3.6,66,12.1,109.8,1,1,2,7.075617284,1.0,16,False,False,162.0
2021-02-01,17,107,95,137,155,124,598,11.5,1.5,67,12.1,109.8,1,1,2,1.210526316,1.0,17,False,False,123.5
2021-02-01,18,161,139,143,143,147,1777,11.3,2.2,58,12.1,109.8,1,1,2,3.032423208,1.5,18,False,False,146.5
2021-02-01,19,140,141,158,135,144,1913,11.0,2.9,57,12.1,109.8,1,1,2,3.332752613,1.5,19,False,False,143.5
2021-02-01,20,124,123,116,120,121,8,10.9,2.6,59,12.1,109.8,1,1,2,0.016563147,1.5,20,False,False,120.75
2021-02-01,21,128,124,117,115,121,181,10.4,2.0,61,12.1,109.8,1,1,2,0.373966942,1.5,21,False,False,121.0
2021-02-01,22,97,113,101,112,106,97,10.1,2.8,61,12.1,109.8,1,1,2,0.229314421,1.5,22,False,False,105.75
2021-02-01,23,110,106,107,71,99,287,10.3,3.1,55,12.1,109.8,1,1,2,0.728426396,1.5,23,False,False,98.5
2021-02-02,0,63,62,62,62,62,0,9.2,2.6,59,12.1,109.8,2,2,2,0.0,1.5,0,False,False,62.25
2021-02-02,1,90,101,106,111,102,53,8.5,2.7,46,0.0,109.8,2,2,2,0.129901961,1.5,1,False,False,102.0
2021-02-02,2,107,105,113,110,109,127,6.6,1.4,43,0.0,109.8,2,2,2,0.291954023,1.5,2,False,False,108.75
2021-02-02,3,89,108,110,107,104,32,5.9,2.1,36,0.0,109.8,2,2,2,0.077294686,1.5,3,False,False,103.5
2021-02-02,4,107,100,99,93,100,69,5.0,3.2,32,0.0,109.8,2,2,2,0.172932331,1.5,4,False,False,99.75
2021-02-02,5,70,67,95,106,85,5,3.3,4.0,34,0.0,109.8,2,2,2,0.014792899,1.5,5,False,False,84.5
2021-02-02,6,116,99,96,99,103,500,1.5,3.6,27,0.0,109.8,2,2,2,1.219512195,1.5,6,False,False,102.5
2021-02-02,7,109,119,149,151,132,711,-0.1,2.6,23,0.0,109.8,2,2,2,1.346590909,1.5,7,False,False,132.0
2021-02-02,8,167,173,172,177,172,789,-0.8,3.7,27,0.0,109.8,2,2,2,1.145137881,1.5,8,False,False,172.25
2021-02-02,9,169,180,179,178,177,1354,-0.4,4.7,23,0.0,109.8,2,2,2,1.917847025,1.0,9,False,False,176.5
2021-02-02,10,133,177,191,190,173,847,0.2,3.7,20,0.0,109.8,2,2,2,1.225759768,1.0,10,False,False,172.75
2021-02-02,11,185,163,162,160,168,535,0.8,5.0,20,0.0,109.8,2,2,2,0.798507463,1.0,11,False,False,167.5
2021-02-02,12,103,86,91,131,103,25,1.7,3.7,20,0.0,109.8,2,2,2,0.060827251,1.0,12,False,False,102.75
2021-02-02,13,177,189,179,182,182,2071,2.0,4.0,18,0.0,109.8,2,2,2,2.84869326,1.0,13,False,False,181.75
2021-02-02,14,175,174,180,179,177,1125,2.2,4.0,18,0.0,109.8,2,2,2,1.588983051,1.0,14,False,False,177.0
2021-02-02,15,152,166,157,147,156,978,2.8,3.9,16,0.0,109.8,2,2,2,1.572347267,1.0,15,False,False,155.5
2021-02-02,16,159,172,171,166,167,6974,2.9,3.5,17,0.0,109.8,2,2,2,10.44011976,1.0,16,False,False,167.0
2021-02-02,17,130,114,143,158,136,340,1.9,3.1,20,0.0,109.8,2,2,2,0.623853211,1.0,17,False,False,136.25
2021-02-02,18,154,153,154,145,152,869,0.5,1.7,24,0.0,109.8,2,2,2,1.433993399,1.5,18,False,False,151.5
2021-02-02,19,142,135,122,111,128,2312,-0.4,2.9,28,0.0,109.8,2,2,2,4.533333333,1.5,19,False,False,127.5
2021-02-02,20,104,118,114,114,113,1,-1.2,3.5,29,0.0,109.8,2,2,2,0.002222222,1.5,20,False,False,112.5
2021-02-02,21,108,110,114,113,111,177,-1.6,3.5,31,0.0,109.8,2,2,2,0.397752809,1.5,21,False,False,111.25
2021-02-02,22,92,106,100,104,101,184,-2.0,3.1,36,0.0,109.8,2,2,2,0.457711443,1.5,22,False,False,100.5
2021-02-02,23,109,108,95,72,96,50,-2.8,0.7,39,0.0,109.8,2,2,2,0.130208333,1.5,23,False,False,96.0
2021-02-03,0,69,65,64,66,66,7,-3.5,0.9,43,0.0,109.8,3,3,2,0.026515152,1.5,0,False,False,66.0
2021-02-03,1,90,104,115,111,105,487,-2.8,1.1,42,0.0,109.8,3,3,2,1.15952381,1.5,1,False,False,105.0
2021-02-03,2,113,113,115,109,113,119,-3.5,0.3,46,0.0,109.8,3,3,2,0.264444444,1.5,2,False,False,112.5
2021-02-03,3,99,105,107,110,105,499,-3.7,0.2,46,0.0,109.8,3,3,2,1.185273159,1.5,3,False,False,105.25
2021-02-03,4,109,108,102,104,106,28,-3.4,2.1,58,0.0,109.8,3,3,2,0.066193853,1.5,4,False,False,105.75
2021-02-03,5,82,77,99,107,91,37,-3.7,2.8,67,0.0,109.8,3,3,2,0.101369863,1.5,5,False,False,91.25
2021-02-03,6,118,113,109,108,112,212,-4.1,2.2,69,0.0,109.8,3,3,2,0.473214286,1.5,6,False,False,112.0
2021-02-03,7,106,119,140,149,129,873,-4.0,3.1,56,0.0,109.8,3,3,2,1.69844358,1.5,7,False,False,128.5
2021-02-03,8,159,181,174,167,170,234,-3.9,2.5,44,0.0,109.8,3,3,2,0.343612335,1.5,8,False,False,170.25
2021-02-03,9,170,169,171,169,170,297,-3.2,3.3,35,0.0,109.8,3,3,2,0.437407953,1.0,9,False,False,169.75
2021-02-03,10,132,156,164,170,156,931,-2.0,4.1,29,0.0,109.8,3,3,2,1.496784566,1.0,10,False,False,155.5
2021-02-03,11,172,153,163,160,162,850,-0.7,4.1,24,0.0,109.8,3,3,2,1.311728395,1.0,11,False,False,162.0
2021-02-03,12,106,89,90,121,102,110,1.3,3.6,20,0.0,109.8,3,3,2,0.270935961,1.0,12,False,False,101.5
2021-02-03,13,152,156,165,159,158,693,2.0,3.3,15,0.0,109.8,3,3,2,1.096518987,1.0,13,False,False,158.0
2021-02-03,14,158,156,158,163,159,1683,3.5,2.5,15,0.0,109.8,3,3,2,2.650393701,1.0,14,False,False,158.75
2021-02-03,15,135,153,156,161,151,1489,4.0,1.4,15,0.0,109.8,3,3,2,2.461157025,1.0,15,False,False,151.25
2021-02-03,16,156,162,163,159,160,849,4.7,1.1,15,0.0,109.8,3,3,2,1.3265625,1.0,16,False,False,160.0
2021-02-03,17,128,113,137,151,132,508,4.2,0.9,15,0.0,109.8,3,3,2,0.960302457,1.0,17,False,False,132.25
2021-02-03,18,150,145,123,110,132,666,2.6,0.9,18,0.0,109.8,3,3,2,1.261363636,1.5,18,False,False,132.0
2021-02-03,19,112,119,117,111,115,3591,1.8,0.4,29,0.0,109.8,3,3,2,7.823529412,1.5,19,False,False,114.75
2021-02-03,20,108,125,130,126,122,32,0.4,1.0,36,0.0,109.8,3,3,2,0.065439673,1.5,20,False,False,122.25
2021-02-03,21,132,123,120,116,123,18,0.6,0.9,30,0.0,109.8,3,3,2,0.036659878,1.5,21,False,False,122.75
2021-02-03,22,106,111,116,118,113,306,0.5,2.2,33,0.0,109.8,3,3,2,0.678492239,1.5,22,False,False,112.75
2021-02-03,23,114,114,109,81,105,17,0.2,2.6,39,0.0,109.8,3,3,2,0.040669856,1.5,23,False,False,104.5
2021-02-04,0,72,67,66,66,68,231,1.0,3.5,42,0.0,109.8,4,4,2,0.852398524,1.5,0,False,False,67.75
2021-02-04,1,96,108,119,109,108,132,1.2,3.1,39,0.0,109.8,4,4,2,0.305555556,1.5,1,False,False,108.0
2021-02-04,2,106,106,111,116,110,40,2.1,2.6,42,0.0,109.8,4,4,2,0.091116173,1.5,2,False,False,109.75
2021-02-04,3,104,105,104,113,107,630,2.2,2.7,52,0.0,109.8,4,4,2,1.478873239,1.5,3,False,False,106.5
2021-02-04,4,115,109,108,103,109,155,2.9,2.5,63,0.0,109.8,4,4,2,0.356321839,1.5,4,False,False,108.75
2021-02-04,5,85,78,91,107,90,116,2.8,2.4,68,0.0,109.8,4,4,2,0.32132964,1.5,5,False,False,90.25
2021-02-04,6,118,112,105,100,109,322,2.6,2.1,67,0.0,109.8,4,4,2,0.740229885,1.5,6,False,False,108.75
2021-02-04,7,110,125,142,136,128,469,2.8,1.9,65,0.0,109.8,4,4,2,0.914230019,1.5,7,False,False,128.25
2021-02-04,8,154,153,159,159,156,793,2.8,2.7,49,0.0,109.8,4,4,2,1.2688,1.5,8,False,False,156.25
2021-02-04,9,158,158,159,166,160,751,3.1,2.8,36,0.0,109.8,4,4,2,1.171606864,1.0,9,False,False,160.25
2021-02-04,10,127,158,173,168,157,3151,3.7,3.9,25,0.0,109.8,4,4,2,5.033546326,1.0,10,False,False,156.5
2021-02-04,11,141,150,155,149,149,1159,4.9,3.7,20,0.0,109.8,4,4,2,1.94789916,1.0,11,False,False,148.75
2021-02-04,12,81,64,94,118,89,108,5.4,3.8,17,0.0,109.8,4,4,2,0.302521008,1.0,12,False,False,89.25
2021-02-04,13,158,158,154,151,155,695,6.5,3.4,15,0.0,109.8,4,4,2,1.119162641,1.0,13,False,False,155.25
2021-02-04,14,143,154,151,160,152,1221,6.8,3.4,15,0.0,109.8,4,4,2,2.008223684,1.0,14,False,False,152.0
2021-02-04,15,125,142,144,149,140,760,7.2,2.9,14,0.0,109.8,4,4,2,1.357142857,1.0,15,False,False,140.0
2021-02-04,16,140,141,145,140,142,679,7.2,3.1,15,0.0,109.8,4,4,2,1.199646643,1.0,16,False,False,141.5
2021-02-04,17,105,103,138,143,122,310,6.3,3.6,16,0.0,109.8,4,4,2,0.63394683,1.0,17,False,False,122.25
2021-02-04,18,139,138,135,145,139,1043,4.9,3.1,19,0.0,109.8,4,4,2,1.872531418,1.5,18,False,False,139.25
2021-02-04,19,135,119,103,94,113,951,4.0,2.8,21,0.0,109.8,4,4,2,2.10864745,1.5,19,False,False,112.75
2021-02-04,20,91,96,105,111,101,81,3.0,2.9,24,0.0,109.8,4,4,2,0.200992556,1.5,20,False,False,100.75
2021-02-04,21,110,105,109,109,108,2,1.5,1.4,27,0.0,109.8,4,4,2,0.004618938,1.5,21,False,False,108.25
2021-02-04,22,96,111,111,109,107,312,1.7,1.9,26,0.0,109.8,4,4,2,0.730679157,1.5,22,False,False,106.75
2021-02-04,23,109,112,102,65,97,300,1.4,1.9,26,0.0,109.8,4,4,2,0.773195876,1.5,23,False,False,97.0
2021-02-05,0,63,63,64,63,63,60,1.8,1.5,25,0.0,109.8,5,5,2,0.23715415,1.5,0,False,False,63.25
2021-02-05,1,96,93,116,113,105,128,1.5,2.2,26,0.0,109.8,5,5,2,0.306220096,1.5,1,False,False,104.5
2021-02-05,2,106,96,106,107,104,234,0.4,2.0,30,0.0,109.8,5,5,2,0.563855422,1.5,2,False,False,103.75
2021-02-05,3,92,110,110,109,105,148,-0.1,2.5,33,0.0,109.8,5,5,2,0.351543943,1.5,3,False,False,105.25
2021-02-05,4,108,105,106,108,107,140,-0.3,3.6,34,0.0,109.8,5,5,2,0.327868852,1.5,4,False,False,106.75
2021-02-05,5,89,83,99,98,92,213,0.2,2.6,32,0.0,109.8,5,5,2,0.577235772,1.5,5,False,False,92.25
2021-02-05,6,102,111,110,103,107,33,-0.7,4.0,38,0.0,109.8,5,5,2,0.077464789,1.5,6,False,False,106.5
2021-02-05,7,92,75,48,29,61,2623,-0.5,1.3,39,0.0,109.8,5,5,2,10.75,1.5,7,False,False,61.0
2021-02-05,8,27,25,22,22,24,686,0.1,3.2,41,0.0,109.8,5,5,2,7.145833333,1.5,8,False,False,24.0
2021-02-05,9,22,22,22,22,22,662,1.8,1.8,40,0.0,109.8,5,5,2,7.522727273,1.0,9,False,False,22.0
2021-02-05,10,22,22,22,22,22,2737,2.8,1.6,41,0.0,109.8,5,5,2,31.10227273,1.0,10,False,False,22.0
2021-02-05,11,22,23,28,27,25,633,6.1,2.0,35,0.0,109.8,5,5,2,6.33,1.0,11,False,False,25.0
2021-02-05,12,22,23,22,22,22,18,7.8,1.3,23,0.0,109.8,5,5,2,0.202247191,1.0,12,False,False,22.25
2021-02-05,13,22,23,22,22,22,1901,9.0,2.0,18,0.0,109.8,5,5,2,21.35955056,1.0,13,False,False,22.25
2021-02-05,14,22,23,22,23,23,1826,10.3,2.0,18,0.0,109.8,5,5,2,20.28888889,1.0,14,False,False,22.5
2021-02-05,15,28,26,23,22,25,439,10.6,1.9,21,0.0,109.8,5,5,2,4.434343434,1.0,15,False,False,24.75
2021-02-05,16,23,23,22,23,23,3627,10.1,3.2,14,0.0,109.8,5,5,2,39.85714286,1.0,16,False,False,22.75
2021-02-05,17,22,22,22,23,22,116,9.8,3.7,16,0.0,109.8,5,5,2,1.303370787,1.0,17,False,False,22.25
2021-02-05,18,22,23,27,27,25,1063,8.8,2.3,20,0.0,109.8,5,5,2,10.73737374,1.5,18,False,False,24.75
2021-02-05,19,22,22,22,22,22,666,8.0,1.6,22,0.0,109.8,5,5,2,7.568181818,1.5,19,False,False,22.0
2021-02-05,20,22,22,22,22,22,595,7.7,2.6,25,0.0,109.8,5,5,2,6.761363636,1.5,20,False,False,22.0
2021-02-05,21,23,22,22,27,24,0,7.0,1.3,26,0.0,109.8,5,5,2,0.0,1.5,21,False,False,23.5
2021-02-05,22,26,22,22,22,23,0,6.7,0.9,26,0.0,109.8,5,5,2,0.0,1.5,22,False,False,23.0
2021-02-05,23,22,22,22,22,22,500,6.9,2.2,25,0.0,109.8,5,5,2,5.681818182,1.5,23,False,False,22.0
2021-02-06,0,71,64,65,65,66,300,6.8,2.6,25,0.0,109.8,6,6,2,1.132075472,1.5,0,False,False,66.25
2021-02-06,1,97,106,111,110,106,100,5.9,0.8,27,0.0,109.8,6,6,2,0.235849057,1.5,1,False,False,106.0
2021-02-06,2,107,100,98,111,104,564,5.0,0.4,27,0.0,109.8,6,6,2,1.355769231,1.5,2,False,False,104.0
2021-02-06,3,95,112,112,107,107,32,4.6,0.6,27,0.0,109.8,6,6,2,0.075117371,1.5,3,False,False,106.5
2021-02-06,4,105,108,113,109,109,361,2.2,1.6,36,0.0,109.8,6,6,2,0.829885057,1.5,4,False,False,108.75
2021-02-06,5,80,73,97,110,90,0,3.7,1.6,30,0.0,109.8,6,6,2,0.0,1.5,5,False,False,90.0
2021-02-06,6,104,96,106,103,102,4,3.4,1.8,30,0.0,109.8,6,6,2,0.009779951,1.5,6,False,False,102.25
2021-02-06,7,92,90,68,32,71,1510,1.3,0.5,36,0.0,109.8,6,6,2,5.354609929,1.5,7,False,False,70.5
2021-02-06,8,22,22,24,23,23,0,2.4,0.0,39,0.0,109.8,6,6,2,0.0,1.5,8,False,False,22.75
2021-02-06,9,24,24,24,28,25,0,6.3,0.3,38,0.0,109.8,6,6,2,0.0,1.0,9,False,False,25.0
2021-02-06,10,29,25,25,25,26,0,8.8,1.1,30,0.0,109.8,6,6,2,0.0,1.0,10,False,False,26.0
2021-02-06,11,24,25,29,27,26,0,11.1,1.0,26,0.0,109.8,6,6,2,0.0,1.0,11,False,False,26.25
2021-02-06,12,25,25,24,24,25,0,11.6,2.1,23,0.0,109.8,6,6,2,0.0,1.0,12,False,False,24.5
2021-02-06,13,27,22,22,21,23,0,14.0,1.0,23,0.0,109.8,6,6,2,0.0,1.0,13,False,False,23.0
2021-02-06,14,22,23,22,22,22,0,14.2,1.6,24,0.0,109.8,6,6,2,0.0,1.0,14,False,False,22.25
2021-02-06,15,22,23,23,22,23,0,14.9,1.7,24,0.0,109.8,6,6,2,0.0,1.0,15,False,False,22.5
2021-02-06,16,26,27,23,23,25,0,14.5,1.8,35,0.0,109.8,6,6,2,0.0,1.0,16,False,False,24.75
2021-02-06,17,23,22,22,23,23,0,14.1,1.1,39,0.0,109.8,6,6,2,0.0,1.0,17,False,False,22.5
2021-02-06,18,22,22,22,22,22,0,11.7,0.3,44,0.0,109.8,6,6,2,0.0,1.5,18,False,False,22.0
2021-02-06,19,23,22,26,27,25,0,11.2,0.2,41,0.0,109.8,6,6,2,0.0,1.5,19,False,False,24.5
2021-02-06,20,23,22,22,23,23,0,11.1,1.5,42,0.0,109.8,6,6,2,0.0,1.5,20,False,False,22.5
2021-02-06,21,23,23,22,23,23,0,9.0,0.5,52,0.0,109.8,6,6,2,0.0,1.5,21,False,False,22.75
2021-02-06,22,23,23,22,22,23,0,8.8,2.0,59,0.0,109.8,6,6,2,0.0,1.5,22,False,False,22.5
2021-02-06,23,26,27,22,22,24,0,8.6,1.0,65,0.0,109.8,6,6,2,0.0,1.5,23,False,False,24.25
2021-02-07,0,23,22,23,22,23,0,8.1,1.5,70,0.0,109.8,7,7,2,0.0,1.5,0,False,False,22.5
2021-02-07,1,22,22,22,21,22,0,6.2,1.3,75,0.0,109.8,7,7,2,0.0,1.5,1,False,False,21.75
2021-02-07,2,22,24,27,25,25,0,7.0,1.7,73,0.0,109.8,7,7,2,0.0,1.5,2,False,False,24.5
2021-02-07,3,22,22,22,22,22,0,6.0,2.2,70,0.0,109.8,7,7,2,0.0,1.5,3,False,False,22.0
2021-02-07,4,22,22,23,23,23,0,5.8,2.0,72,0.0,109.8,7,7,2,0.0,1.5,4,False,False,22.5
2021-02-07,5,22,22,22,23,22,0,6.1,2.3,74,0.0,109.8,7,7,2,0.0,1.5,5,False,False,22.25
2021-02-07,6,25,26,22,22,24,0,5.1,1.0,78,0.0,109.8,7,7,2,0.0,1.5,6,False,False,23.75
2021-02-07,7,22,22,22,21,22,0,6.8,1.9,67,0.0,109.8,7,7,2,0.0,1.5,7,False,False,21.75
2021-02-07,8,21,22,21,22,22,0,5.3,2.3,80,0.0,109.8,7,7,2,0.0,1.5,8,False,False,21.5
2021-02-07,9,22,24,26,24,24,0,8.1,0.9,69,0.0,109.8,7,7,2,0.0,1.0,9,False,False,24.0
2021-02-07,10,22,22,22,23,22,0,9.0,1.8,63,0.0,109.8,7,7,2,0.0,1.0,10,False,False,22.25
2021-02-07,11,22,22,22,22,22,0,10.8,2.6,57,0.0,109.8,7,7,2,0.0,1.0,11,False,False,22.0
2021-02-07,12,23,23,23,27,24,0,11.8,1.9,50,0.0,109.8,7,7,2,0.0,1.0,12,False,False,24.0
2021-02-07,13,25,22,23,22,23,0,12.7,1.7,43,0.0,109.8,7,7,2,0.0,1.0,13,False,False,23.0
2021-02-07,14,22,22,23,22,22,0,13.6,2.0,38,0.0,109.8,7,7,2,0.0,1.0,14,False,False,22.25
2021-02-07,15,22,22,23,22,22,0,13.4,1.9,44,0.0,109.8,7,7,2,0.0,1.0,15,False,False,22.25
2021-02-07,16,27,27,23,23,25,0,12.5,2.0,60,0.0,109.8,7,7,2,0.0,1.0,16,False,False,25.0
2021-02-07,17,22,22,22,22,22,0,11.6,0.7,61,0.0,109.8,7,7,2,0.0,1.0,17,False,False,22.0
2021-02-07,18,22,22,22,22,22,0,10.9,1.3,54,0.0,109.8,7,7,2,0.0,1.5,18,False,False,22.0
2021-02-07,19,22,23,26,24,24,0,10.2,1.9,38,0.0,109.8,7,7,2,0.0,1.5,19,False,False,23.75
2021-02-07,20,22,22,22,22,22,0,10.0,2.8,38,0.0,109.8,7,7,2,0.0,1.5,20,False,False,22.0
2021-02-07,21,23,22,23,22,23,0,9.5,2.6,38,0.0,109.8,7,7,2,0.0,1.5,21,False,False,22.5
2021-02-07,22,22,22,22,25,23,0,9.1,3.5,39,0.0,109.8,7,7,2,0.0,1.5,22,False,False,22.75
2021-02-07,23,26,23,22,23,24,0,8.4,2.8,34,0.0,109.8,7,7,2,0.0,1.5,23,False,False,23.5
2021-02-08,0,64,63,63,62,63,0,7.1,3.4,38,0.0,109.8,1,8,2,0.0,1.5,0,False,False,63.0
2021-02-08,1,87,94,105,110,99,0,5.7,3.4,26,0.0,109.8,1,8,2,0.0,1.5,1,False,False,99.0
2021-02-08,2,104,98,98,111,103,0,3.4,2.6,21,0.0,109.8,1,8,2,0.0,1.5,2,False,False,102.75
2021-02-08,3,90,105,99,104,100,0,2.2,2.4,27,0.0,109.8,1,8,2,0.0,1.5,3,False,False,99.5
2021-02-08,4,105,105,100,110,105,0,1.7,4.0,27,0.0,109.8,1,8,2,0.0,1.5,4,False,False,105.0
2021-02-08,5,82,72,94,101,87,0,0.0,2.5,34,0.0,109.8,1,8,2,0.0,1.5,5,False,False,87.25
2021-02-08,6,109,104,96,81,98,0,0.3,3.8,35,0.0,109.8,1,8,2,0.0,1.5,6,False,False,97.5
2021-02-08,7,72,77,107,117,93,0,-0.2,2.2,32,0.0,109.8,1,8,2,0.0,1.5,7,False,False,93.25
2021-02-08,8,141,154,161,160,154,669,-0.1,1.3,31,0.0,109.8,1,8,2,1.086038961,1.5,8,False,False,154.0
2021-02-08,9,165,160,160,156,160,538,0.7,2.8,31,0.0,109.8,1,8,2,0.839313573,1.0,9,False,False,160.25
2021-02-08,10,127,153,138,150,142,785,1.8,3.2,28,0.0,109.8,1,8,2,1.382042254,1.0,10,False,False,142.0
2021-02-08,11,159,160,167,171,164,2411,2.7,4.2,21,0.0,109.8,1,8,2,3.669710807,1.0,11,False,False,164.25
2021-02-08,12,106,87,94,124,103,120,3.4,4.7,20,0.0,109.8,1,8,2,0.291970803,1.0,12,False,False,102.75
2021-02-08,13,157,174,168,160,165,909,4.6,3.9,21,0.0,109.8,1,8,2,1.379362671,1.0,13,False,False,164.75
2021-02-08,14,156,164,167,176,166,2129,5.2,4.0,20,0.0,109.8,1,8,2,3.211161388,1.0,14,False,False,165.75
2021-02-08,15,139,173,153,180,161,1722,4.9,4.7,17,0.0,109.8,1,8,2,2.669767442,1.0,15,False,False,161.25
2021-02-08,16,150,166,164,152,158,3012,4.8,4.4,17,0.0,109.8,1,8,2,4.765822785,1.0,16,False,False,158.0
2021-02-08,17,127,110,147,161,136,273,4.4,2.6,17,0.0,109.8,1,8,2,0.500917431,1.0,17,False,False,136.25
2021-02-08,18,150,156,152,157,154,992,2.6,1.5,20,0.0,109.8,1,8,2,1.61300813,1.5,18,False,False,153.75
2021-02-08,19,155,144,140,128,142,2012,1.2,1.3,23,0.0,109.8,1,8,2,3.548500882,1.5,19,False,False,141.75
2021-02-08,20,134,132,117,132,129,33,1.0,3.6,23,0.0,109.8,1,8,2,0.06407767,1.5,20,False,False,128.75
2021-02-08,21,132,123,116,114,121,37,0.0,2.4,26,0.0,109.8,1,8,2,0.07628866,1.5,21,False,False,121.25
2021-02-08,22,91,109,115,113,107,0,-0.8,2.4,30,0.0,109.8,1,8,2,0.0,1.5,22,False,False,107.0
2021-02-08,23,105,114,104,82,101,65,-1.5,2.4,32,0.0,109.8,1,8,2,0.160493827,1.5,23,False,False,101.25
2021-02-09,0,72,69,65,65,68,147,-2.0,2.6,34,0.0,109.8,2,9,2,0.542435424,1.5,0,False,False,67.75
2021-02-09,1,92,97,103,103,99,96,-2.3,2.3,35,0.0,109.8,2,9,2,0.243037975,1.5,1,False,False,98.75
2021-02-09,2,107,106,99,103,104,200,-2.7,3.7,38,0.0,109.8,2,9,2,0.481927711,1.5,2,False,False,103.75
2021-02-09,3,92,109,113,99,103,513,-3.5,1.4,40,0.0,109.8,2,9,2,1.242130751,1.5,3,False,False,103.25
2021-02-09,4,96,101,100,101,100,83,-3.2,2.2,39,0.0,109.8,2,9,2,0.208542714,1.5,4,False,False,99.5
2021-02-09,5,84,73,90,91,85,56,-2.9,2.9,40,0.0,109.8,2,9,2,0.165680473,1.5,5,False,False,84.5
2021-02-09,6,102,100,106,105,103,540,-2.8,2.2,38,0.0,109.8,2,9,2,1.307506053,1.5,6,False,False,103.25
2021-02-09,7,105,115,150,140,128,996,-3.1,2.2,39,0.0,109.8,2,9,2,1.952941176,1.5,7,False,False,127.5
2021-02-09,8,158,169,174,174,169,520,-2.8,3.7,37,0.0,109.8,2,9,2,0.77037037,1.5,8,False,False,168.75
2021-02-09,9,168,179,178,164,172,636,-1.1,3.2,32,0.0,109.8,2,9,2,0.923076923,1.0,9,False,False,172.25
2021-02-09,10,135,180,178,172,166,477,0.6,3.1,25,0.0,109.8,2,9,2,0.717293233,1.0,10,False,False,166.25
2021-02-09,11,168,166,178,174,172,592,2.1,2.6,22,0.0,109.8,2,9,2,0.862973761,1.0,11,False,False,171.5
2021-02-09,12,119,102,96,122,110,65,4.7,1.9,21,0.0,109.8,2,9,2,0.148063781,1.0,12,False,False,109.75
2021-02-09,13,159,162,175,181,169,1161,6.0,2.8,21,0.0,109.8,2,9,2,1.714918759,1.0,13,False,False,169.25
2021-02-09,14,168,160,163,170,165,923,7.1,3.4,20,0.0,109.8,2,9,2,1.396369138,1.0,14,False,False,165.25
2021-02-09,15,129,170,168,164,158,1319,7.3,3.3,19,0.0,109.8,2,9,2,2.090332805,1.0,15,False,False,157.75
2021-02-09,16,159,146,144,154,151,1198,7.4,3.5,19,0.0,109.8,2,9,2,1.986733002,1.0,16,False,False,150.75
2021-02-09,17,108,104,144,161,129,885,7.2,2.6,20,0.0,109.8,2,9,2,1.711798839,1.0,17,False,False,129.25
2021-02-09,18,156,156,161,145,155,1801,5.5,0.9,23,0.0,109.8,2,9,2,2.914239482,1.5,18,False,False,154.5
2021-02-09,19,148,136,131,111,132,2578,3.6,1.3,27,0.0,109.8,2,9,2,4.901140684,1.5,19,False,False,131.5
2021-02-09,20,106,112,106,113,109,50,3.7,1.8,27,0.0,109.8,2,9,2,0.114416476,1.5,20,False,False,109.25
2021-02-09,21,107,110,100,103,105,13,4.1,2.9,26,0.0,109.8,2,9,2,0.030952381,1.5,21,False,False,105.0
2021-02-09,22,87,102,106,109,101,148,2.8,1.9,29,0.0,109.8,2,9,2,0.366336634,1.5,22,False,False,101.0
2021-02-09,23,106,95,98,79,95,167,3.8,2.2,28,0.0,109.8,2,9,2,0.441798942,1.5,23,False,False,94.5
2021-02-10,0,64,64,64,67,65,121,2.5,2.4,33,0.0,109.8,3,10,2,0.467181467,1.5,0,False,False,64.75
2021-02-10,1,96,107,104,103,103,39,2.4,3.1,36,0.0,109.8,3,10,2,0.095121951,1.5,1,False,False,102.5
2021-02-10,2,103,109,101,104,104,158,2.6,3.2,36,0.0,109.8,3,10,2,0.378896882,1.5,2,False,False,104.25
2021-02-10,3,89,104,100,104,99,40,3.0,3.1,37,0.0,109.8,3,10,2,0.100755668,1.5,3,False,False,99.25
2021-02-10,4,108,106,106,104,106,143,2.3,1.4,41,0.0,109.8,3,10,2,0.337264151,1.5,4,False,False,106.0
2021-02-10,5,94,81,91,98,91,574,2.6,4.2,39,0.0,109.8,3,10,2,1.576923077,1.5,5,False,False,91.0
2021-02-10,6,106,100,102,107,104,246,2.4,2.5,39,0.0,109.8,3,10,2,0.592771084,1.5,6,False,False,103.75
2021-02-10,7,106,106,131,131,119,577,2.2,1.9,40,0.0,109.8,3,10,2,1.217299578,1.5,7,False,False,118.5
2021-02-10,8,142,157,156,165,155,324,1.4,2.1,45,0.0,109.8,3,10,2,0.522580645,1.5,8,False,False,155.0
2021-02-10,9,166,163,169,166,166,1812,3.1,1.8,42,0.0,109.8,3,10,2,2.728915663,1.0,9,False,False,166.0
2021-02-10,10,134,169,177,175,164,903,4.9,2.6,38,0.0,109.8,3,10,2,1.378625954,1.0,10,False,False,163.75
2021-02-10,11,161,149,168,165,161,1468,7.0,2.0,34,0.0,109.8,3,10,2,2.283048212,1.0,11,False,False,160.75
2021-02-10,12,116,101,102,125,111,508,9.0,2.5,29,0.0,109.8,3,10,2,1.144144144,1.0,12,False,False,111.0
2021-02-10,13,158,145,156,151,153,483,10.7,1.5,23,0.0,109.8,3,10,2,0.791803279,1.0,13,False,False,152.5
2021-02-10,14,153,162,169,165,162,180,11.8,2.3,21,0.0,109.8,3,10,2,0.277349769,1.0,14,False,False,162.25
2021-02-10,15,128,162,161,158,152,0,11.7,2.8,19,0.0,109.8,3,10,2,0.0,1.0,15,False,False,152.25
2021-02-10,16,154,156,150,150,153,0,11.8,2.2,20,0.0,109.8,3,10,2,0.0,1.0,16,False,False,152.5
2021-02-10,17,123,118,143,135,130,0,11.0,1.3,23,0.0,109.8,3,10,2,0.0,1.0,17,False,False,129.75
2021-02-10,18,122,123,123,121,122,0,9.6,2.2,27,0.0,109.8,3,10,2,0.0,1.5,18,False,False,122.25
2021-02-10,19,120,123,122,128,123,0,7.9,2.5,35,0.0,109.8,3,10,2,0.0,1.5,19,False,False,123.25
2021-02-10,20,122,124,142,145,133,0,7.4,2.8,40,0.0,109.8,3,10,2,0.0,1.5,20,False,False,133.25
2021-02-10,21,141,132,128,115,129,0,6.6,1.5,43,0.0,109.8,3,10,2,0.0,1.5,21,False,False,129.0
2021-02-10,22,108,124,122,116,118,0,5.7,1.8,50,0.0,109.8,3,10,2,0.0,1.5,22,False,False,117.5
2021-02-10,23,115,113,103,88,105,0,5.1,2.6,55,0.0,109.8,3,10,2,0.0,1.5,23,False,False,104.75
2021-02-11,0,72,70,69,68,70,0,4.0,2.3,61,0.0,109.8,4,11,2,0.0,1.5,0,False,False,69.75
2021-02-11,1,100,103,112,113,107,0,6.2,3.2,53,0.0,109.8,4,11,2,0.0,1.5,1,False,False,107.0
2021-02-11,2,106,95,105,111,104,0,4.5,1.8,60,0.0,109.8,4,11,2,0.0,1.5,2,False,False,104.25
2021-02-11,3,98,107,103,96,101,0,3.9,2.1,65,0.0,109.8,4,11,2,0.0,1.5,3,False,False,101.0
2021-02-11,4,113,114,110,108,111,0,4.0,1.3,69,0.0,109.8,4,11,2,0.0,1.5,4,False,False,111.25
2021-02-11,5,83,76,97,103,90,0,3.5,1.9,73,0.0,109.8,4,11,2,0.0,1.5,5,False,False,89.75
2021-02-11,6,107,107,107,100,105,0,3.0,1.9,75,0.0,109.8,4,11,2,0.0,1.5,6,False,False,105.25
2021-02-11,7,113,127,149,143,133,0,3.6,2.7,74,0.0,109.8,4,11,2,0.0,1.5,7,False,False,133.0
2021-02-11,8,155,175,171,169,168,0,3.2,1.8,75,0.0,109.8,4,11,2,0.0,1.5,8,False,False,167.5
2021-02-11,9,172,157,168,175,168,0,4.9,2.4,69,0.0,109.8,4,11,2,0.0,1.0,9,False,False,168.0
2021-02-11,10,127,165,168,164,156,0,7.1,1.5,59,0.0,109.8,4,11,2,0.0,1.0,10,False,False,156.0
2021-02-11,11,174,165,168,164,168,0,9.2,2.2,51,0.0,109.8,4,11,2,0.0,1.0,11,False,False,167.75
2021-02-11,12,108,93,93,122,104,0,10.2,1.8,47,0.0,109.8,4,11,2,0.0,1.0,12,False,False,104.0
2021-02-11,13,160,149,155,150,154,0,10.9,1.8,41,0.0,109.8,4,11,2,0.0,1.0,13,False,False,153.5
2021-02-11,14,160,157,160,157,159,0,11.3,2.9,43,0.0,109.8,4,11,2,0.0,1.0,14,False,False,158.5
2021-02-11,15,126,159,160,153,150,0,10.9,3.0,49,0.0,109.8,4,11,2,0.0,1.0,15,False,False,149.5
2021-02-11,16,153,151,163,160,157,0,10.0,3.1,63,0.0,109.8,4,11,2,0.0,1.0,16,False,False,156.75
2021-02-11,17,119,107,158,159,136,0,9.8,2.6,68,0.0,109.8,4,11,2,0.0,1.0,17,False,False,135.75
2021-02-11,18,152,143,145,139,145,0,9.2,1.1,69,0.0,109.8,4,11,2,0.0,1.5,18,False,False,144.75
2021-02-11,19,142,135,142,125,136,0,8.7,1.4,72,0.0,109.8,4,11,2,0.0,1.5,19,False,False,136.0
2021-02-11,20,113,120,130,120,121,0,7.9,1.4,75,0.0,109.8,4,11,2,0.0,1.5,20,False,False,120.75
2021-02-11,21,116,106,111,104,109,0,7.5,0.9,75,0.0,109.8,4,11,2,0.0,1.5,21,False,False,109.25
2021-02-11,22,92,105,110,109,104,0,7.2,1.7,77,0.0,109.8,4,11,2,0.0,1.5,22,False,False,104.0
2021-02-11,23,101,110,105,83,100,0,7.1,2.0,77,0.0,109.8,4,11,2,0.0,1.5,23,False,False,99.75
2021-02-12,0,71,64,65,65,66,0,5.9,0.7,85,0.0,109.8,5,12,2,0.0,1.5,0,False,False,66.25
2021-02-12,1,97,106,111,110,106,0,6.2,1.2,81,0.0,109.8,5,12,2,0.0,1.5,1,False,False,106.0
2021-02-12,2,107,100,98,111,104,0,6.2,1.0,80,0.0,109.8,5,12,2,0.0,1.5,2,False,False,104.0
2021-02-12,3,95,112,112,107,107,0,6.0,1.5,79,0.0,109.8,5,12,2,0.0,1.5,3,False,False,106.5
2021-02-12,4,105,108,113,109,109,0,4.7,0.2,83,0.0,109.8,5,12,2,0.0,1.5,4,False,False,108.75
2021-02-12,5,80,73,97,110,90,0,5.3,0.3,83,0.0,109.8,5,12,2,0.0,1.5,5,False,False,90.0
2021-02-12,6,104,96,106,103,102,0,4.7,0.6,84,0.0,109.8,5,12,2,0.0,1.5,6,False,False,102.25
2021-02-12,7,92,90,68,32,71,0,4.8,1.5,81,0.0,109.8,5,12,2,0.0,1.5,7,False,False,70.5
2021-02-12,8,22,22,24,23,23,0,4.8,0.5,81,0.0,109.8,5,12,2,0.0,1.5,8,False,False,22.75
2021-02-12,9,24,24,24,28,25,0,6.8,0.7,76,0.0,109.8,5,12,2,0.0,1.0,9,False,False,25.0
2021-02-12,10,29,25,25,25,26,0,8.7,0.3,71,0.0,109.8,5,12,2,0.0,1.0,10,False,False,26.0
2021-02-12,11,24,25,29,27,26,0,11.1,1.3,54,0.0,109.8,5,12,2,0.0,1.0,11,False,False,26.25
2021-02-12,12,25,25,24,24,25,0,12.7,1.2,45,0.0,109.8,5,12,2,0.0,1.0,12,False,False,24.5
2021-02-12,13,27,22,22,21,23,0,13.8,1.9,41,0.0,109.8,5,12,2,0.0,1.0,13,False,False,23.0
2021-02-12,14,22,23,22,22,22,0,15.4,1.3,35,0.0,109.8,5,12,2,0.0,1.0,14,False,False,22.25
2021-02-12,15,22,23,23,22,23,0,14.9,3.2,46,0.0,109.8,5,12,2,0.0,1.0,15,False,False,22.5
2021-02-12,16,26,27,23,23,25,0,14.4,2.8,52,0.0,109.8,5,12,2,0.0,1.0,16,False,False,24.75
2021-02-12,17,23,22,22,23,23,0,13.5,2.5,58,0.0,109.8,5,12,2,0.0,1.0,17,False,False,22.5
2021-02-12,18,22,22,22,22,22,0,12.0,1.1,67,0.0,109.8,5,12,2,0.0,1.5,18,False,False,22.0
2021-02-12,19,23,22,26,27,25,0,10.8,0.5,75,0.0,109.8,5,12,2,0.0,1.5,19,False,False,24.5
2021-02-12,20,23,22,22,23,23,0,10.0,0.6,75,0.0,109.8,5,12,2,0.0,1.5,20,False,False,22.5
2021-02-12,21,23,23,22,23,23,0,9.0,1.0,81,0.0,109.8,5,12,2,0.0,1.5,21,False,False,22.75
2021-02-12,22,23,23,22,22,23,0,8.2,0.0,84,0.0,109.8,5,12,2,0.0,1.5,22,False,False,22.5
2021-02-12,23,26,27,22,22,24,0,5.1,2.6,55,0.0,109.8,5,12,2,0.0,1.5,23,False,False,24.25
2021-02-13,0,71,64,65,65,66,0,7.9,1.4,68,0.0,109.8,6,13,2,0.0,1.5,0,False,False,66.25
2021-02-13,1,97,106,111,110,106,0,7.9,1.4,68,0.0,109.8,6,13,2,0.0,1.5,1,False,False,106.0
2021-02-13,2,107,100,98,111,104,0,6.9,0.4,76,0.0,109.8,6,13,2,0.0,1.5,2,False,False,104.0
2021-02-13,3,95,112,112,107,107,0,6.0,0.1,84,0.0,109.8,6,13,2,0.0,1.5,3,False,False,106.5
2021-02-13,4,105,108,113,109,109,0,4.6,1.2,80,0.0,109.8,6,13,2,0.0,1.5,4,False,False,108.75
2021-02-13,5,80,73,97,110,90,0,4.8,0.4,73,0.0,109.8,6,13,2,0.0,1.5,5,False,False,90.0
2021-02-13,6,104,96,106,103,102,0,5.0,0.4,64,0.0,109.8,6,13,2,0.0,1.5,6,False,False,102.25
2021-02-13,7,92,90,68,32,71,0,4.7,0.4,62,0.0,109.8,6,13,2,0.0,1.5,7,False,False,70.5
2021-02-13,8,22,22,24,23,23,0,5.0,1.1,61,0.0,109.8,6,13,2,0.0,1.5,8,False,False,22.75
2021-02-13,9,24,24,24,28,25,0,8.9,0.6,58,0.0,109.8,6,13,2,0.0,1.0,9,False,False,25.0
2021-02-13,10,29,25,25,25,26,0,13.1,1.0,41,0.0,109.8,6,13,2,0.0,1.0,10,False,False,26.0
2021-02-13,11,24,25,29,27,26,0,15.3,2.2,27,0.0,109.8,6,13,2,0.0,1.0,11,False,False,26.25
2021-02-13,12,25,25,24,24,25,0,16.3,2.8,23,0.0,109.8,6,13,2,0.0,1.0,12,False,False,24.5
2021-02-13,13,27,22,22,21,23,0,17.0,2.7,21,0.0,109.8,6,13,2,0.0,1.0,13,False,False,23.0
2021-02-13,14,22,23,22,22,22,0,17.0,3.1,32,0.0,109.8,6,13,2,0.0,1.0,14,False,False,22.25
2021-02-13,15,22,23,23,22,23,0,16.8,2.5,38,0.0,109.8,6,13,2,0.0,1.0,15,False,False,22.5
2021-02-13,16,26,27,23,23,25,0,16.4,2.4,37,0.0,109.8,6,13,2,0.0,1.0,16,False,False,24.75
2021-02-13,17,23,22,22,23,23,0,14.9,2.1,45,0.0,109.8,6,13,2,0.0,1.0,17,False,False,22.5
2021-02-13,18,22,22,22,22,22,0,13.3,1.6,41,0.0,109.8,6,13,2,0.0,1.5,18,False,False,22.0
2021-02-13,19,23,22,26,27,25,0,11.8,1.3,57,0.0,109.8,6,13,2,0.0,1.5,19,False,False,24.5
2021-02-13,20,23,22,22,23,23,0,10.9,1.3,65,0.0,109.8,6,13,2,0.0,1.5,20,False,False,22.5
2021-02-13,21,23,23,22,23,23,0,9.7,0.9,72,0.0,109.8,6,13,2,0.0,1.5,21,False,False,22.75
2021-02-13,22,23,23,22,22,23,0,9.3,0.8,76,0.0,109.8,6,13,2,0.0,1.5,22,False,False,22.5
2021-02-13,23,26,27,22,22,24,0,8.9,0.3,83,0.0,109.8,6,13,2,0.0,1.5,23,False,False,24.25
2021-02-14,0,23,22,23,22,23,0,9.1,0.7,81,0.0,109.8,7,14,2,0.0,1.5,0,False,False,22.5
2021-02-14,1,22,22,22,21,22,0,8.4,0.0,89,0.0,109.8,7,14,2,0.0,1.5,1,False,False,21.75
2021-02-14,2,22,24,27,25,25,0,8.2,0.7,92,0.0,109.8,7,14,2,0.0,1.5,2,False,False,24.5
2021-02-14,3,22,22,22,22,22,0,8.2,0.3,92,0.0,109.8,7,14,2,0.0,1.5,3,False,False,22.0
2021-02-14,4,22,22,23,23,23,0,7.3,0.5,94,0.0,109.8,7,14,2,0.0,1.5,4,False,False,22.5
2021-02-14,5,22,22,22,23,22,0,7.4,0.5,94,0.0,109.8,7,14,2,0.0,1.5,5,False,False,22.25
2021-02-14,6,25,26,22,22,24,0,7.9,0.3,94,0.0,109.8,7,14,2,0.0,1.5,6,False,False,23.75
2021-02-14,7,22,22,22,21,22,0,8.2,0.2,98,0.0,109.8,7,14,2,0.0,1.5,7,False,False,21.75
2021-02-14,8,21,22,21,22,22,0,8.0,0.1,89,0.0,109.8,7,14,2,0.0,1.5,8,False,False,21.5
2021-02-14,9,22,24,26,24,24,0,10.1,0.9,89,0.0,109.8,7,14,2,0.0,1.0,9,False,False,24.0
2021-02-14,10,22,22,22,23,22,0,11.8,1.1,74,0.0,109.8,7,14,2,0.0,1.0,10,False,False,22.25
2021-02-14,11,22,22,22,22,22,0,12.6,1.5,78,0.1,109.8,7,14,2,0.0,1.0,11,False,False,22.0
2021-02-14,12,23,23,23,27,24,0,12.5,1.9,93,0.2,109.8,7,14,2,0.0,1.0,12,False,False,24.0
2021-02-14,13,25,22,23,22,23,0,11.6,1.8,98,1.7,109.8,7,14,2,0.0,1.0,13,False,False,23.0
2021-02-14,14,22,22,23,22,22,0,12.5,1.3,98,1.8,109.8,7,14,2,0.0,1.0,14,False,False,22.25
2021-02-14,15,22,22,23,22,22,0,12.2,1.3,98,1.9,109.8,7,14,2,0.0,1.0,15,False,False,22.25
2021-02-14,16,27,27,23,23,25,0,12.3,1.0,98,1.9,109.8,7,14,2,0.0,1.0,16,False,False,25.0
2021-02-14,17,22,22,22,22,22,0,12.7,1.5,98,1.9,109.8,7,14,2,0.0,1.0,17,False,False,22.0
2021-02-14,18,22,22,22,22,22,0,12.4,0.8,98,1.9,109.8,7,14,2,0.0,1.5,18,False,False,22.0
2021-02-14,19,22,23,26,24,24,0,12.1,0.6,98,1.9,109.8,7,14,2,0.0,1.5,19,False,False,23.75
2021-02-14,20,22,22,22,22,22,0,12.1,0.5,98,1.9,109.8,7,14,2,0.0,1.5,20,False,False,22.0
2021-02-14,21,23,22,23,22,23,0,11.7,0.3,98,3.5,109.8,7,14,2,0.0,1.5,21,False,False,22.5
2021-02-14,22,22,22,22,25,23,0,11.4,1.3,98,4.9,109.8,7,14,2,0.0,1.5,22,False,False,22.75
2021-02-14,23,26,23,22,23,24,0,11.3,1.2,98,7.5,109.8,7,14,2,0.0,1.5,23,False,False,23.5
2021-02-15,0,83,77,72,72,76,0,11.2,1.4,98,9.0,109.8,1,15,2,0.0,1.5,0,False,False,76.0
2021-02-15,1,100,110,115,116,110,0,10.6,2.2,98,0.4,109.8,1,15,2,0.0,1.5,1,False,False,110.25
2021-02-15,2,114,117,121,117,117,0,10.3,2.7,98,0.5,109.8,1,15,2,0.0,1.5,2,False,False,117.25
2021-02-15,3,104,119,117,123,116,0,10.0,2.0,98,0.5,109.8,1,15,2,0.0,1.5,3,False,False,115.75
2021-02-15,4,122,111,100,106,110,0,9.7,1.0,98,0.5,109.8,1,15,2,0.0,1.5,4,False,False,109.75
2021-02-15,5,94,87,96,112,97,0,9.8,2.4,98,0.5,109.8,1,15,2,0.0,1.5,5,False,False,97.25
2021-02-15,6,121,118,117,117,118,0,9.2,0.9,98,0.5,109.8,1,15,2,0.0,1.5,6,False,False,118.25
2021-02-15,7,116,119,144,150,132,0,9.0,1.0,98,0.5,109.8,1,15,2,0.0,1.5,7,False,False,132.25
2021-02-15,8,176,196,198,181,188,635,10.2,2.7,94,0.5,109.8,1,15,2,0.845539281,1.5,8,False,False,187.75
2021-02-15,9,184,195,176,188,186,1362,10.8,3.0,75,0.5,109.8,1,15,2,1.833109017,1.0,9,False,False,185.75
2021-02-15,10,138,174,181,164,164,825,11.5,3.7,66,0.5,109.8,1,15,2,1.255707763,1.0,10,False,False,164.25
2021-02-15,11,162,180,167,184,173,2724,12.8,3.8,56,0.5,109.8,1,15,2,3.930735931,1.0,11,False,False,173.25
2021-02-15,12,128,105,92,122,112,0,13.0,2.8,54,0.5,109.8,1,15,2,0.0,1.0,12,False,False,111.75
2021-02-15,13,168,177,170,170,171,2776,13.8,4.1,53,0.5,109.8,1,15,2,4.052554745,1.0,13,False,False,171.25
2021-02-15,14,182,181,173,172,177,2004,12.6,4.5,52,0.5,109.8,1,15,2,2.830508475,1.0,14,False,False,177.0
2021-02-15,15,137,168,171,176,163,154,12.0,4.4,36,0.5,109.8,1,15,2,0.236196319,1.0,15,False,False,163.0
2021-02-15,16,166,172,181,160,170,903,11.2,3.8,38,0.5,109.8,1,15,2,1.329896907,1.0,16,False,False,169.75
2021-02-15,17,118,108,149,159,134,905,8.0,5.0,24,0.5,109.8,1,15,2,1.694756554,1.0,17,False,False,133.5
2021-02-15,18,161,161,153,170,161,2247,5.9,4.3,27,0.5,109.8,1,15,2,3.48372093,1.5,18,False,False,161.25
2021-02-15,19,162,159,154,147,156,478,4.3,5.9,31,0.5,109.8,1,15,2,0.768488746,1.5,19,False,False,155.5
2021-02-15,20,133,131,127,120,128,51,3.2,5.5,31,0.5,109.8,1,15,2,0.099804305,1.5,20,False,False,127.75
2021-02-15,21,124,131,129,124,127,213,2.2,1.9,30,0.5,109.8,1,15,2,0.419291339,1.5,21,False,False,127.0
2021-02-15,22,108,111,116,123,115,98,1.9,2.1,29,0.5,109.8,1,15,2,0.213973799,1.5,22,False,False,114.5
2021-02-15,23,116,120,110,85,108,452,1.6,2.7,26,0.5,109.8,1,15,2,1.048723898,1.5,23,False,False,107.75
2021-02-16,0,76,73,71,72,73,250,0.6,3.1,30,0.0,109.8,2,16,2,0.856164384,1.5,0,False,False,73.0
2021-02-16,1,100,115,120,109,111,312,-0.2,2.2,37,0.0,109.8,2,16,2,0.702702703,1.5,1,False,False,111.0
2021-02-16,2,106,117,116,117,114,158,-0.7,3.0,41,0.0,109.8,2,16,2,0.346491228,1.5,2,False,False,114.0
2021-02-16,3,106,113,114,113,112,124,-1.3,2.6,46,0.0,109.8,2,16,2,0.278026906,1.5,3,False,False,111.5
2021-02-16,4,118,115,113,102,112,48,-2.3,1.0,51,0.0,109.8,2,16,2,0.107142857,1.5,4,False,False,112.0
2021-02-16,5,79,75,102,111,92,204,-1.9,1.8,48,0.0,109.8,2,16,2,0.555858311,1.5,5,False,False,91.75
2021-02-16,6,114,119,121,105,115,109,-2.1,1.1,45,0.0,109.8,2,16,2,0.237472767,1.5,6,False,False,114.75
2021-02-16,7,96,116,148,161,130,2149,-2.6,1.3,44,0.0,109.8,2,16,2,4.124760077,1.5,7,False,False,130.25
2021-02-16,8,170,185,180,173,177,453,-1.6,0.6,41,0.0,109.8,2,16,2,0.639830508,1.5,8,False,False,177.0
2021-02-16,9,171,168,187,192,180,518,0.2,1.6,36,0.0,109.8,2,16,2,0.721448468,1.0,9,False,False,179.5
2021-02-16,10,150,179,193,190,178,803,1.5,3.3,29,0.0,109.8,2,16,2,1.127808989,1.0,10,False,False,178.0
2021-02-16,11,186,172,175,170,176,714,2.7,2.3,29,0.0,109.8,2,16,2,1.015647226,1.0,11,False,False,175.75
2021-02-16,12,120,104,95,116,109,4,3.7,3.4,26,0.0,109.8,2,16,2,0.009195402,1.0,12,False,False,108.75
2021-02-16,13,158,175,172,171,169,352,4.4,2.8,24,0.0,109.8,2,16,2,0.520710059,1.0,13,False,False,169.0
2021-02-16,14,167,169,172,174,171,3995,5.8,3.7,23,0.0,109.8,2,16,2,5.857771261,1.0,14,False,False,170.5
2021-02-16,15,138,177,180,157,163,2195,6.4,4.0,25,0.0,109.8,2,16,2,3.366564417,1.0,15,False,False,163.0
2021-02-16,16,165,171,177,160,168,2786,6.6,4.1,26,0.0,109.8,2,16,2,4.139673105,1.0,16,False,False,168.25
2021-02-16,17,133,139,166,177,154,82,6.1,4.3,30,0.0,109.8,2,16,2,0.133333333,1.0,17,False,False,153.75
2021-02-16,18,177,169,163,162,168,757,5.6,3.0,36,0.0,109.8,2,16,2,1.128166915,1.5,18,False,False,167.75
2021-02-16,19,152,145,142,117,139,2939,1.2,4.0,63,0.0,109.8,2,16,2,5.285971223,1.5,19,False,False,139.0
2021-02-16,20,108,112,120,115,114,6,-0.8,3.7,82,0.0,109.8,2,16,2,0.013186813,1.5,20,False,False,113.75
2021-02-16,21,110,120,117,123,118,136,-1.3,4.0,73,0.0,109.8,2,16,2,0.289361702,1.5,21,False,False,117.5
2021-02-16,22,102,102,99,107,103,65,-1.3,4.3,45,0.0,109.8,2,16,2,0.158536585,1.5,22,False,False,102.5
2021-02-16,23,107,119,111,85,106,107,-1.9,4.5,38,0.0,109.8,2,16,2,0.253554502,1.5,23,False,False,105.5
2021-02-17,0,72,72,72,71,72,331,-2.5,4.0,39,0.0,109.8,3,17,2,1.153310105,1.5,0,False,False,71.75
2021-02-17,1,96,104,108,118,107,170,-3.0,3.3,39,0.0,109.8,3,17,2,0.399061033,1.5,1,False,False,106.5
2021-02-17,2,115,117,107,110,112,240,-3.5,4.7,34,0.0,109.8,3,17,2,0.534521158,1.5,2,False,False,112.25
2021-02-17,3,112,118,120,115,116,82,-4.0,4.4,37,0.0,109.8,3,17,2,0.176344086,1.5,3,False,False,116.25
2021-02-17,4,111,110,114,115,113,265,-4.6,4.7,42,0.0,109.8,3,17,2,0.588888889,1.5,4,False,False,112.5
2021-02-17,5,98,83,96,112,97,23,-4.9,4.4,36,0.0,109.8,3,17,2,0.059125964,1.5,5,False,False,97.25
2021-02-17,6,118,116,126,122,121,583,-5.1,5.0,33,0.0,109.8,3,17,2,1.209543568,1.5,6,False,False,120.5
2021-02-17,7,120,124,162,158,141,1612,-5.3,4.3,31,0.0,109.8,3,17,2,2.858156028,1.5,7,False,False,141.0
2021-02-17,8,178,193,197,193,190,479,-4.9,4.2,30,0.0,109.8,3,17,2,0.629434954,1.5,8,False,False,190.25
2021-02-17,9,188,180,173,179,180,1759,-4.1,4.3,31,0.0,109.8,3,17,2,2.443055556,1.0,9,False,False,180.0
2021-02-17,10,142,170,177,175,166,1510,-3.4,5.6,28,0.0,109.8,3,17,2,2.274096386,1.0,10,False,False,166.0
2021-02-17,11,188,190,177,177,183,792,-2.4,5.0,28,0.0,109.8,3,17,2,1.081967213,1.0,11,False,False,183.0
2021-02-17,12,116,88,85,123,103,269,-2.2,4.6,28,0.0,109.8,3,17,2,0.652912621,1.0,12,False,False,103.0
2021-02-17,13,169,188,192,182,183,819,-1.6,4.1,29,0.0,109.8,3,17,2,1.120383037,1.0,13,False,False,182.75
2021-02-17,14,171,179,176,189,179,1272,-1.2,4.4,32,0.0,109.8,3,17,2,1.779020979,1.0,14,False,False,178.75
2021-02-17,15,147,179,179,174,170,3267,-1.2,4.6,29,0.0,109.8,3,17,2,4.811487482,1.0,15,False,False,169.75
2021-02-17,16,166,164,170,174,169,1287,-1.4,4.7,24,0.0,109.8,3,17,2,1.909495549,1.0,16,False,False,168.5
2021-02-17,17,132,118,144,158,138,2402,-2.3,4.5,26,0.0,109.8,3,17,2,4.351449275,1.0,17,False,False,138.0
2021-02-17,18,171,166,177,167,170,382,-3.6,5.2,23,0.0,109.8,3,17,2,0.560939794,1.5,18,False,False,170.25
2021-02-17,19,160,160,169,147,159,1510,-4.4,3.7,25,0.0,109.8,3,17,2,2.374213836,1.5,19,False,False,159.0
2021-02-17,20,133,143,143,135,139,117,-5.0,4.9,29,0.0,109.8,3,17,2,0.211191336,1.5,20,False,False,138.5
2021-02-17,21,125,134,125,123,127,15,-5.2,5.1,30,0.0,109.8,3,17,2,0.029585799,1.5,21,False,False,126.75
2021-02-17,22,119,128,126,127,125,292,-5.3,4.3,30,0.0,109.8,3,17,2,0.584,1.5,22,False,False,125.0
2021-02-17,23,125,120,105,94,111,150,-5.6,4.2,32,0.0,109.8,3,17,2,0.337837838,1.5,23,False,False,111.0
2021-02-18,0,90,82,75,73,80,122,-5.8,5.1,37,0.0,109.8,4,18,2,0.38125,1.5,0,False,False,80.0
2021-02-18,1,98,117,117,115,112,287,-6.2,5.0,43,0.0,109.8,4,18,2,0.642058166,1.5,1,False,False,111.75
2021-02-18,2,117,121,117,105,115,28,-6.5,2.9,47,0.0,109.8,4,18,2,0.060869565,1.5,2,False,False,115.0
2021-02-18,3,101,118,126,111,114,300,-6.9,4.4,54,0.0,109.8,4,18,2,0.657894737,1.5,3,False,False,114.0
2021-02-18,4,104,110,117,115,112,42,-7.4,4.2,54,0.0,109.8,4,18,2,0.094170404,1.5,4,False,False,111.5
2021-02-18,5,96,90,100,120,102,0,-7.6,3.6,53,0.0,109.8,4,18,2,0.0,1.5,5,False,False,101.5
2021-02-18,6,123,122,123,114,121,0,-7.6,3.7,53,0.0,109.8,4,18,2,0.0,1.5,6,False,False,120.5
2021-02-18,7,112,125,138,157,133,1368,-7.5,2.5,54,0.0,109.8,4,18,2,2.571428571,1.5,7,False,False,133.0
2021-02-18,8,166,153,150,177,162,197,-7.1,3.1,54,0.0,109.8,4,18,2,0.30495356,1.5,8,False,False,161.5
2021-02-18,9,168,162,166,186,171,1493,-6.3,4.0,50,0.0,109.8,4,18,2,2.18914956,1.0,9,False,False,170.5
2021-02-18,10,156,179,168,156,165,801,-5.3,3.9,48,0.0,109.8,4,18,2,1.215477997,1.0,10,False,False,164.75
2021-02-18,11,165,185,182,177,177,772,-4.2,4.2,44,0.0,109.8,4,18,2,1.088857546,1.0,11,False,False,177.25
2021-02-18,12,104,88,90,124,102,74,-3.0,3.5,40,0.0,109.8,4,18,2,0.18226601,1.0,12,False,False,101.5
2021-02-18,13,170,180,176,171,174,768,-1.7,4.7,38,0.0,109.8,4,18,2,1.101865136,1.0,13,False,False,174.25
2021-02-18,14,170,166,153,165,164,2874,-0.8,4.5,34,0.0,109.8,4,18,2,4.394495413,1.0,14,False,False,163.5
2021-02-18,15,130,170,168,154,156,260,-0.2,4.0,31,0.0,109.8,4,18,2,0.418006431,1.0,15,False,False,155.5
2021-02-18,16,156,161,174,156,162,703,0.0,4.1,31,0.0,109.8,4,18,2,1.086553323,1.0,16,False,False,161.75
2021-02-18,17,140,133,153,164,148,1073,-0.1,3.7,33,0.0,109.8,4,18,2,1.818644068,1.0,17,False,False,147.5
2021-02-18,18,154,146,150,151,150,1436,-0.8,2.6,36,0.0,109.8,4,18,2,2.389351082,1.5,18,False,False,150.25
2021-02-18,19,139,138,142,131,138,3139,-1.2,2.7,41,0.0,109.8,4,18,2,5.707272727,1.5,19,False,False,137.5
2021-02-18,20,119,124,114,112,117,0,-1.8,1.5,43,0.0,109.8,4,18,2,0.0,1.5,20,False,False,117.25
2021-02-18,21,108,115,110,121,114,224,-3.2,0.6,48,0.0,109.8,4,18,2,0.49339207,1.5,21,False,False,113.5
2021-02-18,22,117,115,116,108,114,124,-3.0,1.3,48,0.0,109.8,4,18,2,0.271929825,1.5,22,False,False,114.0
2021-02-18,23,116,120,109,80,106,98,-3.0,2.4,51,0.0,109.8,4,18,2,0.230588235,1.5,23,False,False,106.25
2021-02-19,0,70,67,65,65,67,132,-3.2,2.8,54,0.0,109.8,5,19,2,0.494382022,1.5,0,False,False,66.75
2021-02-19,1,95,114,114,118,110,490,-3.5,1.7,55,0.0,109.8,5,19,2,1.111111111,1.5,1,False,False,110.25
2021-02-19,2,119,116,111,114,115,244,-3.1,2.8,56,0.0,109.8,5,19,2,0.530434783,1.5,2,False,False,115.0
2021-02-19,3,92,109,99,98,100,376,-2.6,2.7,53,0.0,109.8,5,19,2,0.944723618,1.5,3,False,False,99.5
2021-02-19,4,105,108,114,110,109,251,-3.6,1.1,58,0.0,109.8,5,19,2,0.574370709,1.5,4,False,False,109.25
2021-02-19,5,85,76,90,102,88,6,-3.6,1.4,58,0.0,109.8,5,19,2,0.016997167,1.5,5,False,False,88.25
2021-02-19,6,109,105,103,94,103,123,-3.4,1.8,59,0.0,109.8,5,19,2,0.299270073,1.5,6,False,False,102.75
2021-02-19,7,82,74,41,32,57,1902,-3.7,0.8,60,0.0,109.8,5,19,2,8.305676856,1.5,7,False,False,57.25
2021-02-19,8,25,22,22,22,23,994,-1.6,2.3,50,0.0,109.8,5,19,2,10.92307692,1.5,8,False,False,22.75
2021-02-19,9,22,22,22,22,22,800,1.0,1.6,41,0.0,109.8,5,19,2,9.090909091,1.0,9,False,False,22.0
2021-02-19,10,22,22,22,22,22,4258,4.0,2.0,29,0.0,109.8,5,19,2,48.38636364,1.0,10,False,False,22.0
2021-02-19,11,24,27,23,22,24,3369,4.6,2.7,30,0.0,109.8,5,19,2,35.09375,1.0,11,False,False,24.0
2021-02-19,12,22,22,22,22,22,320,7.8,2.7,25,0.0,109.8,5,19,2,3.636363636,1.0,12,False,False,22.0
2021-02-19,13,22,21,22,22,22,1334,9.3,1.8,30,0.0,109.8,5,19,2,15.33333333,1.0,13,False,False,21.75
2021-02-19,14,22,23,27,26,25,503,10.5,2.8,31,0.0,109.8,5,19,2,5.132653061,1.0,14,False,False,24.5
2021-02-19,15,22,22,23,22,22,184,11.6,2.5,27,0.0,109.8,5,19,2,2.06741573,1.0,15,False,False,22.25
2021-02-19,16,22,22,22,22,22,1306,11.9,1.7,27,0.0,109.8,5,19,2,14.84090909,1.0,16,False,False,22.0
2021-02-19,17,23,22,22,23,23,322,12.2,2.9,21,0.0,109.8,5,19,2,3.577777778,1.0,17,False,False,22.5
2021-02-19,18,23,27,25,22,24,2370,10.7,3.9,25,0.0,109.8,5,19,2,24.43298969,1.5,18,False,False,24.25
2021-02-19,19,22,22,22,22,22,931,9.0,4.1,32,0.0,109.8,5,19,2,10.57954545,1.5,19,False,False,22.0
2021-02-19,20,22,22,22,22,22,62,7.9,3.0,36,0.0,109.8,5,19,2,0.704545455,1.5,20,False,False,22.0
2021-02-19,21,22,22,23,27,24,124,8.1,4.2,44,0.0,109.8,5,19,2,1.319148936,1.5,21,False,False,23.5
2021-02-19,22,25,23,22,22,23,330,7.2,2.7,49,0.0,109.8,5,19,2,3.586956522,1.5,22,False,False,23.0
2021-02-19,23,22,22,22,22,22,55,6.5,1.9,53,0.0,109.8,5,19,2,0.625,1.5,23,False,False,22.0
2021-02-20,0,71,64,65,65,66,304,7.2,1.8,52,0.0,109.8,6,20,2,1.147169811,1.5,0,False,False,66.25
2021-02-20,1,97,106,111,110,106,174,8.0,2.9,46,0.0,109.8,6,20,2,0.410377358,1.5,1,False,False,106.0
2021-02-20,2,107,100,98,111,104,241,7.7,2.8,50,0.0,109.8,6,20,2,0.579326923,1.5,2,False,False,104.0
2021-02-20,3,95,112,112,107,107,162,7.8,4.2,55,0.0,109.8,6,20,2,0.38028169,1.5,3,False,False,106.5
2021-02-20,4,105,108,113,109,109,81,8.1,5.6,59,0.0,109.8,6,20,2,0.186206897,1.5,4,False,False,108.75
2021-02-20,5,80,73,97,110,90,18,8.1,4.6,62,0.0,109.8,6,20,2,0.05,1.5,5,False,False,90.0
2021-02-20,6,104,96,106,103,102,70,8.3,5.0,66,0.0,109.8,6,20,2,0.171149144,1.5,6,False,False,102.25
2021-02-20,7,92,90,68,32,71,1378,8.5,4.4,66,0.0,109.8,6,20,2,4.886524823,1.5,7,False,False,70.5
2021-02-20,8,22,22,24,23,23,0,9.1,4.5,65,0.0,109.8,6,20,2,0.0,1.5,8,False,False,22.75
2021-02-20,9,24,24,24,28,25,0,10.6,5.1,60,0.0,109.8,6,20,2,0.0,1.0,9,False,False,25.0
2021-02-20,10,29,25,25,25,26,0,12.8,5.1,54,0.0,109.8,6,20,2,0.0,1.0,10,False,False,26.0
2021-02-20,11,24,25,29,27,26,0,15.0,3.9,47,0.0,109.8,6,20,2,0.0,1.0,11,False,False,26.25
2021-02-20,12,25,25,24,24,25,0,16.9,4.6,35,0.0,109.8,6,20,2,0.0,1.0,12,False,False,24.5
2021-02-20,13,27,22,22,21,23,0,18.4,3.4,30,0.0,109.8,6,20,2,0.0,1.0,13,False,False,23.0
2021-02-20,14,22,23,22,22,22,0,18.6,4.5,28,0.0,109.8,6,20,2,0.0,1.0,14,False,False,22.25
2021-02-20,15,22,23,23,22,23,0,19.5,4.3,26,0.0,109.8,6,20,2,0.0,1.0,15,False,False,22.5
2021-02-20,16,26,27,23,23,25,0,19.3,3.2,27,0.0,109.8,6,20,2,0.0,1.0,16,False,False,24.75
2021-02-20,17,23,22,22,23,23,0,18.8,2.9,30,0.0,109.8,6,20,2,0.0,1.0,17,False,False,22.5
2021-02-20,18,22,22,22,22,22,0,17.0,2.4,40,0.0,109.8,6,20,2,0.0,1.5,18,False,False,22.0
2021-02-20,19,23,22,26,27,25,0,15.0,3.0,53,0.0,109.8,6,20,2,0.0,1.5,19,False,False,24.5
2021-02-20,20,23,22,22,23,23,0,14.6,3.0,50,0.0,109.8,6,20,2,0.0,1.5,20,False,False,22.5
2021-02-20,21,23,23,22,23,23,0,14.1,2.9,51,0.0,109.8,6,20,2,0.0,1.5,21,False,False,22.75
2021-02-20,22,23,23,22,22,23,0,13.8,2.9,54,0.0,109.8,6,20,2,0.0,1.5,22,False,False,22.5
2021-02-20,23,26,27,22,22,24,0,12.6,2.0,56,0.0,109.8,6,20,2,0.0,1.5,23,False,False,24.25
2021-02-21,0,23,22,23,22,23,0,11.9,2.3,59,0.0,109.8,7,21,2,0.0,1.5,0,False,False,22.5
2021-02-21,1,22,22,22,21,22,0,10.9,1.1,64,0.0,109.8,7,21,2,0.0,1.5,1,False,False,21.75
2021-02-21,2,22,24,27,25,25,0,10.6,1.3,64,0.0,109.8,7,21,2,0.0,1.5,2,False,False,24.5
2021-02-21,3,22,22,22,22,22,0,11.9,3.7,54,0.0,109.8,7,21,2,0.0,1.5,3,False,False,22.0
2021-02-21,4,22,22,23,23,23,0,13.0,3.4,43,0.0,109.8,7,21,2,0.0,1.5,4,False,False,22.5
2021-02-21,5,22,22,22,23,22,0,12.8,2.3,45,0.0,109.8,7,21,2,0.0,1.5,5,False,False,22.25
2021-02-21,6,25,26,22,22,24,0,11.8,1.7,52,0.0,109.8,7,21,2,0.0,1.5,6,False,False,23.75
2021-02-21,7,22,22,22,21,22,0,11.9,3.0,56,0.0,109.8,7,21,2,0.0,1.5,7,False,False,21.75
2021-02-21,8,21,22,21,22,22,0,12.7,2.4,56,0.0,109.8,7,21,2,0.0,1.5,8,False,False,21.5
2021-02-21,9,22,24,26,24,24,0,14.0,2.1,54,0.0,109.8,7,21,2,0.0,1.0,9,False,False,24.0
2021-02-21,10,22,22,22,23,22,0,15.5,1.5,50,0.0,109.8,7,21,2,0.0,1.0,10,False,False,22.25
2021-02-21,11,22,22,22,22,22,0,17.7,2.6,49,0.0,109.8,7,21,2,0.0,1.0,11,False,False,22.0
2021-02-21,12,23,23,23,27,24,0,21.0,3.7,28,0.0,109.8,7,21,2,0.0,1.0,12,False,False,24.0
2021-02-21,13,25,22,23,22,23,0,21.4,5.2,26,0.0,109.8,7,21,2,0.0,1.0,13,False,False,23.0
2021-02-21,14,22,22,23,22,22,0,23.1,4.2,24,0.0,109.8,7,21,2,0.0,1.0,14,False,False,22.25
2021-02-21,15,22,22,23,22,22,0,23.3,4.4,23,0.0,109.8,7,21,2,0.0,1.0,15,False,False,22.25
2021-02-21,16,27,27,23,23,25,0,22.4,5.2,26,0.0,109.8,7,21,2,0.0,1.0,16,False,False,25.0
2021-02-21,17,22,22,22,22,22,0,20.9,5.7,31,0.0,109.8,7,21,2,0.0,1.0,17,False,False,22.0
2021-02-21,18,22,22,22,22,22,0,19.5,4.9,34,0.0,109.8,7,21,2,0.0,1.5,18,False,False,22.0
2021-02-21,19,22,23,26,24,24,0,18.5,4.9,36,0.0,109.8,7,21,2,0.0,1.5,19,False,False,23.75
2021-02-21,20,22,22,22,22,22,0,17.8,6.3,36,0.0,109.8,7,21,2,0.0,1.5,20,False,False,22.0
2021-02-21,21,23,22,23,22,23,0,17.4,4.6,36,0.0,109.8,7,21,2,0.0,1.5,21,False,False,22.5
2021-02-21,22,22,22,22,25,23,0,17.1,4.4,34,0.0,109.8,7,21,2,0.0,1.5,22,False,False,22.75
2021-02-21,23,26,23,22,23,24,0,16.2,1.8,34,0.0,109.8,7,21,2,0.0,1.5,23,False,False,23.5
2021-02-22,0,69,71,74,71,71,0,14.1,1.0,40,0.0,109.8,1,22,2,0.0,1.5,0,False,False,71.25
2021-02-22,1,93,112,109,118,108,0,15.0,2.1,41,0.0,109.8,1,22,2,0.0,1.5,1,False,False,108.0
2021-02-22,2,118,110,103,120,113,0,15.4,2.9,41,0.0,109.8,1,22,2,0.0,1.5,2,False,False,112.75
2021-02-22,3,96,123,117,116,113,0,14.4,3.0,45,0.0,109.8,1,22,2,0.0,1.5,3,False,False,113.0
2021-02-22,4,113,112,121,120,117,0,14.3,3.2,50,0.0,109.8,1,22,2,0.0,1.5,4,False,False,116.5
2021-02-22,5,86,76,100,112,94,0,12.9,2.3,58,0.0,109.8,1,22,2,0.0,1.5,5,False,False,93.5
2021-02-22,6,117,117,114,108,114,0,12.8,1.6,63,0.0,109.8,1,22,2,0.0,1.5,6,False,False,114.0
2021-02-22,7,105,128,162,159,139,0,12.4,2.4,70,0.0,109.8,1,22,2,0.0,1.5,7,False,False,138.5
2021-02-22,8,165,167,174,178,171,820,13.5,3.4,74,0.0,109.8,1,22,2,1.198830409,1.5,8,False,False,171.0
2021-02-22,9,170,176,160,160,167,976,15.3,2.8,71,0.0,109.8,1,22,2,1.465465465,1.0,9,False,False,166.5
2021-02-22,10,140,175,189,185,172,873,16.9,3.9,58,0.0,109.8,1,22,2,1.267053701,1.0,10,False,False,172.25
2021-02-22,11,169,172,180,168,172,2168,19.0,3.5,45,0.0,109.8,1,22,2,3.14658926,1.0,11,False,False,172.25
2021-02-22,12,116,104,101,122,111,84,20.6,4.4,41,0.0,109.8,1,22,2,0.189616253,1.0,12,False,False,110.75
2021-02-22,13,156,155,168,186,166,773,22.2,3.5,35,0.0,109.8,1,22,2,1.162406015,1.0,13,False,False,166.25
2021-02-22,14,172,151,140,163,157,1146,23.6,2.5,31,0.0,109.8,1,22,2,1.830670927,1.0,14,False,False,156.5
2021-02-22,15,125,171,168,161,156,1275,23.1,3.9,31,0.0,109.8,1,22,2,2.04,1.0,15,False,False,156.25
2021-02-22,16,148,175,162,154,160,5650,23.0,2.2,32,0.0,109.8,1,22,2,8.841940532,1.0,16,False,False,159.75
2021-02-22,17,104,87,129,159,120,354,21.7,3.4,33,0.0,109.8,1,22,2,0.739039666,1.0,17,False,False,119.75
2021-02-22,18,164,150,147,149,153,1115,19.4,2.9,30,0.0,109.8,1,22,2,1.827868852,1.5,18,False,False,152.5
2021-02-22,19,153,142,174,154,156,4364,18.4,2.7,23,0.0,109.8,1,22,2,7.004815409,1.5,19,False,False,155.75
2021-02-22,20,133,134,129,134,133,1,17.6,3.7,18,0.0,109.8,1,22,2,0.001886792,1.5,20,False,False,132.5
2021-02-22,21,123,128,128,123,126,256,15.5,4.2,12,0.0,109.8,1,22,2,0.509960159,1.5,21,False,False,125.5
2021-02-22,22,98,122,118,116,114,214,13.4,3.2,12,0.0,109.8,1,22,2,0.471365639,1.5,22,False,False,113.5
2021-02-22,23,131,120,114,88,113,204,12.1,2.4,11,0.0,109.8,1,22,2,0.450331126,1.5,23,False,False,113.25
2021-02-23,0,70,69,69,68,69,148,10.5,1.3,15,0.0,109.8,2,23,2,0.536231884,1.5,0,False,False,69.0
2021-02-23,1,97,105,102,106,103,66,9.2,3.1,15,0.0,109.8,2,23,2,0.16097561,1.5,1,False,False,102.5
2021-02-23,2,119,123,123,113,120,222,7.3,4.1,20,0.0,109.8,2,23,2,0.464435146,1.5,2,False,False,119.5
2021-02-23,3,92,99,108,113,103,140,5.9,3.6,20,0.0,109.8,2,23,2,0.339805825,1.5,3,False,False,103.0
2021-02-23,4,116,111,109,111,112,68,4.8,2.1,23,0.0,109.8,2,23,2,0.15212528,1.5,4,False,False,111.75
2021-02-23,5,86,72,98,125,95,149,4.3,3.4,25,0.0,109.8,2,23,2,0.391076115,1.5,5,False,False,95.25
2021-02-23,6,125,115,108,119,117,342,3.0,2.2,30,0.0,109.8,2,23,2,0.732334047,1.5,6,False,False,116.75
2021-02-23,7,120,134,158,149,140,693,2.0,3.1,34,0.0,109.8,2,23,2,1.235294118,1.5,7,False,False,140.25
2021-02-23,8,151,174,165,160,163,1560,2.3,2.8,35,0.0,109.8,2,23,2,2.4,1.5,8,False,False,162.5
2021-02-23,9,162,160,161,156,160,727,3.7,3.0,31,0.0,109.8,2,23,2,1.13771518,1.0,9,False,False,159.75
2021-02-23,10,127,149,156,160,148,1757,4.8,3.6,27,0.0,109.8,2,23,2,2.967905405,1.0,10,False,False,148.0
2021-02-23,11,166,152,152,153,156,806,7.6,3.0,21,0.0,109.8,2,23,2,1.293739968,1.0,11,False,False,155.75
2021-02-23,12,97,85,86,104,93,436,7.6,2.7,18,0.0,109.8,2,23,2,1.172043011,1.0,12,False,False,93.0
2021-02-23,13,153,149,150,161,153,1468,9.2,3.3,14,0.0,109.8,2,23,2,2.394779772,1.0,13,False,False,153.25
2021-02-23,14,149,146,156,153,151,2610,11.1,2.2,12,0.0,109.8,2,23,2,4.321192053,1.0,14,False,False,151.0
2021-02-23,15,132,165,161,142,150,458,12.0,2.0,11,0.0,109.8,2,23,2,0.763333333,1.0,15,False,False,150.0
2021-02-23,16,142,165,168,163,160,3119,11.3,2.6,31,0.0,109.8,2,23,2,4.888714734,1.0,16,False,False,159.5
2021-02-23,17,102,98,142,170,128,747,8.9,2.3,41,0.0,109.8,2,23,2,1.458984375,1.0,17,False,False,128.0
2021-02-23,18,166,161,161,158,162,1410,7.7,3.0,48,0.0,109.8,2,23,2,2.182662539,1.5,18,False,False,161.5
2021-02-23,19,146,141,143,117,137,2750,6.8,1.3,54,0.0,109.8,2,23,2,5.027422303,1.5,19,False,False,136.75
2021-02-23,20,126,123,125,136,128,150,6.1,1.6,56,0.0,109.8,2,23,2,0.294117647,1.5,20,False,False,127.5
2021-02-23,21,126,124,127,126,126,108,5.3,1.6,57,0.0,109.8,2,23,2,0.21471173,1.5,21,False,False,125.75
2021-02-23,22,91,120,123,122,114,98,5.2,2.4,57,0.0,109.8,2,23,2,0.214912281,1.5,22,False,False,114.0
2021-02-23,23,103,120,116,101,110,17,4.4,3.1,45,0.0,109.8,2,23,2,0.038636364,1.5,23,False,False,110.0
2021-02-24,0,73,70,69,69,70,0,4.2,3.1,41,0.0,109.8,3,24,2,0.0,1.5,0,False,False,70.25
2021-02-24,1,98,106,119,121,111,10,3.7,2.6,32,0.0,109.8,3,24,2,0.022522523,1.5,1,False,False,111.0
2021-02-24,2,126,120,113,113,118,207,3.4,3.0,27,0.0,109.8,3,24,2,0.438559322,1.5,2,False,False,118.0
2021-02-24,3,106,117,121,123,117,30,3.4,3.2,24,0.0,109.8,3,24,2,0.064239829,1.5,3,False,False,116.75
2021-02-24,4,118,114,121,112,116,506,3.1,3.6,24,0.0,109.8,3,24,2,1.088172043,1.5,4,False,False,116.25
2021-02-24,5,99,83,106,116,101,112,2.9,2.7,24,0.0,109.8,3,24,2,0.277227723,1.5,5,False,False,101.0
2021-02-24,6,124,122,112,113,118,336,2.8,3.3,24,0.0,109.8,3,24,2,0.713375796,1.5,6,False,False,117.75
2021-02-24,7,120,136,169,172,149,1196,2.8,2.6,25,0.0,109.8,3,24,2,2.003350084,1.5,7,False,False,149.25
2021-02-24,8,171,188,185,184,182,711,3.1,1.7,26,0.0,109.8,3,24,2,0.976648352,1.5,8,False,False,182.0
2021-02-24,9,154,165,172,156,162,680,4.3,2.2,30,0.0,109.8,3,24,2,1.051004637,1.0,9,False,False,161.75
2021-02-24,10,123,154,168,171,154,1431,7.2,1.6,43,0.0,109.8,3,24,2,2.323051948,1.0,10,False,False,154.0
2021-02-24,11,163,165,170,156,164,755,8.8,1.3,43,0.0,109.8,3,24,2,1.154434251,1.0,11,False,False,163.5
2021-02-24,12,113,93,99,116,105,24,9.4,2.6,52,0.0,109.8,3,24,2,0.057007126,1.0,12,False,False,105.25
2021-02-24,13,147,163,182,190,171,1761,9.3,2.9,63,0.0,109.8,3,24,2,2.582111437,1.0,13,False,False,170.5
2021-02-24,14,175,169,151,158,163,814,8.7,3.4,66,0.0,109.8,3,24,2,1.246554364,1.0,14,False,False,163.25
2021-02-24,15,114,141,166,180,150,678,8.5,4.1,66,0.0,109.8,3,24,2,1.1281198,1.0,15,False,False,150.25
2021-02-24,16,163,157,165,164,162,1841,8.1,2.8,64,0.0,109.8,3,24,2,2.836671803,1.0,16,False,False,162.25
2021-02-24,17,123,107,145,164,135,585,7.6,2.3,65,0.0,109.8,3,24,2,1.085343228,1.0,17,False,False,134.75
2021-02-24,18,152,146,142,159,150,734,7.5,2.6,67,0.0,109.8,3,24,2,1.225375626,1.5,18,False,False,149.75
2021-02-24,19,160,154,168,155,159,2359,7.0,1.0,69,0.0,109.8,3,24,2,3.703296703,1.5,19,False,False,159.25
2021-02-24,20,128,131,141,142,136,4,7.0,2.0,69,0.0,109.8,3,24,2,0.007380074,1.5,20,False,False,135.5
2021-02-24,21,140,142,122,120,131,1,6.9,1.1,69,0.0,109.8,3,24,2,0.001908397,1.5,21,False,False,131.0
2021-02-24,22,104,124,122,135,121,200,6.6,0.6,70,0.0,109.8,3,24,2,0.412371134,1.5,22,False,False,121.25
2021-02-24,23,129,122,119,89,115,4,5.8,1.3,73,0.0,109.8,3,24,2,0.008714597,1.5,23,False,False,114.75
2021-02-25,0,74,70,70,70,71,0,4.8,0.6,78,0.0,109.8,4,25,2,0.0,1.5,0,False,False,71.0
2021-02-25,1,104,123,128,121,119,21,5.1,1.2,78,0.0,109.8,4,25,2,0.044117647,1.5,1,False,False,119.0
2021-02-25,2,125,126,102,115,117,47,4.1,1.4,82,0.0,109.8,4,25,2,0.10042735,1.5,2,False,False,117.0
2021-02-25,3,98,124,127,128,119,0,4.0,1.1,83,0.0,109.8,4,25,2,0.0,1.5,3,False,False,119.25
2021-02-25,4,116,116,122,119,118,122,3.5,1.4,86,0.0,109.8,4,25,2,0.257928118,1.5,4,False,False,118.25
2021-02-25,5,105,93,112,114,106,840,3.4,0.8,87,0.0,109.8,4,25,2,1.981132075,1.5,5,False,False,106.0
2021-02-25,6,108,107,120,122,114,0,3.4,1.2,88,0.0,109.8,4,25,2,0.0,1.5,6,False,False,114.25
2021-02-25,7,122,124,152,142,135,1838,2.4,0.4,90,0.0,109.8,4,25,2,3.403703704,1.5,7,False,False,135.0
2021-02-25,8,135,154,166,168,156,598,3.8,0.4,86,0.0,109.8,4,25,2,0.959871589,1.5,8,False,False,155.75
2021-02-25,9,162,170,178,169,170,1265,6.9,0.3,77,0.0,109.8,4,25,2,1.863033873,1.0,9,False,False,169.75
2021-02-25,10,151,176,178,182,172,1117,10.1,0.9,64,0.0,109.8,4,25,2,1.625909753,1.0,10,False,False,171.75
2021-02-25,11,184,177,177,183,180,3784,10.1,0.9,60,0.0,109.8,4,25,2,5.248266297,1.0,11,False,False,180.25
2021-02-25,12,136,112,105,134,122,144,10.5,0.7,57,0.0,109.8,4,25,2,0.295687885,1.0,12,False,False,121.75
2021-02-25,13,185,184,174,174,179,1573,10.4,1.2,58,0.0,109.8,4,25,2,2.193863319,1.0,13,False,False,179.25
2021-02-25,14,184,177,169,178,177,887,10.9,1.9,57,0.0,109.8,4,25,2,1.252824859,1.0,14,False,False,177.0
2021-02-25,15,152,182,186,178,175,599,11.4,1.6,54,0.0,109.8,4,25,2,0.858166189,1.0,15,False,False,174.5
2021-02-25,16,165,155,169,176,166,1763,10.7,2.1,54,0.0,109.8,4,25,2,2.65112782,1.0,16,False,False,166.25
2021-02-25,17,126,104,154,180,141,1389,9.4,2.7,65,0.0,109.8,4,25,2,2.462765957,1.0,17,False,False,141.0
2021-02-25,18,164,148,130,124,142,2192,7.4,2.3,85,0.2,109.8,4,25,2,3.872791519,1.5,18,False,False,141.5
2021-02-25,19,127,111,107,96,110,967,6.6,2.4,98,1.6,109.8,4,25,2,2.192743764,1.5,19,False,False,110.25
2021-02-25,20,100,109,111,115,109,124,6.4,2.1,98,2.9,109.8,4,25,2,0.285057471,1.5,20,False,False,108.75
2021-02-25,21,121,118,118,108,116,156,6.4,1.0,98,3.3,109.8,4,25,2,0.335483871,1.5,21,False,False,116.25
2021-02-25,22,108,116,136,132,123,113,6.4,1.4,98,3.6,109.8,4,25,2,0.229674797,1.5,22,False,False,123.0
2021-02-25,23,122,107,94,84,102,32,6.5,2.2,98,3.8,109.8,4,25,2,0.078624079,1.5,23,False,False,101.75
2021-02-26,0,71,71,71,71,71,128,6.5,2.1,98,3.8,109.8,5,26,2,0.450704225,1.5,0,False,False,71.0
2021-02-26,1,103,124,124,112,116,97,6.5,2.8,98,0.1,109.8,5,26,2,0.20950324,1.5,1,False,False,115.75
2021-02-26,2,107,103,109,125,111,292,6.5,2.1,98,0.4,109.8,5,26,2,0.657657658,1.5,2,False,False,111.0
2021-02-26,3,104,113,113,107,109,18,7.0,1.4,98,0.5,109.8,5,26,2,0.041189931,1.5,3,False,False,109.25
2021-02-26,4,120,131,124,126,125,234,7.1,1.4,98,1.1,109.8,5,26,2,0.467065868,1.5,4,False,False,125.25
2021-02-26,5,96,79,101,113,97,1,7.4,1.6,91,1.8,109.8,5,26,2,0.002570694,1.5,5,False,False,97.25
2021-02-26,6,119,127,119,107,118,461,7.4,1.8,83,1.9,109.8,5,26,2,0.976694915,1.5,6,False,False,118.0
2021-02-26,7,95,94,64,30,71,869,7.2,1.6,96,2.3,109.8,5,26,2,3.070671378,1.5,7,False,False,70.75
2021-02-26,8,24,23,23,23,23,1037,7.4,2.0,96,2.6,109.8,5,26,2,11.15053763,1.5,8,False,False,23.25
2021-02-26,9,23,23,23,23,23,761,8.4,3.7,88,3.0,109.8,5,26,2,8.27173913,1.0,9,False,False,23.0
2021-02-26,10,23,25,28,27,26,474,9.5,4.2,74,3.4,109.8,5,26,2,4.601941748,1.0,10,False,False,25.75
2021-02-26,11,23,24,24,24,24,2107,9.9,3.9,62,3.4,109.8,5,26,2,22.17894737,1.0,11,False,False,23.75
2021-02-26,12,23,24,24,24,24,0,10.6,4.1,57,3.4,109.8,5,26,2,0.0,1.0,12,False,False,23.75
2021-02-26,13,23,23,27,28,25,1298,10.1,3.6,56,3.4,109.8,5,26,2,12.85148515,1.0,13,False,False,25.25
2021-02-26,14,25,23,23,24,24,626,10.6,3.1,57,3.4,109.8,5,26,2,6.589473684,1.0,14,False,False,23.75
2021-02-26,15,23,23,23,24,23,307,10.0,4.1,56,3.4,109.8,5,26,2,3.301075269,1.0,15,False,False,23.25
2021-02-26,16,23,23,23,24,23,2479,10.4,3.4,54,3.4,109.8,5,26,2,26.65591398,1.0,16,False,False,23.25
2021-02-26,17,28,28,23,24,26,2440,10.1,3.7,58,3.4,109.8,5,26,2,23.68932039,1.0,17,False,False,25.75
2021-02-26,18,24,24,23,24,24,1889,9.5,3.0,58,3.4,109.8,5,26,2,19.88421053,1.5,18,False,False,23.75
2021-02-26,19,24,23,24,24,24,883,9.3,4.2,58,3.4,109.8,5,26,2,9.294736842,1.5,19,False,False,23.75
2021-02-26,20,24,28,25,23,25,58,9.0,3.5,60,3.4,109.8,5,26,2,0.58,1.5,20,False,False,25.0
2021-02-26,21,23,24,23,24,24,132,8.7,3.0,62,3.4,109.8,5,26,2,1.404255319,1.5,21,False,False,23.5
2021-02-26,22,24,24,23,24,24,139,8.6,3.1,63,3.4,109.8,5,26,2,1.463157895,1.5,22,False,False,23.75
2021-02-26,23,23,24,28,27,26,206,8.4,3.1,63,3.4,109.8,5,26,2,2.019607843,1.5,23,False,False,25.5
2021-02-27,0,71,64,65,65,66,100,8.4,3.8,63,3.4,109.8,6,27,2,0.377358491,1.5,0,False,False,66.25
2021-02-27,1,97,106,111,110,106,28,8.1,3.2,64,0.0,109.8,6,27,2,0.066037736,1.5,1,False,False,106.0
2021-02-27,2,107,100,98,111,104,2,7.8,3.3,62,0.0,109.8,6,27,2,0.004807692,1.5,2,False,False,104.0
2021-02-27,3,95,112,112,107,107,98,7.8,3.6,59,0.0,109.8,6,27,2,0.230046948,1.5,3,False,False,106.5
2021-02-27,4,105,108,113,109,109,114,7.5,2.9,62,0.0,109.8,6,27,2,0.262068966,1.5,4,False,False,108.75
2021-02-27,5,80,73,97,110,90,48,7.3,2.9,62,0.0,109.8,6,27,2,0.133333333,1.5,5,False,False,90.0
2021-02-27,6,104,96,106,103,102,30,7.4,3.4,62,0.0,109.8,6,27,2,0.073349633,1.5,6,False,False,102.25
2021-02-27,7,92,90,68,32,71,1939,7.3,3.3,61,0.0,109.8,6,27,2,6.875886525,1.5,7,False,False,70.5
2021-02-27,8,22,22,24,23,23,6,7.1,3.4,62,0.0,109.8,6,27,2,0.065934066,1.5,8,False,False,22.75
2021-02-27,9,24,24,24,28,25,0,7.1,3.8,60,0.0,109.8,6,27,2,0.0,1.0,9,False,False,25.0
2021-02-27,10,29,25,25,25,26,0,7.1,3.2,61,0.0,109.8,6,27,2,0.0,1.0,10,False,False,26.0
2021-02-27,11,24,25,29,27,26,0,7.2,3.6,60,0.0,109.8,6,27,2,0.0,1.0,11,False,False,26.25
2021-02-27,12,25,25,24,24,25,0,7.6,3.2,61,0.0,109.8,6,27,2,0.0,1.0,12,False,False,24.5
2021-02-27,13,27,22,22,21,23,0,7.2,4.1,61,0.0,109.8,6,27,2,0.0,1.0,13,False,False,23.0
2021-02-27,14,22,23,22,22,22,0,7.3,4.5,57,0.0,109.8,6,27,2,0.0,1.0,14,False,False,22.25
2021-02-27,15,22,23,23,22,23,0,8.1,2.6,55,0.0,109.8,6,27,2,0.0,1.0,15,False,False,22.5
2021-02-27,16,26,27,23,23,25,0,7.2,3.0,60,0.0,109.8,6,27,2,0.0,1.0,16,False,False,24.75
2021-02-27,17,23,22,22,23,23,0,6.8,3.2,62,0.0,109.8,6,27,2,0.0,1.0,17,False,False,22.5
2021-02-27,18,22,22,22,22,22,0,6.4,3.6,63,0.0,109.8,6,27,2,0.0,1.5,18,False,False,22.0
2021-02-27,19,23,22,26,27,25,0,6.4,2.9,65,0.0,109.8,6,27,2,0.0,1.5,19,False,False,24.5
2021-02-27,20,23,22,22,23,23,0,6.1,3.4,67,0.0,109.8,6,27,2,0.0,1.5,20,False,False,22.5
2021-02-27,21,23,23,22,23,23,0,6.0,2.1,69,0.0,109.8,6,27,2,0.0,1.5,21,False,False,22.75
2021-02-27,22,23,23,22,22,23,0,5.9,2.2,69,0.0,109.8,6,27,2,0.0,1.5,22,False,False,22.5
2021-02-27,23,26,27,22,22,24,0,5.9,2.5,71,0.0,109.8,6,27,2,0.0,1.5,23,False,False,24.25
2021-02-28,0,23,22,23,22,23,0,5.8,2.1,71,0.0,109.8,7,28,2,0.0,1.5,0,False,False,22.5
2021-02-28,1,22,22,22,21,22,0,5.5,2.8,75,0.0,109.8,7,28,2,0.0,1.5,1,False,False,21.75
2021-02-28,2,22,24,27,25,25,0,5.3,1.9,76,0.0,109.8,7,28,2,0.0,1.5,2,False,False,24.5
2021-02-28,3,22,22,22,22,22,0,5.0,1.9,77,0.0,109.8,7,28,2,0.0,1.5,3,False,False,22.0
2021-02-28,4,22,22,23,23,23,0,5.4,2.1,78,0.0,109.8,7,28,2,0.0,1.5,4,False,False,22.5
2021-02-28,5,22,22,22,23,22,0,5.9,2.1,77,0.0,109.8,7,28,2,0.0,1.5,5,False,False,22.25
2021-02-28,6,25,26,22,22,24,0,5.5,1.6,79,0.0,109.8,7,28,2,0.0,1.5,6,False,False,23.75
2021-02-28,7,22,22,22,21,22,0,4.6,1.6,84,0.0,109.8,7,28,2,0.0,1.5,7,False,False,21.75
2021-02-28,8,21,22,21,22,22,0,4.4,1.3,90,0.0,109.8,7,28,2,0.0,1.5,8,False,False,21.5
2021-02-28,9,22,24,26,24,24,0,6.3,1.0,84,0.0,109.8,7,28,2,0.0,1.0,9,False,False,24.0
2021-02-28,10,22,22,22,23,22,0,10.0,1.2,71,0.0,109.8,7,28,2,0.0,1.0,10,False,False,22.25
2021-02-28,11,22,22,22,22,22,0,10.6,1.1,70,0.0,109.8,7,28,2,0.0,1.0,11,False,False,22.0
2021-02-28,12,23,23,23,27,24,0,11.2,1.2,67,0.0,109.8,7,28,2,0.0,1.0,12,False,False,24.0
2021-02-28,13,25,22,23,22,23,0,12.5,1.9,63,0.0,109.8,7,28,2,0.0,1.0,13,False,False,23.0
2021-02-28,14,22,22,23,22,22,0,14.1,2.4,61,0.0,109.8,7,28,2,0.0,1.0,14,False,False,22.25
2021-02-28,15,22,22,23,22,22,0,13.9,2.1,63,0.0,109.8,7,28,2,0.0,1.0,15,False,False,22.25
2021-02-28,16,27,27,23,23,25,0,13.4,2.9,65,0.0,109.8,7,28,2,0.0,1.0,16,False,False,25.0
2021-02-28,17,22,22,22,22,22,0,12.9,1.6,71,0.0,109.8,7,28,2,0.0,1.0,17,False,False,22.0
2021-02-28,18,22,22,22,22,22,0,12.9,0.9,76,0.0,109.8,7,28,2,0.0,1.5,18,False,False,22.0
2021-02-28,19,22,23,26,24,24,0,12.3,1.0,80,0.0,109.8,7,28,2,0.0,1.5,19,False,False,23.75
2021-02-28,20,22,22,22,22,22,0,11.9,0.2,84,0.0,109.8,7,28,2,0.0,1.5,20,False,False,22.0
2021-02-28,21,23,22,23,22,23,0,11.5,0.6,84,0.0,109.8,7,28,2,0.0,1.5,21,False,False,22.5
2021-02-28,22,22,22,22,25,23,0,11.8,1.7,84,0.0,109.8,7,28,2,0.0,1.5,22,False,False,22.75
2021-02-28,23,26,23,22,23,24,0,11.1,2.0,87,0.0,109.8,7,28,2,0.0,1.5,23,False,False,23.5
2021-03-01,0,62,61,61,61,61,0,11.1,0.7,88,0.0,167.2,1,1,3,0.0,1.5,0,False,False,61.25
2021-03-01,1,89,94,106,105,99,0,11.2,2.1,88,0.0,167.2,1,1,3,0.0,1.5,1,False,False,98.5
2021-03-01,2,102,99,107,106,104,0,10.4,0.0,90,0.0,167.2,1,1,3,0.0,1.5,2,False,False,103.5
2021-03-01,3,98,104,101,107,103,0,10.7,0.4,91,0.0,167.2,1,1,3,0.0,1.5,3,False,False,102.5
2021-03-01,4,107,106,106,100,105,0,10.6,0.5,94,0.0,167.2,1,1,3,0.0,1.5,4,False,False,104.75
2021-03-01,5,84,78,93,103,90,0,11.8,1.4,95,0.0,167.2,1,1,3,0.0,1.5,5,False,False,89.5
2021-03-01,6,116,106,106,106,109,0,11.4,0.7,97,0.0,167.2,1,1,3,0.0,1.5,6,False,False,108.5
2021-03-01,7,101,109,139,139,122,0,11.5,0.8,98,0.0,167.2,1,1,3,0.0,1.5,7,False,False,122.0
2021-03-01,8,165,178,179,195,179,0,13.1,2.4,96,0.0,167.2,1,1,3,0.0,1.5,8,False,False,179.25
2021-03-01,9,175,167,168,182,173,0,14.2,2.7,91,0.0,167.2,1,1,3,0.0,1.0,9,False,False,173.0
2021-03-01,10,134,183,178,187,171,0,14.4,1.3,88,0.0,167.2,1,1,3,0.0,1.0,10,False,False,170.5
2021-03-01,11,184,180,177,156,174,0,14.8,3.1,88,0.0,167.2,1,1,3,0.0,1.0,11,False,False,174.25
2021-03-01,12,93,80,80,121,94,0,14.9,3.5,86,0.1,167.2,1,1,3,0.0,1.0,12,False,False,93.5
2021-03-01,13,163,175,177,163,170,0,15.8,3.7,83,0.1,167.2,1,1,3,0.0,1.0,13,False,False,169.5
2021-03-01,14,167,167,163,161,165,0,15.4,4.8,88,0.2,167.2,1,1,3,0.0,1.0,14,False,False,164.5
2021-03-01,15,130,156,159,162,152,0,14.4,4.5,98,1.5,167.2,1,1,3,0.0,1.0,15,False,False,151.75
2021-03-01,16,167,151,161,169,162,0,14.7,4.3,98,3.5,167.2,1,1,3,0.0,1.0,16,False,False,162.0
2021-03-01,17,107,95,137,155,124,0,15.3,4.5,98,4.8,167.2,1,1,3,0.0,1.0,17,False,False,123.5
2021-03-01,18,161,139,143,143,147,0,15.5,4.6,98,7.1,167.2,1,1,3,0.0,1.5,18,False,False,146.5
2021-03-01,19,140,141,158,135,144,0,10.0,3.1,98,14.9,167.2,1,1,3,0.0,1.5,19,False,False,143.5
2021-03-01,20,124,123,116,120,121,0,5.8,4.1,98,35.1,167.2,1,1,3,0.0,1.5,20,False,False,120.75
2021-03-01,21,128,124,117,115,121,0,5.1,3.3,98,44.6,167.2,1,1,3,0.0,1.5,21,False,False,121.0
2021-03-01,22,97,113,101,112,106,0,4.7,2.7,98,50.8,167.2,1,1,3,0.0,1.5,22,False,False,105.75
2021-03-01,23,110,106,107,71,99,0,4.3,3.6,98,56.3,167.2,1,1,3,0.0,1.5,23,False,False,98.5
2021-03-02,0,63,62,62,62,62,0,4.2,2.9,98,60.3,167.2,2,2,3,0.0,1.5,0,False,False,62.25
2021-03-02,1,90,101,106,111,102,0,3.5,3.9,97,2.5,167.2,2,2,3,0.0,1.5,1,False,False,102.0
2021-03-02,2,107,105,113,110,109,0,1.8,3.7,98,4.7,167.2,2,2,3,0.0,1.5,2,False,False,108.75
2021-03-02,3,89,108,110,107,104,0,1.4,3.1,98,5.5,167.2,2,2,3,0.0,1.5,3,False,False,103.5
2021-03-02,4,107,100,99,93,100,0,1.7,4.1,98,6.3,167.2,2,2,3,0.0,1.5,4,False,False,99.75
2021-03-02,5,70,67,95,106,85,0,2.1,4.5,97,6.4,167.2,2,2,3,0.0,1.5,5,False,False,84.5
2021-03-02,6,116,99,96,99,103,0,2.0,3.8,94,6.4,167.2,2,2,3,0.0,1.5,6,False,False,102.5
2021-03-02,7,109,119,149,151,132,25,2.4,3.7,85,6.4,167.2,2,2,3,0.047348485,1.5,7,False,False,132.0
2021-03-02,8,167,173,172,177,172,375,2.5,3.3,84,6.4,167.2,2,2,3,0.544267054,1.5,8,False,False,172.25
2021-03-02,9,169,180,179,178,177,660,2.8,3.4,83,6.4,167.2,2,2,3,0.934844193,1.0,9,False,False,176.5
2021-03-02,10,133,177,191,190,173,527,3.1,3.7,78,6.4,167.2,2,2,3,0.762662808,1.0,10,False,False,172.75
2021-03-02,11,185,163,162,160,168,703,3.4,3.7,80,6.4,167.2,2,2,3,1.049253731,1.0,11,False,False,167.5
2021-03-02,12,103,86,91,131,103,305,4.2,4.1,76,6.4,167.2,2,2,3,0.742092457,1.0,12,False,False,102.75
2021-03-02,13,177,189,179,182,182,869,4.3,4.0,73,6.4,167.2,2,2,3,1.195323246,1.0,13,False,False,181.75
2021-03-02,14,175,174,180,179,177,884,4.5,4.3,64,6.4,167.2,2,2,3,1.248587571,1.0,14,False,False,177.0
2021-03-02,15,152,166,157,147,156,1629,3.8,2.8,71,6.4,167.2,2,2,3,2.618971061,1.0,15,False,False,155.5
2021-03-02,16,159,172,171,166,167,8835,3.7,2.9,76,6.4,167.2,2,2,3,13.2260479,1.0,16,False,False,167.0
2021-03-02,17,130,114,143,158,136,795,3.6,2.8,75,6.4,167.2,2,2,3,1.458715596,1.0,17,False,False,136.25
2021-03-02,18,154,153,154,145,152,338,3.2,2.8,79,6.4,167.2,2,2,3,0.557755776,1.5,18,False,False,151.5
2021-03-02,19,142,135,122,111,128,1898,3.1,2.7,79,6.4,167.2,2,2,3,3.721568627,1.5,19,False,False,127.5
2021-03-02,20,104,118,114,114,113,64,2.9,1.7,79,6.4,167.2,2,2,3,0.142222222,1.5,20,False,False,112.5
2021-03-02,21,108,110,114,113,111,67,2.1,2.4,82,6.4,167.2,2,2,3,0.150561798,1.5,21,False,False,111.25
2021-03-02,22,92,106,100,104,101,98,1.9,1.8,84,6.4,167.2,2,2,3,0.243781095,1.5,22,False,False,100.5
2021-03-02,23,109,108,95,72,96,195,1.0,1.2,88,6.4,167.2,2,2,3,0.5078125,1.5,23,False,False,96.0
2021-03-03,0,69,65,64,66,66,56,0.8,2.2,89,6.4,167.2,3,3,3,0.212121212,1.5,0,False,False,66.0
2021-03-03,1,90,104,115,111,105,436,0.7,1.4,89,0.0,167.2,3,3,3,1.038095238,1.5,1,False,False,105.0
2021-03-03,2,113,113,115,109,113,56,0.7,2.0,88,0.0,167.2,3,3,3,0.124444444,1.5,2,False,False,112.5
2021-03-03,3,99,105,107,110,105,30,0.9,2.3,86,0.0,167.2,3,3,3,0.071258907,1.5,3,False,False,105.25
2021-03-03,4,109,108,102,104,106,26,0.6,2.2,86,0.0,167.2,3,3,3,0.061465721,1.5,4,False,False,105.75
2021-03-03,5,82,77,99,107,91,430,0.3,1.7,86,0.0,167.2,3,3,3,1.178082192,1.5,5,False,False,91.25
2021-03-03,6,118,113,109,108,112,98,-0.4,0.8,92,0.0,167.2,3,3,3,0.21875,1.5,6,False,False,112.0
2021-03-03,7,106,119,140,149,129,1251,-0.5,2.4,92,0.0,167.2,3,3,3,2.43385214,1.5,7,False,False,128.5
2021-03-03,8,159,181,174,167,170,321,0.9,1.5,90,0.0,167.2,3,3,3,0.471365639,1.5,8,False,False,170.25
2021-03-03,9,170,169,171,169,170,1038,3.6,1.2,79,0.0,167.2,3,3,3,1.528718704,1.0,9,False,False,169.75
2021-03-03,10,132,156,164,170,156,697,6.0,1.0,65,0.0,167.2,3,3,3,1.120578778,1.0,10,False,False,155.5
2021-03-03,11,172,153,163,160,162,1264,7.3,1.2,56,0.0,167.2,3,3,3,1.950617284,1.0,11,False,False,162.0
2021-03-03,12,106,89,90,121,102,333,7.9,1.8,48,0.0,167.2,3,3,3,0.820197044,1.0,12,False,False,101.5
2021-03-03,13,152,156,165,159,158,654,8.1,2.3,51,0.0,167.2,3,3,3,1.034810127,1.0,13,False,False,158.0
2021-03-03,14,158,156,158,163,159,2720,8.2,2.6,51,0.0,167.2,3,3,3,4.283464567,1.0,14,False,False,158.75
2021-03-03,15,135,153,156,161,151,365,9.0,2.8,52,0.0,167.2,3,3,3,0.603305785,1.0,15,False,False,151.25
2021-03-03,16,156,162,163,159,160,2492,8.7,2.7,52,0.0,167.2,3,3,3,3.89375,1.0,16,False,False,160.0
2021-03-03,17,128,113,137,151,132,1141,7.6,2.5,55,0.0,167.2,3,3,3,2.156899811,1.0,17,False,False,132.25
2021-03-03,18,150,145,123,110,132,184,7.0,2.5,58,0.0,167.2,3,3,3,0.348484848,1.5,18,False,False,132.0
2021-03-03,19,112,119,117,111,115,3330,6.7,1.1,62,0.0,167.2,3,3,3,7.254901961,1.5,19,False,False,114.75
2021-03-03,20,108,125,130,126,122,190,6.1,0.6,65,0.0,167.2,3,3,3,0.388548057,1.5,20,False,False,122.25
2021-03-03,21,132,123,120,116,123,72,5.5,0.9,69,0.0,167.2,3,3,3,0.146639511,1.5,21,False,False,122.75
2021-03-03,22,106,111,116,118,113,36,5.0,0.1,73,0.0,167.2,3,3,3,0.079822616,1.5,22,False,False,112.75
2021-03-03,23,114,114,109,81,105,0,5.2,1.4,70,0.0,167.2,3,3,3,0.0,1.5,23,False,False,104.5
2021-03-04,0,72,67,66,66,68,508,4.4,0.8,75,0.0,167.2,4,4,3,1.874538745,1.5,0,False,False,67.75
2021-03-04,1,96,108,119,109,108,15,4.2,1.0,74,0.0,167.2,4,4,3,0.034722222,1.5,1,False,False,108.0
2021-03-04,2,106,106,111,116,110,10,3.5,1.0,78,0.0,167.2,4,4,3,0.022779043,1.5,2,False,False,109.75
2021-03-04,3,104,105,104,113,107,450,3.8,1.5,78,0.0,167.2,4,4,3,1.056338028,1.5,3,False,False,106.5
2021-03-04,4,115,109,108,103,109,148,3.4,0.6,80,0.0,167.2,4,4,3,0.340229885,1.5,4,False,False,108.75
2021-03-04,5,85,78,91,107,90,26,3.5,2.1,82,0.0,167.2,4,4,3,0.072022161,1.5,5,False,False,90.25
2021-03-04,6,118,112,105,100,109,16,3.3,1.1,83,0.0,167.2,4,4,3,0.036781609,1.5,6,False,False,108.75
2021-03-04,7,110,125,142,136,128,1771,3.7,1.6,83,0.0,167.2,4,4,3,3.452241715,1.5,7,False,False,128.25
2021-03-04,8,154,153,159,159,156,469,4.7,1.3,80,0.0,167.2,4,4,3,0.7504,1.5,8,False,False,156.25
2021-03-04,9,158,158,159,166,160,1343,5.8,0.6,79,0.0,167.2,4,4,3,2.095163807,1.0,9,False,False,160.25
2021-03-04,10,127,158,173,168,157,790,7.5,1.5,75,0.0,167.2,4,4,3,1.261980831,1.0,10,False,False,156.5
2021-03-04,11,141,150,155,149,149,1291,8.7,2.2,66,0.0,167.2,4,4,3,2.169747899,1.0,11,False,False,148.75
2021-03-04,12,81,64,94,118,89,0,11.1,1.0,63,0.0,167.2,4,4,3,0.0,1.0,12,False,False,89.25
2021-03-04,13,158,158,154,151,155,903,11.7,1.1,65,0.0,167.2,4,4,3,1.45410628,1.0,13,False,False,155.25
2021-03-04,14,143,154,151,160,152,757,12.8,0.8,62,0.0,167.2,4,4,3,1.245065789,1.0,14,False,False,152.0
2021-03-04,15,125,142,144,149,140,976,13.0,2.0,66,0.0,167.2,4,4,3,1.742857143,1.0,15,False,False,140.0
2021-03-04,16,140,141,145,140,142,1605,12.8,2.6,71,0.0,167.2,4,4,3,2.835689046,1.0,16,False,False,141.5
2021-03-04,17,105,103,138,143,122,251,12.6,1.8,72,0.0,167.2,4,4,3,0.513292434,1.0,17,False,False,122.25
2021-03-04,18,139,138,135,145,139,615,12.0,1.5,76,0.0,167.2,4,4,3,1.104129264,1.5,18,False,False,139.25
2021-03-04,19,135,119,103,94,113,2126,11.2,1.0,85,0.0,167.2,4,4,3,4.713968958,1.5,19,False,False,112.75
2021-03-04,20,91,96,105,111,101,1,10.2,1.7,97,1.3,167.2,4,4,3,0.00248139,1.5,20,False,False,100.75
2021-03-04,21,110,105,109,109,108,171,9.1,2.5,96,1.3,167.2,4,4,3,0.394919169,1.5,21,False,False,108.25
2021-03-04,22,96,111,111,109,107,16,8.7,1.3,97,1.3,167.2,4,4,3,0.037470726,1.5,22,False,False,106.75
2021-03-04,23,109,112,102,65,97,242,8.4,1.2,98,1.3,167.2,4,4,3,0.62371134,1.5,23,False,False,97.0
2021-03-05,0,22,22,26,26,24,0,8.3,1.8,97,1.4,167.2,5,5,3,0.0,1.5,0,False,False,24.0
2021-03-05,1,21,21,21,22,21,0,8.1,1.6,97,0.1,167.2,5,5,3,0.0,1.5,1,False,False,21.25
2021-03-05,2,21,21,21,22,21,0,8.3,1.8,95,0.1,167.2,5,5,3,0.0,1.5,2,False,False,21.25
2021-03-05,3,22,22,22,24,23,0,8.3,2.1,93,0.1,167.2,5,5,3,0.0,1.5,3,False,False,22.5
2021-03-05,4,26,24,22,21,23,0,8.3,1.6,94,0.1,167.2,5,5,3,0.0,1.5,4,False,False,23.25
2021-03-05,5,21,21,21,22,21,0,8.5,3.1,93,0.1,167.2,5,5,3,0.0,1.5,5,False,False,21.25
2021-03-05,6,22,21,21,21,21,0,8.9,2.3,91,0.1,167.2,5,5,3,0.0,1.5,6,False,False,21.25
2021-03-05,7,21,26,26,22,24,0,8.6,2.3,88,0.1,167.2,5,5,3,0.0,1.5,7,False,False,23.75
2021-03-05,8,21,21,21,21,21,0,8.8,2.8,89,0.1,167.2,5,5,3,0.0,1.5,8,False,False,21.0
2021-03-05,9,21,21,21,21,21,0,8.9,1.8,92,0.1,167.2,5,5,3,0.0,1.0,9,False,False,21.0
2021-03-05,10,21,21,22,26,23,0,9.5,1.7,96,0.2,167.2,5,5,3,0.0,1.0,10,False,False,22.5
2021-03-05,11,25,21,21,21,22,0,11.3,2.4,90,0.2,167.2,5,5,3,0.0,1.0,11,False,False,22.0
2021-03-05,12,21,21,21,21,21,0,13.0,2.1,82,0.2,167.2,5,5,3,0.0,1.0,12,False,False,21.0
2021-03-05,13,21,21,21,21,21,0,15.3,2.4,72,0.2,167.2,5,5,3,0.0,1.0,13,False,False,21.0
2021-03-05,14,24,25,21,21,23,0,15.4,2.7,71,0.2,167.2,5,5,3,0.0,1.0,14,False,False,22.75
2021-03-05,15,21,21,21,21,21,0,16.8,2.5,67,0.2,167.2,5,5,3,0.0,1.0,15,False,False,21.0
2021-03-05,16,21,21,21,21,21,0,15.9,3.2,67,0.2,167.2,5,5,3,0.0,1.0,16,False,False,21.0
2021-03-05,17,24,26,22,21,23,0,14.9,2.7,70,0.2,167.2,5,5,3,0.0,1.0,17,False,False,23.25
2021-03-05,18,21,21,21,21,21,0,14.1,0.8,74,0.2,167.2,5,5,3,0.0,1.5,18,False,False,21.0
2021-03-05,19,21,21,21,21,21,0,12.8,0.4,82,0.2,167.2,5,5,3,0.0,1.5,19,False,False,21.0
2021-03-05,20,22,26,24,21,23,0,12.5,1.5,90,0.2,167.2,5,5,3,0.0,1.5,20,False,False,23.25
2021-03-05,21,21,21,21,22,21,0,11.2,1.6,97,0.2,167.2,5,5,3,0.0,1.5,21,False,False,21.25
2021-03-05,22,21,21,21,21,21,0,10.4,0.3,98,0.2,167.2,5,5,3,0.0,1.5,22,False,False,21.0
2021-03-05,23,21,24,26,25,24,0,10.5,0.8,98,0.2,167.2,5,5,3,0.0,1.5,23,False,False,24.0
2021-03-06,0,63,63,64,63,63,36,11.1,1.9,92,0.2,167.2,6,6,3,0.14229249,1.5,0,False,False,63.25
2021-03-06,1,96,93,116,113,105,71,10.5,0.2,77,0.0,167.2,6,6,3,0.169856459,1.5,1,False,False,104.5
2021-03-06,2,106,96,106,107,104,290,11.6,2.3,57,0.0,167.2,6,6,3,0.698795181,1.5,2,False,False,103.75
2021-03-06,3,92,110,110,109,105,120,11.5,2.8,56,0.0,167.2,6,6,3,0.285035629,1.5,3,False,False,105.25
2021-03-06,4,108,105,106,108,107,4,11.3,3.4,57,0.0,167.2,6,6,3,0.009367681,1.5,4,False,False,106.75
2021-03-06,5,89,83,99,98,92,160,11.0,3.2,60,0.0,167.2,6,6,3,0.433604336,1.5,5,False,False,92.25
2021-03-06,6,102,111,110,103,107,213,10.7,3.5,74,0.0,167.2,6,6,3,0.5,1.5,6,False,False,106.5
2021-03-06,7,92,75,48,29,61,1468,10.4,3.6,77,0.0,167.2,6,6,3,6.016393443,1.5,7,False,False,61.0
2021-03-06,8,27,25,22,22,24,0,10.0,4.3,77,0.0,167.2,6,6,3,0.0,1.5,8,False,False,24.0
2021-03-06,9,22,22,22,22,22,0,9.0,4.4,79,0.0,167.2,6,6,3,0.0,1.0,9,False,False,22.0
2021-03-06,10,22,22,22,22,22,0,7.8,3.4,85,0.0,167.2,6,6,3,0.0,1.0,10,False,False,22.0
2021-03-06,11,22,23,28,27,25,0,7.0,3.7,84,0.0,167.2,6,6,3,0.0,1.0,11,False,False,25.0
2021-03-06,12,22,23,22,22,22,0,6.7,4.3,78,0.0,167.2,6,6,3,0.0,1.0,12,False,False,22.25
2021-03-06,13,22,23,22,22,22,0,6.4,3.6,78,0.0,167.2,6,6,3,0.0,1.0,13,False,False,22.25
2021-03-06,14,22,23,22,23,23,0,5.2,4.1,91,0.0,167.2,6,6,3,0.0,1.0,14,False,False,22.5
2021-03-06,15,28,26,23,22,25,0,4.7,3.5,93,0.0,167.2,6,6,3,0.0,1.0,15,False,False,24.75
2021-03-06,16,23,23,22,23,23,0,4.2,3.8,96,0.9,167.2,6,6,3,0.0,1.0,16,False,False,22.75
2021-03-06,17,22,22,22,23,22,0,4.0,3.2,96,1.2,167.2,6,6,3,0.0,1.0,17,False,False,22.25
2021-03-06,18,22,23,27,27,25,0,3.6,3.1,97,1.5,167.2,6,6,3,0.0,1.5,18,False,False,24.75
2021-03-06,19,22,22,22,22,22,0,4.2,3.1,87,1.5,167.2,6,6,3,0.0,1.5,19,False,False,22.0
2021-03-06,20,22,22,22,22,22,0,4.2,2.9,85,1.5,167.2,6,6,3,0.0,1.5,20,False,False,22.0
2021-03-06,21,23,22,22,27,24,0,4.3,2.3,84,1.5,167.2,6,6,3,0.0,1.5,21,False,False,23.5
2021-03-06,22,26,22,22,22,23,0,4.5,1.9,82,1.5,167.2,6,6,3,0.0,1.5,22,False,False,23.0
2021-03-06,23,22,22,22,22,22,0,4.4,2.3,82,1.5,167.2,6,6,3,0.0,1.5,23,False,False,22.0
2021-03-07,0,22,22,22,25,23,0,4.3,2.7,82,1.5,167.2,7,7,3,0.0,1.5,0,False,False,22.75
2021-03-07,1,26,22,22,22,23,0,4.1,2.8,84,0.0,167.2,7,7,3,0.0,1.5,1,False,False,23.0
2021-03-07,2,22,22,22,22,22,0,4.1,2.8,82,0.0,167.2,7,7,3,0.0,1.5,2,False,False,22.0
2021-03-07,3,22,22,22,23,22,0,4.2,2.1,80,0.0,167.2,7,7,3,0.0,1.5,3,False,False,22.25
2021-03-07,4,22,24,27,22,24,0,4.2,3.0,79,0.0,167.2,7,7,3,0.0,1.5,4,False,False,23.75
2021-03-07,5,22,22,22,22,22,0,4.3,2.1,76,0.0,167.2,7,7,3,0.0,1.5,5,False,False,22.0
2021-03-07,6,22,22,22,22,22,0,4.4,2.3,74,0.0,167.2,7,7,3,0.0,1.5,6,False,False,22.0
2021-03-07,7,24,44,67,90,56,0,4.3,2.2,74,0.0,167.2,7,7,3,0.0,1.5,7,False,False,56.25
2021-03-07,8,151,169,182,182,171,0,4.5,2.7,73,0.0,167.2,7,7,3,0.0,1.5,8,False,False,171.0
2021-03-07,9,179,166,157,162,166,0,4.8,2.1,72,0.0,167.2,7,7,3,0.0,1.0,9,False,False,166.0
2021-03-07,10,137,176,159,171,161,0,5.0,2.7,69,0.0,167.2,7,7,3,0.0,1.0,10,False,False,160.75
2021-03-07,11,169,170,166,168,168,0,5.3,3.3,65,0.0,167.2,7,7,3,0.0,1.0,11,False,False,168.25
2021-03-07,12,120,105,106,129,115,0,6.0,2.5,63,0.0,167.2,7,7,3,0.0,1.0,12,False,False,115.0
2021-03-07,13,169,173,182,175,175,0,6.7,3.1,59,0.0,167.2,7,7,3,0.0,1.0,13,False,False,174.75
2021-03-07,14,165,176,180,177,175,0,8.1,2.9,57,0.0,167.2,7,7,3,0.0,1.0,14,False,False,174.5
2021-03-07,15,135,166,175,174,163,0,7.4,3.7,60,0.0,167.2,7,7,3,0.0,1.0,15,False,False,162.5
2021-03-07,16,158,166,164,173,165,0,7.1,3.1,63,0.0,167.2,7,7,3,0.0,1.0,16,False,False,165.25
2021-03-07,17,123,118,151,151,136,0,6.8,2.3,66,0.0,167.2,7,7,3,0.0,1.0,17,False,False,135.75
2021-03-07,18,154,158,154,143,152,0,6.1,2.0,69,0.0,167.2,7,7,3,0.0,1.5,18,False,False,152.25
2021-03-07,19,141,147,131,99,130,0,5.8,1.2,71,0.0,167.2,7,7,3,0.0,1.5,19,False,False,129.5
2021-03-07,20,101,114,108,110,108,0,5.4,0.7,74,0.0,167.2,7,7,3,0.0,1.5,20,False,False,108.25
2021-03-07,21,110,113,110,111,111,0,5.1,0.9,75,0.0,167.2,7,7,3,0.0,1.5,21,False,False,111.0
2021-03-07,22,84,100,98,97,95,0,4.2,1.3,79,0.0,167.2,7,7,3,0.0,1.5,22,False,False,94.75
2021-03-07,23,110,106,100,77,98,0,4.0,1.4,81,0.0,167.2,7,7,3,0.0,1.5,23,False,False,98.25
2021-03-08,0,64,63,63,62,63,0,3.5,0.8,83,0.0,167.2,1,8,3,0.0,1.5,0,False,False,63.0
2021-03-08,1,87,94,105,110,99,0,3.8,0.6,82,0.0,167.2,1,8,3,0.0,1.5,1,False,False,99.0
2021-03-08,2,104,98,98,111,103,0,3.3,1.5,85,0.0,167.2,1,8,3,0.0,1.5,2,False,False,102.75
2021-03-08,3,90,105,99,104,100,0,2.0,0.4,88,0.0,167.2,1,8,3,0.0,1.5,3,False,False,99.5
2021-03-08,4,105,105,100,110,105,0,2.5,0.7,89,0.0,167.2,1,8,3,0.0,1.5,4,False,False,105.0
2021-03-08,5,82,72,94,101,87,0,2.3,1.3,89,0.0,167.2,1,8,3,0.0,1.5,5,False,False,87.25
2021-03-08,6,109,104,96,81,98,0,2.3,0.8,89,0.0,167.2,1,8,3,0.0,1.5,6,False,False,97.5
2021-03-08,7,72,77,107,117,93,0,1.8,1.1,95,0.0,167.2,1,8,3,0.0,1.5,7,False,False,93.25
2021-03-08,8,141,154,161,160,154,369,4.1,2.0,83,0.0,167.2,1,8,3,0.599025974,1.5,8,False,False,154.0
2021-03-08,9,165,160,160,156,160,434,5.7,1.0,77,0.0,167.2,1,8,3,0.677067083,1.0,9,False,False,160.25
2021-03-08,10,127,153,138,150,142,286,8.9,1.6,67,0.0,167.2,1,8,3,0.503521127,1.0,10,False,False,142.0
2021-03-08,11,159,160,167,171,164,1740,9.9,2.3,64,0.0,167.2,1,8,3,2.648401826,1.0,11,False,False,164.25
2021-03-08,12,106,87,94,124,103,120,10.7,3.6,56,0.0,167.2,1,8,3,0.291970803,1.0,12,False,False,102.75
2021-03-08,13,157,174,168,160,165,1771,9.9,3.6,60,0.0,167.2,1,8,3,2.687405159,1.0,13,False,False,164.75
2021-03-08,14,156,164,167,176,166,1976,10.7,3.9,57,0.0,167.2,1,8,3,2.980392157,1.0,14,False,False,165.75
2021-03-08,15,139,173,153,180,161,1024,10.2,3.8,62,0.0,167.2,1,8,3,1.587596899,1.0,15,False,False,161.25
2021-03-08,16,150,166,164,152,158,1002,9.1,3.1,66,0.0,167.2,1,8,3,1.585443038,1.0,16,False,False,158.0
2021-03-08,17,127,110,147,161,136,736,8.4,3.7,68,0.0,167.2,1,8,3,1.350458716,1.0,17,False,False,136.25
2021-03-08,18,150,156,152,157,154,1891,8.0,3.1,68,0.0,167.2,1,8,3,3.074796748,1.5,18,False,False,153.75
2021-03-08,19,155,144,140,128,142,2879,7.3,1.4,71,0.0,167.2,1,8,3,5.077601411,1.5,19,False,False,141.75
2021-03-08,20,134,132,117,132,129,10,7.1,2.0,71,0.0,167.2,1,8,3,0.019417476,1.5,20,False,False,128.75
2021-03-08,21,132,123,116,114,121,15,6.1,1.3,75,0.0,167.2,1,8,3,0.030927835,1.5,21,False,False,121.25
2021-03-08,22,91,109,115,113,107,95,6.1,1.8,74,0.0,167.2,1,8,3,0.221962617,1.5,22,False,False,107.0
2021-03-08,23,105,114,104,82,101,14,5.8,0.7,75,0.0,167.2,1,8,3,0.034567901,1.5,23,False,False,101.25
2021-03-09,0,72,69,65,65,68,0,4.9,1.9,79,0.0,167.2,2,9,3,0.0,1.5,0,False,False,67.75
2021-03-09,1,92,97,103,103,99,54,4.1,0.8,83,0.0,167.2,2,9,3,0.136708861,1.5,1,False,False,98.75
2021-03-09,2,107,106,99,103,104,192,4.4,2.3,83,0.0,167.2,2,9,3,0.462650602,1.5,2,False,False,103.75
2021-03-09,3,92,109,113,99,103,70,4.5,1.4,81,0.0,167.2,2,9,3,0.169491525,1.5,3,False,False,103.25
2021-03-09,4,96,101,100,101,100,30,4.5,1.9,81,0.0,167.2,2,9,3,0.075376884,1.5,4,False,False,99.5
2021-03-09,5,84,73,90,91,85,84,4.8,2.8,79,0.0,167.2,2,9,3,0.24852071,1.5,5,False,False,84.5
2021-03-09,6,102,100,106,105,103,244,4.0,0.7,83,0.0,167.2,2,9,3,0.590799031,1.5,6,False,False,103.25
2021-03-09,7,105,115,150,140,128,825,4.0,1.0,86,0.0,167.2,2,9,3,1.617647059,1.5,7,False,False,127.5
2021-03-09,8,158,169,174,174,169,552,5.2,0.8,82,0.0,167.2,2,9,3,0.817777778,1.5,8,False,False,168.75
2021-03-09,9,168,179,178,164,172,727,6.7,1.0,76,0.0,167.2,2,9,3,1.055152395,1.0,9,False,False,172.25
2021-03-09,10,135,180,178,172,166,688,8.3,1.1,70,0.0,167.2,2,9,3,1.034586466,1.0,10,False,False,166.25
2021-03-09,11,168,166,178,174,172,1359,9.9,1.4,62,0.0,167.2,2,9,3,1.981049563,1.0,11,False,False,171.5
2021-03-09,12,119,102,96,122,110,20,11.3,1.4,58,0.0,167.2,2,9,3,0.045558087,1.0,12,False,False,109.75
2021-03-09,13,159,162,175,181,169,851,12.4,2.4,47,0.0,167.2,2,9,3,1.257016248,1.0,13,False,False,169.25
2021-03-09,14,168,160,163,170,165,5260,13.8,1.9,43,0.0,167.2,2,9,3,7.957639939,1.0,14,False,False,165.25
2021-03-09,15,129,170,168,164,158,835,14.0,3.2,51,0.0,167.2,2,9,3,1.323296355,1.0,15,False,False,157.75
2021-03-09,16,159,146,144,154,151,1622,12.9,3.0,60,0.0,167.2,2,9,3,2.689883914,1.0,16,False,False,150.75
2021-03-09,17,108,104,144,161,129,114,11.6,3.4,66,0.0,167.2,2,9,3,0.220502901,1.0,17,False,False,129.25
2021-03-09,18,156,156,161,145,155,1264,11.0,2.6,69,0.0,167.2,2,9,3,2.045307443,1.5,18,False,False,154.5
2021-03-09,19,148,136,131,111,132,2191,10.7,0.8,73,0.0,167.2,2,9,3,4.16539924,1.5,19,False,False,131.5
2021-03-09,20,106,112,106,113,109,59,9.6,1.4,78,0.0,167.2,2,9,3,0.135011442,1.5,20,False,False,109.25
2021-03-09,21,107,110,100,103,105,209,9.2,1.6,81,0.0,167.2,2,9,3,0.497619048,1.5,21,False,False,105.0
2021-03-09,22,87,102,106,109,101,194,8.7,0.7,75,0.0,167.2,2,9,3,0.48019802,1.5,22,False,False,101.0
2021-03-09,23,106,95,98,79,95,48,9.2,0.9,60,0.0,167.2,2,9,3,0.126984127,1.5,23,False,False,94.5
2021-03-10,0,64,64,64,67,65,0,9.6,1.6,49,0.0,167.2,3,10,3,0.0,1.5,0,False,False,64.75
2021-03-10,1,96,107,104,103,103,240,9.1,1.5,48,0.0,167.2,3,10,3,0.585365854,1.5,1,False,False,102.5
2021-03-10,2,103,109,101,104,104,418,8.5,1.8,49,0.0,167.2,3,10,3,1.002398082,1.5,2,False,False,104.25
2021-03-10,3,89,104,100,104,99,0,7.8,3.1,49,0.0,167.2,3,10,3,0.0,1.5,3,False,False,99.25
2021-03-10,4,108,106,106,104,106,81,7.7,3.4,48,0.0,167.2,3,10,3,0.191037736,1.5,4,False,False,106.0
2021-03-10,5,94,81,91,98,91,10,7.3,3.8,48,0.0,167.2,3,10,3,0.027472527,1.5,5,False,False,91.0
2021-03-10,6,106,100,102,107,104,194,6.8,3.6,49,0.0,167.2,3,10,3,0.46746988,1.5,6,False,False,103.75
2021-03-10,7,106,106,131,131,119,830,7.0,3.6,49,0.0,167.2,3,10,3,1.751054852,1.5,7,False,False,118.5
2021-03-10,8,142,157,156,165,155,115,8.6,3.0,62,0.0,167.2,3,10,3,0.185483871,1.5,8,False,False,155.0
2021-03-10,9,166,163,169,166,166,1503,10.2,4.4,60,0.0,167.2,3,10,3,2.263554217,1.0,9,False,False,166.0
2021-03-10,10,134,169,177,175,164,918,10.6,4.2,57,0.0,167.2,3,10,3,1.401526718,1.0,10,False,False,163.75
2021-03-10,11,161,149,168,165,161,1057,11.9,2.9,50,0.0,167.2,3,10,3,1.643856921,1.0,11,False,False,160.75
2021-03-10,12,116,101,102,125,111,40,11.7,3.7,52,0.0,167.2,3,10,3,0.09009009,1.0,12,False,False,111.0
2021-03-10,13,158,145,156,151,153,802,11.7,3.3,54,0.0,167.2,3,10,3,1.314754098,1.0,13,False,False,152.5
2021-03-10,14,153,162,169,165,162,1522,12.1,4.0,46,0.0,167.2,3,10,3,2.345146379,1.0,14,False,False,162.25
2021-03-10,15,128,162,161,158,152,1007,11.5,3.8,47,0.0,167.2,3,10,3,1.653530378,1.0,15,False,False,152.25
2021-03-10,16,154,156,150,150,153,231,11.2,3.5,45,0.0,167.2,3,10,3,0.378688525,1.0,16,False,False,152.5
2021-03-10,17,123,118,143,135,130,1283,10.1,3.9,52,0.0,167.2,3,10,3,2.472061657,1.0,17,False,False,129.75
2021-03-10,18,122,123,123,121,122,854,9.1,2.8,55,0.0,167.2,3,10,3,1.746421268,1.5,18,False,False,122.25
2021-03-10,19,120,123,122,128,123,2332,8.1,2.0,58,0.0,167.2,3,10,3,4.730223124,1.5,19,False,False,123.25
2021-03-10,20,122,124,142,145,133,14,7.7,1.7,59,0.0,167.2,3,10,3,0.026266417,1.5,20,False,False,133.25
2021-03-10,21,141,132,128,115,129,8,7.0,0.6,62,0.0,167.2,3,10,3,0.015503876,1.5,21,False,False,129.0
2021-03-10,22,108,124,122,116,118,60,6.1,1.3,66,0.0,167.2,3,10,3,0.127659574,1.5,22,False,False,117.5
2021-03-10,23,115,113,103,88,105,0,4.7,0.5,72,0.0,167.2,3,10,3,0.0,1.5,23,False,False,104.75
2021-03-11,0,72,70,69,68,70,0,4.7,0.5,72,0.0,167.2,4,11,3,0.0,1.5,0,False,False,69.75
2021-03-11,1,100,103,112,113,107,698,4.4,1.0,74,0.0,167.2,4,11,3,1.630841121,1.5,1,False,False,107.0
2021-03-11,2,106,95,105,111,104,102,3.8,1.6,77,0.0,167.2,4,11,3,0.244604317,1.5,2,False,False,104.25
2021-03-11,3,98,107,103,96,101,97,4.0,1.1,76,0.0,167.2,4,11,3,0.24009901,1.5,3,False,False,101.0
2021-03-11,4,113,114,110,108,111,200,2.7,0.6,85,0.0,167.2,4,11,3,0.449438202,1.5,4,False,False,111.25
2021-03-11,5,83,76,97,103,90,18,3.4,2.0,84,0.0,167.2,4,11,3,0.050139276,1.5,5,False,False,89.75
2021-03-11,6,107,107,107,100,105,1240,2.0,0.4,90,0.0,167.2,4,11,3,2.945368171,1.5,6,False,False,105.25
2021-03-11,7,113,127,149,143,133,336,2.9,0.2,89,0.0,167.2,4,11,3,0.631578947,1.5,7,False,False,133.0
2021-03-11,8,155,175,171,169,168,875,4.5,0.5,86,0.0,167.2,4,11,3,1.305970149,1.5,8,False,False,167.5
2021-03-11,9,172,157,168,175,168,1337,6.5,1.4,76,0.0,167.2,4,11,3,1.989583333,1.0,9,False,False,168.0
2021-03-11,10,127,165,168,164,156,1430,10.0,1.0,62,0.0,167.2,4,11,3,2.291666667,1.0,10,False,False,156.0
2021-03-11,11,174,165,168,164,168,3577,12.1,1.5,55,0.0,167.2,4,11,3,5.330849478,1.0,11,False,False,167.75
2021-03-11,12,108,93,93,122,104,109,13.4,1.6,30,0.0,167.2,4,11,3,0.262019231,1.0,12,False,False,104.0
2021-03-11,13,160,149,155,150,154,463,14.9,2.6,32,0.0,167.2,4,11,3,0.754071661,1.0,13,False,False,153.5
2021-03-11,14,160,157,160,157,159,643,14.9,2.3,51,0.0,167.2,4,11,3,1.014195584,1.0,14,False,False,158.5
2021-03-11,15,126,159,160,153,150,577,13.7,2.9,60,0.0,167.2,4,11,3,0.964882943,1.0,15,False,False,149.5
2021-03-11,16,153,151,163,160,157,720,13.9,3.1,62,0.0,167.2,4,11,3,1.148325359,1.0,16,False,False,156.75
2021-03-11,17,119,107,158,159,136,532,13.3,2.2,67,0.0,167.2,4,11,3,0.979742173,1.0,17,False,False,135.75
2021-03-11,18,152,143,145,139,145,1032,12.3,2.4,74,0.0,167.2,4,11,3,1.78238342,1.5,18,False,False,144.75
2021-03-11,19,142,135,142,125,136,3434,11.9,1.3,80,0.0,167.2,4,11,3,6.3125,1.5,19,False,False,136.0
2021-03-11,20,113,120,130,120,121,1,11.6,0.9,81,0.0,167.2,4,11,3,0.002070393,1.5,20,False,False,120.75
2021-03-11,21,116,106,111,104,109,392,11.3,1.0,83,0.0,167.2,4,11,3,0.897025172,1.5,21,False,False,109.25
2021-03-11,22,92,105,110,109,104,20,11.2,1.1,83,0.0,167.2,4,11,3,0.048076923,1.5,22,False,False,104.0
2021-03-11,23,101,110,105,83,100,66,10.6,1.1,85,0.0,167.2,4,11,3,0.165413534,1.5,23,False,False,99.75
2021-03-12,0,22,22,26,26,24,0,10.9,2.0,81,0.0,167.2,5,12,3,0.0,1.5,0,False,False,24.0
2021-03-12,1,21,21,21,22,21,0,10.4,1.4,84,0.0,167.2,5,12,3,0.0,1.5,1,False,False,21.25
2021-03-12,2,21,21,21,22,21,0,9.8,0.9,89,0.2,167.2,5,12,3,0.0,1.5,2,False,False,21.25
2021-03-12,3,22,22,22,24,23,0,9.2,3.2,97,1.5,167.2,5,12,3,0.0,1.5,3,False,False,22.5
2021-03-12,4,26,24,22,21,23,0,9.5,3.0,94,1.8,167.2,5,12,3,0.0,1.5,4,False,False,23.25
2021-03-12,5,21,21,21,22,21,0,9.1,2.9,97,2.8,167.2,5,12,3,0.0,1.5,5,False,False,21.25
2021-03-12,6,22,21,21,21,21,0,8.9,3.2,98,3.8,167.2,5,12,3,0.0,1.5,6,False,False,21.25
2021-03-12,7,21,26,26,22,24,0,8.6,3.4,98,5.2,167.2,5,12,3,0.0,1.5,7,False,False,23.75
2021-03-12,8,21,21,21,21,21,0,8.3,2.0,98,9.0,167.2,5,12,3,0.0,1.5,8,False,False,21.0
2021-03-12,9,21,21,21,21,21,0,8.5,1.1,98,11.0,167.2,5,12,3,0.0,1.0,9,False,False,21.0
2021-03-12,10,21,21,22,26,23,0,9.6,3.1,98,11.8,167.2,5,12,3,0.0,1.0,10,False,False,22.5
2021-03-12,11,25,21,21,21,22,0,10.0,3.9,98,12.2,167.2,5,12,3,0.0,1.0,11,False,False,22.0
2021-03-12,12,21,21,21,21,21,0,10.4,2.9,98,12.8,167.2,5,12,3,0.0,1.0,12,False,False,21.0
2021-03-12,13,21,21,21,21,21,0,10.7,2.5,98,16.2,167.2,5,12,3,0.0,1.0,13,False,False,21.0
2021-03-12,14,24,25,21,21,23,0,10.9,3.4,98,19.9,167.2,5,12,3,0.0,1.0,14,False,False,22.75
2021-03-12,15,21,21,21,21,21,0,10.8,3.4,98,22.3,167.2,5,12,3,0.0,1.0,15,False,False,21.0
2021-03-12,16,21,21,21,21,21,0,10.0,3.7,98,25.3,167.2,5,12,3,0.0,1.0,16,False,False,21.0
2021-03-12,17,24,26,22,21,23,0,10.0,3.3,98,27.3,167.2,5,12,3,0.0,1.0,17,False,False,23.25
2021-03-12,18,21,21,21,21,21,0,9.9,3.3,98,29.2,167.2,5,12,3,0.0,1.5,18,False,False,21.0
2021-03-12,19,21,21,21,21,21,0,10.1,4.5,90,29.3,167.2,5,12,3,0.0,1.5,19,False,False,21.0
2021-03-12,20,22,26,24,21,23,0,9.6,3.4,88,29.3,167.2,5,12,3,0.0,1.5,20,False,False,23.25
2021-03-12,21,21,21,21,22,21,0,8.8,3.9,95,29.4,167.2,5,12,3,0.0,1.5,21,False,False,21.25
2021-03-12,22,21,21,21,21,21,0,8.4,4.3,95,29.4,167.2,5,12,3,0.0,1.5,22,False,False,21.0
2021-03-12,23,21,24,26,25,24,0,8.5,4.0,90,29.4,167.2,5,12,3,0.0,1.5,23,False,False,24.0
2021-03-13,0,63,63,64,63,63,0,9.0,3.9,84,29.4,167.2,6,13,3,0.0,1.5,0,False,False,63.25
2021-03-13,1,96,93,116,113,105,95,9.1,3.6,85,0.0,167.2,6,13,3,0.227272727,1.5,1,False,False,104.5
2021-03-13,2,106,96,106,107,104,120,9.0,3.5,81,0.0,167.2,6,13,3,0.289156627,1.5,2,False,False,103.75
2021-03-13,3,92,110,110,109,105,76,8.8,3.3,79,0.0,167.2,6,13,3,0.180522565,1.5,3,False,False,105.25
2021-03-13,4,108,105,106,108,107,20,8.6,3.4,79,0.0,167.2,6,13,3,0.046838407,1.5,4,False,False,106.75
2021-03-13,5,89,83,99,98,92,22,8.5,3.9,77,0.0,167.2,6,13,3,0.059620596,1.5,5,False,False,92.25
2021-03-13,6,102,111,110,103,107,107,8.5,4.0,76,0.0,167.2,6,13,3,0.251173709,1.5,6,False,False,106.5
2021-03-13,7,92,75,48,29,61,1164,8.2,3.3,76,0.0,167.2,6,13,3,4.770491803,1.5,7,False,False,61.0
2021-03-13,8,27,25,22,22,24,2,8.4,3.5,75,0.0,167.2,6,13,3,0.020833333,1.5,8,False,False,24.0
2021-03-13,9,22,22,22,22,22,0,9.4,3.8,71,0.0,167.2,6,13,3,0.0,1.0,9,False,False,22.0
2021-03-13,10,22,22,22,22,22,0,10.3,3.0,66,0.0,167.2,6,13,3,0.0,1.0,10,False,False,22.0
2021-03-13,11,22,23,28,27,25,0,11.4,2.6,63,0.0,167.2,6,13,3,0.0,1.0,11,False,False,25.0
2021-03-13,12,22,23,22,22,22,0,11.8,3.5,57,0.0,167.2,6,13,3,0.0,1.0,12,False,False,22.25
2021-03-13,13,22,23,22,22,22,0,13.4,3.1,54,0.0,167.2,6,13,3,0.0,1.0,13,False,False,22.25
2021-03-13,14,22,23,22,23,23,0,13.2,3.4,51,0.0,167.2,6,13,3,0.0,1.0,14,False,False,22.5
2021-03-13,15,28,26,23,22,25,0,12.7,3.7,56,0.0,167.2,6,13,3,0.0,1.0,15,False,False,24.75
2021-03-13,16,23,23,22,23,23,0,12.0,2.9,66,0.0,167.2,6,13,3,0.0,1.0,16,False,False,22.75
2021-03-13,17,22,22,22,23,22,0,11.1,3.4,71,0.0,167.2,6,13,3,0.0,1.0,17,False,False,22.25
2021-03-13,18,22,23,27,27,25,0,10.4,2.3,74,0.0,167.2,6,13,3,0.0,1.5,18,False,False,24.75
2021-03-13,19,22,22,22,22,22,0,9.7,1.7,76,0.0,167.2,6,13,3,0.0,1.5,19,False,False,22.0
2021-03-13,20,22,22,22,22,22,4,9.4,0.9,77,0.0,167.2,6,13,3,0.045454545,1.5,20,False,False,22.0
2021-03-13,21,23,22,22,27,24,0,9.2,0.9,79,0.0,167.2,6,13,3,0.0,1.5,21,False,False,23.5
2021-03-13,22,26,22,22,22,23,0,9.0,0.8,80,0.0,167.2,6,13,3,0.0,1.5,22,False,False,23.0
2021-03-13,23,22,22,22,22,22,0,7.8,1.1,85,0.0,167.2,6,13,3,0.0,1.5,23,False,False,22.0
2021-03-14,0,22,22,22,22,22,0,7.4,0.7,87,0.0,167.2,7,14,3,0.0,1.5,0,False,False,22.0
2021-03-14,1,22,23,22,22,22,0,7.2,1.9,90,0.0,167.2,7,14,3,0.0,1.5,1,False,False,22.25
2021-03-14,2,22,27,26,22,24,0,6.3,1.0,94,0.0,167.2,7,14,3,0.0,1.5,2,False,False,24.25
2021-03-14,3,22,22,22,22,22,0,6.2,0.8,98,0.0,167.2,7,14,3,0.0,1.5,3,False,False,22.0
2021-03-14,4,22,24,23,22,23,0,5.4,0.8,98,0.0,167.2,7,14,3,0.0,1.5,4,False,False,22.75
2021-03-14,5,22,22,23,27,24,0,7.1,2.5,95,0.0,167.2,7,14,3,0.0,1.5,5,False,False,23.5
2021-03-14,6,25,22,22,22,23,0,6.7,1.4,96,0.0,167.2,7,14,3,0.0,1.5,6,False,False,22.75
2021-03-14,7,26,38,71,112,62,0,7.5,1.9,81,0.0,167.2,7,14,3,0.0,1.5,7,False,False,61.75
2021-03-14,8,154,175,197,204,183,0,7.5,0.6,87,0.0,167.2,7,14,3,0.0,1.5,8,False,False,182.5
2021-03-14,9,185,178,170,180,178,0,9.7,2.2,72,0.0,167.2,7,14,3,0.0,1.0,9,False,False,178.25
2021-03-14,10,157,180,180,167,171,0,12.0,2.2,63,0.0,167.2,7,14,3,0.0,1.0,10,False,False,171.0
2021-03-14,11,173,190,187,175,181,0,13.8,2.5,55,0.0,167.2,7,14,3,0.0,1.0,11,False,False,181.25
2021-03-14,12,123,104,108,140,119,0,14.4,1.3,51,0.0,167.2,7,14,3,0.0,1.0,12,False,False,118.75
2021-03-14,13,175,187,192,188,186,0,14.6,2.5,48,0.0,167.2,7,14,3,0.0,1.0,13,False,False,185.5
2021-03-14,14,185,174,172,176,177,0,15.9,2.2,47,0.0,167.2,7,14,3,0.0,1.0,14,False,False,176.75
2021-03-14,15,148,181,190,192,178,0,16.0,2.2,45,0.0,167.2,7,14,3,0.0,1.0,15,False,False,177.75
2021-03-14,16,180,168,169,168,171,0,14.1,1.9,55,0.0,167.2,7,14,3,0.0,1.0,16,False,False,171.25
2021-03-14,17,130,117,159,179,146,0,13.3,2.0,59,0.0,167.2,7,14,3,0.0,1.0,17,False,False,146.25
2021-03-14,18,182,182,169,158,173,0,12.6,2.0,63,0.0,167.2,7,14,3,0.0,1.5,18,False,False,172.75
2021-03-14,19,164,158,157,122,150,0,11.4,0.8,67,0.0,167.2,7,14,3,0.0,1.5,19,False,False,150.25
2021-03-14,20,109,121,121,126,119,0,10.7,0.9,72,0.0,167.2,7,14,3,0.0,1.5,20,False,False,119.25
2021-03-14,21,120,122,125,125,123,0,10.0,1.5,74,0.0,167.2,7,14,3,0.0,1.5,21,False,False,123.0
2021-03-14,22,100,108,109,129,112,0,10.2,2.6,75,0.0,167.2,7,14,3,0.0,1.5,22,False,False,111.5
2021-03-14,23,118,113,106,90,107,0,9.1,0.9,82,0.0,167.2,7,14,3,0.0,1.5,23,False,False,106.75
2021-03-15,0,83,77,72,72,76,0,8.4,1.7,84,0.0,167.2,1,15,3,0.0,1.5,0,False,False,76.0
2021-03-15,1,100,110,115,116,110,0,8.1,1.2,85,0.0,167.2,1,15,3,0.0,1.5,1,False,False,110.25
2021-03-15,2,114,117,121,117,117,0,7.8,0.9,85,0.0,167.2,1,15,3,0.0,1.5,2,False,False,117.25
2021-03-15,3,104,119,117,123,116,0,7.6,1.6,86,0.0,167.2,1,15,3,0.0,1.5,3,False,False,115.75
2021-03-15,4,122,111,100,106,110,0,7.1,1.9,88,0.0,167.2,1,15,3,0.0,1.5,4,False,False,109.75
2021-03-15,5,94,87,96,112,97,0,5.8,0.7,92,0.0,167.2,1,15,3,0.0,1.5,5,False,False,97.25
2021-03-15,6,121,118,117,117,118,0,6.0,0.3,91,0.0,167.2,1,15,3,0.0,1.5,6,False,False,118.25
2021-03-15,7,116,119,144,150,132,0,6.1,0.3,95,0.0,167.2,1,15,3,0.0,1.5,7,False,False,132.25
2021-03-15,8,176,196,198,181,188,1007,8.0,0.1,90,0.0,167.2,1,15,3,1.340878828,1.5,8,False,False,187.75
2021-03-15,9,184,195,176,188,186,1074,11.0,0.5,76,0.0,167.2,1,15,3,1.445491252,1.0,9,False,False,185.75
2021-03-15,10,138,174,181,164,164,686,13.6,1.8,64,0.0,167.2,1,15,3,1.04414003,1.0,10,False,False,164.25
2021-03-15,11,162,180,167,184,173,1661,16.0,3.2,51,0.0,167.2,1,15,3,2.396825397,1.0,11,False,False,173.25
2021-03-15,12,128,105,92,122,112,5207,16.6,4.2,43,0.0,167.2,1,15,3,11.64876957,1.0,12,False,False,111.75
2021-03-15,13,168,177,170,170,171,1059,17.0,4.6,33,0.0,167.2,1,15,3,1.545985401,1.0,13,False,False,171.25
2021-03-15,14,182,181,173,172,177,635,17.6,3.6,34,0.0,167.2,1,15,3,0.896892655,1.0,14,False,False,177.0
2021-03-15,15,137,168,171,176,163,564,17.6,3.5,34,0.0,167.2,1,15,3,0.865030675,1.0,15,False,False,163.0
2021-03-15,16,166,172,181,160,170,1163,17.2,4.0,31,0.0,167.2,1,15,3,1.71281296,1.0,16,False,False,169.75
2021-03-15,17,118,108,149,159,134,387,17.1,3.8,40,0.0,167.2,1,15,3,0.724719101,1.0,17,False,False,133.5
2021-03-15,18,161,161,153,170,161,1401,15.5,3.5,48,0.0,167.2,1,15,3,2.172093023,1.5,18,False,False,161.25
2021-03-15,19,162,159,154,147,156,1123,14.4,3.3,59,0.0,167.2,1,15,3,1.805466238,1.5,19,False,False,155.5
2021-03-15,20,133,131,127,120,128,13,13.8,2.1,63,0.0,167.2,1,15,3,0.025440313,1.5,20,False,False,127.75
2021-03-15,21,124,131,129,124,127,19,13.8,3.5,65,0.0,167.2,1,15,3,0.037401575,1.5,21,False,False,127.0
2021-03-15,22,108,111,116,123,115,336,13.9,1.5,69,0.0,167.2,1,15,3,0.733624454,1.5,22,False,False,114.5
2021-03-15,23,116,120,110,85,108,38,14.0,2.9,73,0.0,167.2,1,15,3,0.088167053,1.5,23,False,False,107.75
2021-03-16,0,76,73,71,72,73,42,14.1,2.3,76,0.0,167.2,2,16,3,0.143835616,1.5,0,False,False,73.0
2021-03-16,1,100,115,120,109,111,570,14.3,1.7,78,0.0,167.2,2,16,3,1.283783784,1.5,1,False,False,111.0
2021-03-16,2,106,117,116,117,114,472,14.5,2.1,80,0.0,167.2,2,16,3,1.035087719,1.5,2,False,False,114.0
2021-03-16,3,106,113,114,113,112,243,13.7,1.7,91,0.0,167.2,2,16,3,0.544843049,1.5,3,False,False,111.5
2021-03-16,4,118,115,113,102,112,246,13.2,1.1,98,0.1,167.2,2,16,3,0.549107143,1.5,4,False,False,112.0
2021-03-16,5,79,75,102,111,92,904,13.2,0.9,98,0.4,167.2,2,16,3,2.463215259,1.5,5,False,False,91.75
2021-03-16,6,114,119,121,105,115,53,12.9,1.5,98,0.5,167.2,2,16,3,0.11546841,1.5,6,False,False,114.75
2021-03-16,7,96,116,148,161,130,546,12.8,2.4,98,0.5,167.2,2,16,3,1.047984645,1.5,7,False,False,130.25
2021-03-16,8,170,185,180,173,177,931,13.4,1.5,98,0.5,167.2,2,16,3,1.314971751,1.5,8,False,False,177.0
2021-03-16,9,171,168,187,192,180,818,16.5,1.6,73,0.5,167.2,2,16,3,1.139275766,1.0,9,False,False,179.5
2021-03-16,10,150,179,193,190,178,951,17.4,3.5,59,0.5,167.2,2,16,3,1.335674157,1.0,10,False,False,178.0
2021-03-16,11,186,172,175,170,176,1316,19.0,2.6,47,0.5,167.2,2,16,3,1.87197724,1.0,11,False,False,175.75
2021-03-16,12,120,104,95,116,109,1512,20.1,3.1,35,0.5,167.2,2,16,3,3.475862069,1.0,12,False,False,108.75
2021-03-16,13,158,175,172,171,169,1250,20.3,3.7,25,0.5,167.2,2,16,3,1.849112426,1.0,13,False,False,169.0
2021-03-16,14,167,169,172,174,171,891,21.1,2.8,20,0.5,167.2,2,16,3,1.306451613,1.0,14,False,False,170.5
2021-03-16,15,138,177,180,157,163,1848,21.2,4.1,9,0.5,167.2,2,16,3,2.834355828,1.0,15,False,False,163.0
2021-03-16,16,165,171,177,160,168,1117,21.0,3.4,8,0.5,167.2,2,16,3,1.659732541,1.0,16,False,False,168.25
2021-03-16,17,133,139,166,177,154,486,20.7,2.0,9,0.5,167.2,2,16,3,0.790243902,1.0,17,False,False,153.75
2021-03-16,18,177,169,163,162,168,2767,18.8,1.8,11,0.5,167.2,2,16,3,4.123695976,1.5,18,False,False,167.75
2021-03-16,19,152,145,142,117,139,2234,13.5,2.5,67,0.5,167.2,2,16,3,4.017985612,1.5,19,False,False,139.0
2021-03-16,20,108,112,120,115,114,61,11.3,2.8,80,0.5,167.2,2,16,3,0.134065934,1.5,20,False,False,113.75
2021-03-16,21,110,120,117,123,118,12,10.7,1.8,81,0.5,167.2,2,16,3,0.025531915,1.5,21,False,False,117.5
2021-03-16,22,102,102,99,107,103,15,9.8,1.9,83,0.5,167.2,2,16,3,0.036585366,1.5,22,False,False,102.5
2021-03-16,23,107,119,111,85,106,156,9.2,1.5,86,0.5,167.2,2,16,3,0.369668246,1.5,23,False,False,105.5
2021-03-17,0,72,72,72,71,72,96,8.7,1.1,88,0.5,167.2,3,17,3,0.334494774,1.5,0,False,False,71.75
2021-03-17,1,96,104,108,118,107,162,8.1,1.7,88,0.0,167.2,3,17,3,0.38028169,1.5,1,False,False,106.5
2021-03-17,2,115,117,107,110,112,116,8.0,2.3,85,0.0,167.2,3,17,3,0.258351893,1.5,2,False,False,112.25
2021-03-17,3,112,118,120,115,116,213,7.8,2.7,86,0.0,167.2,3,17,3,0.458064516,1.5,3,False,False,116.25
2021-03-17,4,111,110,114,115,113,118,7.4,1.8,86,0.0,167.2,3,17,3,0.262222222,1.5,4,False,False,112.5
2021-03-17,5,98,83,96,112,97,9,6.9,2.1,89,0.0,167.2,3,17,3,0.023136247,1.5,5,False,False,97.25
2021-03-17,6,118,116,126,122,121,567,6.6,1.8,92,0.0,167.2,3,17,3,1.176348548,1.5,6,False,False,120.5
2021-03-17,7,120,124,162,158,141,334,5.7,1.2,96,0.0,167.2,3,17,3,0.592198582,1.5,7,False,False,141.0
2021-03-17,8,178,193,197,193,190,258,8.1,1.4,91,0.0,167.2,3,17,3,0.339027595,1.5,8,False,False,190.25
2021-03-17,9,188,180,173,179,180,561,10.5,1.1,77,0.0,167.2,3,17,3,0.779166667,1.0,9,False,False,180.0
2021-03-17,10,142,170,177,175,166,512,12.2,1.7,63,0.0,167.2,3,17,3,0.771084337,1.0,10,False,False,166.0
2021-03-17,11,188,190,177,177,183,1685,13.2,3.0,57,0.0,167.2,3,17,3,2.301912568,1.0,11,False,False,183.0
2021-03-17,12,116,88,85,123,103,0,13.3,3.3,57,0.0,167.2,3,17,3,0.0,1.0,12,False,False,103.0
2021-03-17,13,169,188,192,182,183,1088,13.6,3.7,56,0.0,167.2,3,17,3,1.488372093,1.0,13,False,False,182.75
2021-03-17,14,171,179,176,189,179,636,13.1,4.4,58,0.0,167.2,3,17,3,0.88951049,1.0,14,False,False,178.75
2021-03-17,15,147,179,179,174,170,4218,13.1,4.1,62,0.0,167.2,3,17,3,6.212076583,1.0,15,False,False,169.75
2021-03-17,16,166,164,170,174,169,1929,12.3,4.1,63,0.0,167.2,3,17,3,2.862017804,1.0,16,False,False,168.5
2021-03-17,17,132,118,144,158,138,970,11.5,3.2,65,0.0,167.2,3,17,3,1.757246377,1.0,17,False,False,138.0
2021-03-17,18,171,166,177,167,170,1414,10.9,2.4,68,0.0,167.2,3,17,3,2.076358297,1.5,18,False,False,170.25
2021-03-17,19,160,160,169,147,159,516,10.4,1.9,70,0.0,167.2,3,17,3,0.811320755,1.5,19,False,False,159.0
2021-03-17,20,133,143,143,135,139,81,10.1,1.6,73,0.0,167.2,3,17,3,0.146209386,1.5,20,False,False,138.5
2021-03-17,21,125,134,125,123,127,159,9.3,1.0,75,0.0,167.2,3,17,3,0.313609467,1.5,21,False,False,126.75
2021-03-17,22,119,128,126,127,125,93,9.5,1.5,75,0.0,167.2,3,17,3,0.186,1.5,22,False,False,125.0
2021-03-17,23,125,120,105,94,111,72,9.1,0.8,75,0.0,167.2,3,17,3,0.162162162,1.5,23,False,False,111.0
2021-03-18,0,90,82,75,73,80,160,8.7,1.4,76,0.0,167.2,4,18,3,0.5,1.5,0,False,False,80.0
2021-03-18,1,98,117,117,115,112,108,7.7,1.2,83,0.0,167.2,4,18,3,0.241610738,1.5,1,False,False,111.75
2021-03-18,2,117,121,117,105,115,260,7.9,2.3,82,0.0,167.2,4,18,3,0.565217391,1.5,2,False,False,115.0
2021-03-18,3,101,118,126,111,114,128,6.8,1.4,87,0.0,167.2,4,18,3,0.280701754,1.5,3,False,False,114.0
2021-03-18,4,104,110,117,115,112,22,6.9,1.6,88,0.0,167.2,4,18,3,0.049327354,1.5,4,False,False,111.5
2021-03-18,5,96,90,100,120,102,335,5.8,1.2,88,0.0,167.2,4,18,3,0.825123153,1.5,5,False,False,101.5
2021-03-18,6,123,122,123,114,121,244,5.5,0.8,94,0.0,167.2,4,18,3,0.506224066,1.5,6,False,False,120.5
2021-03-18,7,112,125,138,157,133,453,6.3,1.3,94,0.0,167.2,4,18,3,0.851503759,1.5,7,False,False,133.0
2021-03-18,8,166,153,150,177,162,309,7.7,1.5,87,0.0,167.2,4,18,3,0.478328173,1.5,8,False,False,161.5
2021-03-18,9,168,162,166,186,171,2626,10.0,1.2,79,0.0,167.2,4,18,3,3.850439883,1.0,9,False,False,170.5
2021-03-18,10,156,179,168,156,165,597,12.6,2.2,66,0.0,167.2,4,18,3,0.905918058,1.0,10,False,False,164.75
2021-03-18,11,165,185,182,177,177,644,12.7,4.4,57,0.0,167.2,4,18,3,0.90832158,1.0,11,False,False,177.25
2021-03-18,12,104,88,90,124,102,203,13.2,3.9,60,0.0,167.2,4,18,3,0.5,1.0,12,False,False,101.5
2021-03-18,13,170,180,176,171,174,3045,13.0,4.1,59,0.0,167.2,4,18,3,4.368723099,1.0,13,False,False,174.25
2021-03-18,14,170,166,153,165,164,1120,13.6,3.7,59,0.0,167.2,4,18,3,1.712538226,1.0,14,False,False,163.5
2021-03-18,15,130,170,168,154,156,225,12.6,4.7,61,0.0,167.2,4,18,3,0.361736334,1.0,15,False,False,155.5
2021-03-18,16,156,161,174,156,162,1290,12.1,4.3,64,0.0,167.2,4,18,3,1.99381762,1.0,16,False,False,161.75
2021-03-18,17,140,133,153,164,148,224,11.5,3.9,66,0.0,167.2,4,18,3,0.379661017,1.0,17,False,False,147.5
2021-03-18,18,154,146,150,151,150,2472,10.9,2.5,68,0.0,167.2,4,18,3,4.113144759,1.5,18,False,False,150.25
2021-03-18,19,139,138,142,131,138,932,10.1,2.5,71,0.0,167.2,4,18,3,1.694545455,1.5,19,False,False,137.5
2021-03-18,20,119,124,114,112,117,0,9.8,2.1,73,0.0,167.2,4,18,3,0.0,1.5,20,False,False,117.25
2021-03-18,21,108,115,110,121,114,431,9.8,2.0,74,0.0,167.2,4,18,3,0.949339207,1.5,21,False,False,113.5
2021-03-18,22,117,115,116,108,114,104,9.8,2.6,73,0.0,167.2,4,18,3,0.228070175,1.5,22,False,False,114.0
2021-03-18,23,116,120,109,80,106,7,9.7,1.8,73,0.0,167.2,4,18,3,0.016470588,1.5,23,False,False,106.25
2021-03-19,0,22,22,26,26,24,0,9.8,2.4,72,0.0,167.2,5,19,3,0.0,1.5,0,False,False,24.0
2021-03-19,1,21,21,21,22,21,0,9.3,1.4,73,0.0,167.2,5,19,3,0.0,1.5,1,False,False,21.25
2021-03-19,2,21,21,21,22,21,0,9.5,2.0,73,0.0,167.2,5,19,3,0.0,1.5,2,False,False,21.25
2021-03-19,3,22,22,22,24,23,0,9.4,2.2,73,0.0,167.2,5,19,3,0.0,1.5,3,False,False,22.5
2021-03-19,4,26,24,22,21,23,0,9.7,2.4,71,0.0,167.2,5,19,3,0.0,1.5,4,False,False,23.25
2021-03-19,5,21,21,21,22,21,0,9.8,1.6,70,0.0,167.2,5,19,3,0.0,1.5,5,False,False,21.25
2021-03-19,6,22,21,21,21,21,0,10.0,1.2,70,0.0,167.2,5,19,3,0.0,1.5,6,False,False,21.25
2021-03-19,7,21,26,26,22,24,0,10.4,2.2,68,0.0,167.2,5,19,3,0.0,1.5,7,False,False,23.75
2021-03-19,8,21,21,21,21,21,0,10.8,3.2,69,0.0,167.2,5,19,3,0.0,1.5,8,False,False,21.0
2021-03-19,9,21,21,21,21,21,0,11.5,2.7,66,0.0,167.2,5,19,3,0.0,1.0,9,False,False,21.0
2021-03-19,10,21,21,22,26,23,0,13.3,4.3,57,0.0,167.2,5,19,3,0.0,1.0,10,False,False,22.5
2021-03-19,11,25,21,21,21,22,0,13.6,4.6,57,0.0,167.2,5,19,3,0.0,1.0,11,False,False,22.0
2021-03-19,12,21,21,21,21,21,0,12.5,4.7,67,0.0,167.2,5,19,3,0.0,1.0,12,False,False,21.0
2021-03-19,13,21,21,21,21,21,0,12.5,4.6,64,0.0,167.2,5,19,3,0.0,1.0,13,False,False,21.0
2021-03-19,14,24,25,21,21,23,0,12.8,4.5,65,0.0,167.2,5,19,3,0.0,1.0,14,False,False,22.75
2021-03-19,15,21,21,21,21,21,0,12.9,3.5,63,0.0,167.2,5,19,3,0.0,1.0,15,False,False,21.0
2021-03-19,16,21,21,21,21,21,0,12.1,3.7,63,0.0,167.2,5,19,3,0.0,1.0,16,False,False,21.0
2021-03-19,17,24,26,22,21,23,0,11.8,2.9,64,0.0,167.2,5,19,3,0.0,1.0,17,False,False,23.25
2021-03-19,18,21,21,21,21,21,0,11.0,3.2,69,0.0,167.2,5,19,3,0.0,1.5,18,False,False,21.0
2021-03-19,19,21,21,21,21,21,0,10.5,2.2,70,0.0,167.2,5,19,3,0.0,1.5,19,False,False,21.0
2021-03-19,20,22,26,24,21,23,0,10.1,2.1,71,0.0,167.2,5,19,3,0.0,1.5,20,False,False,23.25
2021-03-19,21,21,21,21,22,21,0,10.1,2.5,71,0.0,167.2,5,19,3,0.0,1.5,21,False,False,21.25
2021-03-19,22,21,21,21,21,21,0,10.2,1.8,72,0.0,167.2,5,19,3,0.0,1.5,22,False,False,21.0
2021-03-19,23,21,24,26,25,24,0,10.1,1.7,74,0.0,167.2,5,19,3,0.0,1.5,23,False,False,24.0
2021-03-20,0,63,63,64,63,63,24,10.1,1.8,76,0.0,167.2,6,20,3,0.09486166,1.5,0,False,False,63.25
2021-03-20,1,96,93,116,113,105,108,10.1,1.4,73,0.0,167.2,6,20,3,0.258373206,1.5,1,False,False,104.5
2021-03-20,2,106,96,106,107,104,0,10.1,1.9,76,0.0,167.2,6,20,3,0.0,1.5,2,False,False,103.75
2021-03-20,3,92,110,110,109,105,192,10.3,2.0,77,0.0,167.2,6,20,3,0.456057007,1.5,3,False,False,105.25
2021-03-20,4,108,105,106,108,107,24,10.5,1.2,78,0.0,167.2,6,20,3,0.056206089,1.5,4,False,False,106.75
2021-03-20,5,89,83,99,98,92,56,10.3,2.1,80,0.0,167.2,6,20,3,0.151761518,1.5,5,False,False,92.25
2021-03-20,6,102,111,110,103,107,220,9.2,2.0,93,0.9,167.2,6,20,3,0.516431925,1.5,6,False,False,106.5
2021-03-20,7,92,75,48,29,61,673,9.2,0.9,98,1.6,167.2,6,20,3,2.758196721,1.5,7,False,False,61.0
2021-03-20,8,27,25,22,22,24,0,9.5,1.5,98,1.8,167.2,6,20,3,0.0,1.5,8,False,False,24.0
2021-03-20,9,22,22,22,22,22,0,9.6,2.1,98,1.9,167.2,6,20,3,0.0,1.0,9,False,False,22.0
2021-03-20,10,22,22,22,22,22,0,9.7,2.4,98,2.1,167.2,6,20,3,0.0,1.0,10,False,False,22.0
2021-03-20,11,22,23,28,27,25,0,10.1,0.8,98,2.4,167.2,6,20,3,0.0,1.0,11,False,False,25.0
2021-03-20,12,22,23,22,22,22,0,10.4,1.6,98,3.1,167.2,6,20,3,0.0,1.0,12,False,False,22.25
2021-03-20,13,22,23,22,22,22,0,10.7,1.6,98,3.6,167.2,6,20,3,0.0,1.0,13,False,False,22.25
2021-03-20,14,22,23,22,23,23,0,11.1,2.1,98,3.8,167.2,6,20,3,0.0,1.0,14,False,False,22.5
2021-03-20,15,28,26,23,22,25,0,11.2,2.5,98,3.9,167.2,6,20,3,0.0,1.0,15,False,False,24.75
2021-03-20,16,23,23,22,23,23,0,11.7,3.2,98,4.1,167.2,6,20,3,0.0,1.0,16,False,False,22.75
2021-03-20,17,22,22,22,23,22,0,11.0,3.3,98,4.1,167.2,6,20,3,0.0,1.0,17,False,False,22.25
2021-03-20,18,22,23,27,27,25,0,11.0,2.5,98,4.1,167.2,6,20,3,0.0,1.5,18,False,False,24.75
2021-03-20,19,22,22,22,22,22,0,10.9,1.8,98,4.1,167.2,6,20,3,0.0,1.5,19,False,False,22.0
2021-03-20,20,22,22,22,22,22,0,10.7,2.4,95,4.1,167.2,6,20,3,0.0,1.5,20,False,False,22.0
2021-03-20,21,23,22,22,27,24,0,10.7,2.7,93,4.1,167.2,6,20,3,0.0,1.5,21,False,False,23.5
2021-03-20,22,26,22,22,22,23,0,10.5,3.2,94,4.1,167.2,6,20,3,0.0,1.5,22,False,False,23.0
2021-03-20,23,22,22,22,22,22,0,10.4,2.5,95,4.1,167.2,6,20,3,0.0,1.5,23,False,False,22.0
2021-03-21,0,23,22,23,25,23,0,10.3,1.4,93,4.1,167.2,7,21,3,0.0,1.5,0,False,False,23.25
2021-03-21,1,28,23,22,22,24,0,9.5,1.7,98,0.4,167.2,7,21,3,0.0,1.5,1,False,False,23.75
2021-03-21,2,23,22,22,22,22,0,9.7,0.8,98,0.4,167.2,7,21,3,0.0,1.5,2,False,False,22.25
2021-03-21,3,23,22,23,22,23,0,9.5,1.1,98,0.4,167.2,7,21,3,0.0,1.5,3,False,False,22.5
2021-03-21,4,24,27,24,23,25,0,9.4,2.2,92,0.4,167.2,7,21,3,0.0,1.5,4,False,False,24.5
2021-03-21,5,23,22,22,22,22,0,9.8,2.3,88,0.4,167.2,7,21,3,0.0,1.5,5,False,False,22.25
2021-03-21,6,22,22,22,22,22,0,10.1,2.5,78,0.4,167.2,7,21,3,0.0,1.5,6,False,False,22.0
2021-03-21,7,21,23,26,25,24,0,9.2,3.1,76,0.4,167.2,7,21,3,0.0,1.5,7,False,False,23.75
2021-03-21,8,148,196,208,206,190,0,8.8,4.8,71,0.4,167.2,7,21,3,0.0,1.5,8,False,False,189.5
2021-03-21,9,192,194,184,187,189,0,9.9,2.5,71,0.4,167.2,7,21,3,0.0,1.0,9,False,False,189.25
2021-03-21,10,164,202,196,178,185,0,10.9,3.7,59,0.4,167.2,7,21,3,0.0,1.0,10,False,False,185.0
2021-03-21,11,174,170,191,189,181,0,11.5,3.4,49,0.4,167.2,7,21,3,0.0,1.0,11,False,False,181.0
2021-03-21,12,132,102,98,126,115,0,12.3,4.2,42,0.4,167.2,7,21,3,0.0,1.0,12,False,False,114.5
2021-03-21,13,178,190,191,199,190,0,12.3,5.2,38,0.4,167.2,7,21,3,0.0,1.0,13,False,False,189.5
2021-03-21,14,178,182,201,196,189,0,12.3,4.8,38,0.4,167.2,7,21,3,0.0,1.0,14,False,False,189.25
2021-03-21,15,151,174,184,165,169,0,12.0,4.4,41,0.4,167.2,7,21,3,0.0,1.0,15,False,False,168.5
2021-03-21,16,164,154,160,162,160,0,11.2,4.2,39,0.4,167.2,7,21,3,0.0,1.0,16,False,False,160.0
2021-03-21,17,117,109,148,162,134,0,11.1,2.5,40,0.4,167.2,7,21,3,0.0,1.0,17,False,False,134.0
2021-03-21,18,155,156,157,157,156,0,10.3,4.0,36,0.4,167.2,7,21,3,0.0,1.5,18,False,False,156.25
2021-03-21,19,145,159,150,119,143,0,9.8,2.6,36,0.4,167.2,7,21,3,0.0,1.5,19,False,False,143.25
2021-03-21,20,115,133,134,125,127,0,9.1,4.0,34,0.4,167.2,7,21,3,0.0,1.5,20,False,False,126.75
2021-03-21,21,121,122,133,131,127,0,7.9,3.4,36,0.4,167.2,7,21,3,0.0,1.5,21,False,False,126.75
2021-03-21,22,100,118,117,121,114,0,6.7,2.6,41,0.4,167.2,7,21,3,0.0,1.5,22,False,False,114.0
2021-03-21,23,124,130,113,82,112,0,5.8,3.7,47,0.4,167.2,7,21,3,0.0,1.5,23,False,False,112.25
2021-03-22,0,69,71,74,71,71,0,5.5,4.0,50,0.0,167.2,1,22,3,0.0,1.5,0,False,False,71.25
2021-03-22,1,93,112,109,118,108,0,5.2,5.5,52,0.0,167.2,1,22,3,0.0,1.5,1,False,False,108.0
2021-03-22,2,118,110,103,120,113,0,4.9,5.3,54,0.0,167.2,1,22,3,0.0,1.5,2,False,False,112.75
2021-03-22,3,96,123,117,116,113,0,4.8,4.9,54,0.0,167.2,1,22,3,0.0,1.5,3,False,False,113.0
2021-03-22,4,113,112,121,120,117,0,4.6,5.3,53,0.0,167.2,1,22,3,0.0,1.5,4,False,False,116.5
2021-03-22,5,86,76,100,112,94,0,4.3,6.0,54,0.0,167.2,1,22,3,0.0,1.5,5,False,False,93.5
2021-03-22,6,117,117,114,108,114,0,4.0,6.2,54,0.0,167.2,1,22,3,0.0,1.5,6,False,False,114.0
2021-03-22,7,105,128,162,159,139,0,3.7,5.9,52,0.0,167.2,1,22,3,0.0,1.5,7,False,False,138.5
2021-03-22,8,165,167,174,178,171,855,4.5,5.3,45,0.0,167.2,1,22,3,1.25,1.5,8,False,False,171.0
2021-03-22,9,170,176,160,160,167,710,5.6,5.5,39,0.0,167.2,1,22,3,1.066066066,1.0,9,False,False,166.5
2021-03-22,10,140,175,189,185,172,2924,7.0,5.3,34,0.0,167.2,1,22,3,4.24383164,1.0,10,False,False,172.25
2021-03-22,11,169,172,180,168,172,1318,8.6,4.8,31,0.0,167.2,1,22,3,1.912917271,1.0,11,False,False,172.25
2021-03-22,12,116,104,101,122,111,1133,9.5,5.4,27,0.0,167.2,1,22,3,2.557562077,1.0,12,False,False,110.75
2021-03-22,13,156,155,168,186,166,781,10.7,4.7,25,0.0,167.2,1,22,3,1.17443609,1.0,13,False,False,166.25
2021-03-22,14,172,151,140,163,157,3513,11.6,4.9,22,0.0,167.2,1,22,3,5.611821086,1.0,14,False,False,156.5
2021-03-22,15,125,171,168,161,156,1272,11.8,4.4,20,0.0,167.2,1,22,3,2.0352,1.0,15,False,False,156.25
2021-03-22,16,148,175,162,154,160,1557,12.6,3.6,21,0.0,167.2,1,22,3,2.436619718,1.0,16,False,False,159.75
2021-03-22,17,104,87,129,159,120,1143,12.1,3.1,25,0.0,167.2,1,22,3,2.386221294,1.0,17,False,False,119.75
2021-03-22,18,164,150,147,149,153,2718,11.0,2.3,27,0.0,167.2,1,22,3,4.455737705,1.5,18,False,False,152.5
2021-03-22,19,153,142,174,154,156,2545,9.8,2.1,31,0.0,167.2,1,22,3,4.085072231,1.5,19,False,False,155.75
2021-03-22,20,133,134,129,134,133,221,9.1,2.4,34,0.0,167.2,1,22,3,0.416981132,1.5,20,False,False,132.5
2021-03-22,21,123,128,128,123,126,101,8.7,1.5,34,0.0,167.2,1,22,3,0.201195219,1.5,21,False,False,125.5
2021-03-22,22,98,122,118,116,114,41,7.8,2.0,36,0.0,167.2,1,22,3,0.09030837,1.5,22,False,False,113.5
2021-03-22,23,131,120,114,88,113,37,7.3,1.3,35,0.0,167.2,1,22,3,0.081677704,1.5,23,False,False,113.25
2021-03-23,0,70,69,69,68,69,74,6.5,1.0,36,0.0,167.2,2,23,3,0.268115942,1.5,0,False,False,69.0
2021-03-23,1,97,105,102,106,103,166,6.8,1.9,33,0.0,167.2,2,23,3,0.404878049,1.5,1,False,False,102.5
2021-03-23,2,119,123,123,113,120,115,6.7,2.0,35,0.0,167.2,2,23,3,0.240585774,1.5,2,False,False,119.5
2021-03-23,3,92,99,108,113,103,65,6.5,2.5,37,0.0,167.2,2,23,3,0.15776699,1.5,3,False,False,103.0
2021-03-23,4,116,111,109,111,112,195,7.1,3.3,35,0.0,167.2,2,23,3,0.436241611,1.5,4,False,False,111.75
2021-03-23,5,86,72,98,125,95,154,6.7,2.4,37,0.0,167.2,2,23,3,0.404199475,1.5,5,False,False,95.25
2021-03-23,6,125,115,108,119,117,24,4.3,0.4,48,0.0,167.2,2,23,3,0.051391863,1.5,6,False,False,116.75
2021-03-23,7,120,134,158,149,140,783,4.9,0.5,47,0.0,167.2,2,23,3,1.395721925,1.5,7,False,False,140.25
2021-03-23,8,151,174,165,160,163,429,7.3,0.8,44,0.0,167.2,2,23,3,0.66,1.5,8,False,False,162.5
2021-03-23,9,162,160,161,156,160,1010,9.7,1.3,32,0.0,167.2,2,23,3,1.580594679,1.0,9,False,False,159.75
2021-03-23,10,127,149,156,160,148,170,12.0,2.3,26,0.0,167.2,2,23,3,0.287162162,1.0,10,False,False,148.0
2021-03-23,11,166,152,152,153,156,2543,13.8,2.0,19,0.0,167.2,2,23,3,4.081861958,1.0,11,False,False,155.75
2021-03-23,12,97,85,86,104,93,141,15.5,2.8,17,0.0,167.2,2,23,3,0.379032258,1.0,12,False,False,93.0
2021-03-23,13,153,149,150,161,153,1052,16.4,3.1,17,0.0,167.2,2,23,3,1.716150082,1.0,13,False,False,153.25
2021-03-23,14,149,146,156,153,151,9830,17.2,3.3,18,0.0,167.2,2,23,3,16.27483444,1.0,14,False,False,151.0
2021-03-23,15,132,165,161,142,150,553,17.5,4.0,20,0.0,167.2,2,23,3,0.921666667,1.0,15,False,False,150.0
2021-03-23,16,142,165,168,163,160,1358,17.7,3.8,23,0.0,167.2,2,23,3,2.128526646,1.0,16,False,False,159.5
2021-03-23,17,102,98,142,170,128,926,17.3,3.9,25,0.0,167.2,2,23,3,1.80859375,1.0,17,False,False,128.0
2021-03-23,18,166,161,161,158,162,1369,16.3,4.3,29,0.0,167.2,2,23,3,2.119195046,1.5,18,False,False,161.5
2021-03-23,19,146,141,143,117,137,40,14.6,4.0,43,0.0,167.2,2,23,3,0.073126143,1.5,19,False,False,136.75
2021-03-23,20,126,123,125,136,128,1,13.7,3.8,49,0.0,167.2,2,23,3,0.001960784,1.5,20,False,False,127.5
2021-03-23,21,126,124,127,126,126,8,12.8,3.8,55,0.0,167.2,2,23,3,0.015904573,1.5,21,False,False,125.75
2021-03-23,22,91,120,123,122,114,395,12.5,3.9,56,0.0,167.2,2,23,3,0.86622807,1.5,22,False,False,114.0
2021-03-23,23,103,120,116,101,110,17,12.0,2.1,57,0.0,167.2,2,23,3,0.038636364,1.5,23,False,False,110.0
2021-03-24,0,73,70,69,69,70,136,11.7,1.8,57,0.0,167.2,3,24,3,0.483985765,1.5,0,False,False,70.25
2021-03-24,1,98,106,119,121,111,54,10.8,1.0,60,0.0,167.2,3,24,3,0.121621622,1.5,1,False,False,111.0
2021-03-24,2,126,120,113,113,118,157,10.0,1.7,60,0.0,167.2,3,24,3,0.332627119,1.5,2,False,False,118.0
2021-03-24,3,106,117,121,123,117,154,8.4,1.1,65,0.0,167.2,3,24,3,0.329764454,1.5,3,False,False,116.75
2021-03-24,4,118,114,121,112,116,36,9.1,0.7,57,0.0,167.2,3,24,3,0.077419355,1.5,4,False,False,116.25
2021-03-24,5,99,83,106,116,101,226,9.5,2.0,48,0.0,167.2,3,24,3,0.559405941,1.5,5,False,False,101.0
2021-03-24,6,124,122,112,113,118,0,7.7,0.4,55,0.0,167.2,3,24,3,0.0,1.5,6,False,False,117.75
2021-03-24,7,120,136,169,172,149,969,9.1,1.3,52,0.0,167.2,3,24,3,1.623115578,1.5,7,False,False,149.25
2021-03-24,8,171,188,185,184,182,524,9.8,0.5,57,0.0,167.2,3,24,3,0.71978022,1.5,8,False,False,182.0
2021-03-24,9,154,165,172,156,162,1343,11.6,1.0,52,0.0,167.2,3,24,3,2.075734158,1.0,9,False,False,161.75
2021-03-24,10,123,154,168,171,154,742,13.0,1.6,38,0.0,167.2,3,24,3,1.204545455,1.0,10,False,False,154.0
2021-03-24,11,163,165,170,156,164,536,15.9,1.9,28,0.0,167.2,3,24,3,0.819571865,1.0,11,False,False,163.5
2021-03-24,12,113,93,99,116,105,89,16.5,3.4,23,0.0,167.2,3,24,3,0.211401425,1.0,12,False,False,105.25
2021-03-24,13,147,163,182,190,171,1998,16.4,4.5,21,0.0,167.2,3,24,3,2.929618768,1.0,13,False,False,170.5
2021-03-24,14,175,169,151,158,163,2394,17.3,2.7,29,0.0,167.2,3,24,3,3.666156202,1.0,14,False,False,163.25
2021-03-24,15,114,141,166,180,150,1070,17.5,2.9,29,0.0,167.2,3,24,3,1.780366057,1.0,15,False,False,150.25
2021-03-24,16,163,157,165,164,162,1332,16.7,3.7,33,0.0,167.2,3,24,3,2.05238829,1.0,16,False,False,162.25
2021-03-24,17,123,107,145,164,135,335,16.9,2.5,34,0.0,167.2,3,24,3,0.621521336,1.0,17,False,False,134.75
2021-03-24,18,152,146,142,159,150,1729,15.8,3.2,45,0.0,167.2,3,24,3,2.886477462,1.5,18,False,False,149.75
2021-03-24,19,160,154,168,155,159,1932,15.0,2.1,50,0.0,167.2,3,24,3,3.032967033,1.5,19,False,False,159.25
2021-03-24,20,128,131,141,142,136,0,14.6,3.6,58,0.0,167.2,3,24,3,0.0,1.5,20,False,False,135.5
2021-03-24,21,140,142,122,120,131,335,14.3,3.6,59,0.0,167.2,3,24,3,0.639312977,1.5,21,False,False,131.0
2021-03-24,22,104,124,122,135,121,0,14.1,4.2,66,0.0,167.2,3,24,3,0.0,1.5,22,False,False,121.25
2021-03-24,23,129,122,119,89,115,193,14.0,3.1,67,0.0,167.2,3,24,3,0.420479303,1.5,23,False,False,114.75
2021-03-25,0,74,70,70,70,71,0,13.5,2.1,69,0.0,167.2,4,25,3,0.0,1.5,0,False,False,71.0
2021-03-25,1,104,123,128,121,119,166,12.5,1.4,73,0.0,167.2,4,25,3,0.348739496,1.5,1,False,False,119.0
2021-03-25,2,125,126,102,115,117,21,12.5,1.4,73,0.0,167.2,4,25,3,0.044871795,1.5,2,False,False,117.0
2021-03-25,3,98,124,127,128,119,9,10.4,1.0,81,0.0,167.2,4,25,3,0.018867925,1.5,3,False,False,119.25
2021-03-25,4,116,116,122,119,118,458,10.3,2.0,77,0.0,167.2,4,25,3,0.968287526,1.5,4,False,False,118.25
2021-03-25,5,105,93,112,114,106,0,9.8,2.0,75,0.0,167.2,4,25,3,0.0,1.5,5,False,False,106.0
2021-03-25,6,108,107,120,122,114,93,9.7,2.2,66,0.0,167.2,4,25,3,0.203501094,1.5,6,False,False,114.25
2021-03-25,7,122,124,152,142,135,916,10.4,2.2,62,0.0,167.2,4,25,3,1.696296296,1.5,7,False,False,135.0
2021-03-25,8,135,154,166,168,156,615,11.1,1.4,64,0.0,167.2,4,25,3,0.987158909,1.5,8,False,False,155.75
2021-03-25,9,162,170,178,169,170,866,13.3,2.4,53,0.0,167.2,4,25,3,1.275405007,1.0,9,False,False,169.75
2021-03-25,10,151,176,178,182,172,1223,15.2,2.2,46,0.0,167.2,4,25,3,1.780203785,1.0,10,False,False,171.75
2021-03-25,11,184,177,177,183,180,727,16.4,3.1,35,0.0,167.2,4,25,3,1.008321775,1.0,11,False,False,180.25
2021-03-25,12,136,112,105,134,122,0,18.2,3.0,29,0.0,167.2,4,25,3,0.0,1.0,12,False,False,121.75
2021-03-25,13,185,184,174,174,179,1322,19.0,2.8,26,0.0,167.2,4,25,3,1.843793584,1.0,13,False,False,179.25
2021-03-25,14,184,177,169,178,177,6064,18.7,3.2,26,0.0,167.2,4,25,3,8.564971751,1.0,14,False,False,177.0
2021-03-25,15,152,182,186,178,175,2397,17.8,3.2,29,0.0,167.2,4,25,3,3.434097421,1.0,15,False,False,174.5
2021-03-25,16,165,155,169,176,166,635,17.5,3.2,32,0.0,167.2,4,25,3,0.954887218,1.0,16,False,False,166.25
2021-03-25,17,126,104,154,180,141,396,16.5,2.0,41,0.0,167.2,4,25,3,0.70212766,1.0,17,False,False,141.0
2021-03-25,18,164,148,130,124,142,1411,14.6,2.9,46,0.0,167.2,4,25,3,2.492932862,1.5,18,False,False,141.5
2021-03-25,19,127,111,107,96,110,986,13.7,2.0,53,0.0,167.2,4,25,3,2.235827664,1.5,19,False,False,110.25
2021-03-25,20,100,109,111,115,109,1,13.2,2.4,50,0.0,167.2,4,25,3,0.002298851,1.5,20,False,False,108.75
2021-03-25,21,121,118,118,108,116,125,12.7,1.0,53,0.0,167.2,4,25,3,0.268817204,1.5,21,False,False,116.25
2021-03-25,22,108,116,136,132,123,378,13.1,3.3,53,0.0,167.2,4,25,3,0.768292683,1.5,22,False,False,123.0
2021-03-25,23,122,107,94,84,102,58,11.9,1.3,60,0.0,167.2,4,25,3,0.142506143,1.5,23,False,False,101.75
2021-03-26,0,22,22,26,26,24,0,11.5,2.2,60,0.0,167.2,5,26,3,0.0,1.5,0,False,False,24.0
2021-03-26,1,21,21,21,22,21,0,11.8,1.4,55,0.0,167.2,5,26,3,0.0,1.5,1,False,False,21.25
2021-03-26,2,21,21,21,22,21,0,11.9,0.9,55,0.0,167.2,5,26,3,0.0,1.5,2,False,False,21.25
2021-03-26,3,22,22,22,24,23,0,12.4,2.0,52,0.0,167.2,5,26,3,0.0,1.5,3,False,False,22.5
2021-03-26,4,26,24,22,21,23,0,12.5,2.4,53,0.0,167.2,5,26,3,0.0,1.5,4,False,False,23.25
2021-03-26,5,21,21,21,22,21,0,12.1,2.1,58,0.0,167.2,5,26,3,0.0,1.5,5,False,False,21.25
2021-03-26,6,22,21,21,21,21,0,11.6,1.5,60,0.0,167.2,5,26,3,0.0,1.5,6,False,False,21.25
2021-03-26,7,21,26,26,22,24,0,11.6,0.3,65,0.0,167.2,5,26,3,0.0,1.5,7,False,False,23.75
2021-03-26,8,21,21,21,21,21,0,14.3,1.1,51,0.0,167.2,5,26,3,0.0,1.5,8,False,False,21.0
2021-03-26,9,21,21,21,21,21,0,16.3,1.7,35,0.0,167.2,5,26,3,0.0,1.0,9,False,False,21.0
2021-03-26,10,21,21,22,26,23,0,18.9,1.4,27,0.0,167.2,5,26,3,0.0,1.0,10,False,False,22.5
2021-03-26,11,25,21,21,21,22,0,20.6,1.6,18,0.0,167.2,5,26,3,0.0,1.0,11,False,False,22.0
2021-03-26,12,21,21,21,21,21,0,18.9,3.7,32,0.0,167.2,5,26,3,0.0,1.0,12,False,False,21.0
2021-03-26,13,21,21,21,21,21,0,19.1,3.5,41,0.0,167.2,5,26,3,0.0,1.0,13,False,False,21.0
2021-03-26,14,24,25,21,21,23,0,18.3,3.5,39,0.0,167.2,5,26,3,0.0,1.0,14,False,False,22.75
2021-03-26,15,21,21,21,21,21,0,17.3,3.1,40,0.0,167.2,5,26,3,0.0,1.0,15,False,False,21.0
2021-03-26,16,21,21,21,21,21,0,16.8,2.7,44,0.0,167.2,5,26,3,0.0,1.0,16,False,False,21.0
2021-03-26,17,24,26,22,21,23,0,16.3,3.1,49,0.0,167.2,5,26,3,0.0,1.0,17,False,False,23.25
2021-03-26,18,21,21,21,21,21,0,15.5,2.8,58,0.0,167.2,5,26,3,0.0,1.5,18,False,False,21.0
2021-03-26,19,21,21,21,21,21,0,14.9,3.0,57,0.0,167.2,5,26,3,0.0,1.5,19,False,False,21.0
2021-03-26,20,22,26,24,21,23,0,14.3,2.2,57,0.0,167.2,5,26,3,0.0,1.5,20,False,False,23.25
2021-03-26,21,21,21,21,22,21,0,13.5,1.4,63,0.0,167.2,5,26,3,0.0,1.5,21,False,False,21.25
2021-03-26,22,21,21,21,21,21,0,12.5,0.4,71,0.0,167.2,5,26,3,0.0,1.5,22,False,False,21.0
2021-03-26,23,21,24,26,25,24,0,11.8,0.4,75,0.0,167.2,5,26,3,0.0,1.5,23,False,False,24.0
2021-03-27,0,63,63,64,63,63,0,11.5,0.2,76,0.0,167.2,6,27,3,0.0,1.5,0,False,False,63.25
2021-03-27,1,96,93,116,113,105,390,11.2,0.3,79,0.0,167.2,6,27,3,0.933014354,1.5,1,False,False,104.5
2021-03-27,2,106,96,106,107,104,60,10.6,0.5,83,0.0,167.2,6,27,3,0.144578313,1.5,2,False,False,103.75
2021-03-27,3,92,110,110,109,105,4,9.2,0.0,88,0.0,167.2,6,27,3,0.009501188,1.5,3,False,False,105.25
2021-03-27,4,108,105,106,108,107,678,9.0,0.2,91,0.0,167.2,6,27,3,1.587822014,1.5,4,False,False,106.75
2021-03-27,5,89,83,99,98,92,44,8.5,0.0,94,0.0,167.2,6,27,3,0.119241192,1.5,5,False,False,92.25
2021-03-27,6,102,111,110,103,107,31,8.3,0.7,94,0.0,167.2,6,27,3,0.072769953,1.5,6,False,False,106.5
2021-03-27,7,92,75,48,29,61,760,9.0,0.2,94,0.0,167.2,6,27,3,3.114754098,1.5,7,False,False,61.0
2021-03-27,8,27,25,22,22,24,0,10.4,0.5,86,0.0,167.2,6,27,3,0.0,1.5,8,False,False,24.0
2021-03-27,9,22,22,22,22,22,0,11.8,1.2,84,0.0,167.2,6,27,3,0.0,1.0,9,False,False,22.0
2021-03-27,10,22,22,22,22,22,0,13.5,1.0,76,0.0,167.2,6,27,3,0.0,1.0,10,False,False,22.0
2021-03-27,11,22,23,28,27,25,0,15.2,1.9,72,0.0,167.2,6,27,3,0.0,1.0,11,False,False,25.0
2021-03-27,12,22,23,22,22,22,0,15.9,2.9,79,0.0,167.2,6,27,3,0.0,1.0,12,False,False,22.25
2021-03-27,13,22,23,22,22,22,0,17.1,3.4,79,0.0,167.2,6,27,3,0.0,1.0,13,False,False,22.25
2021-03-27,14,22,23,22,23,23,0,16.3,3.3,77,0.0,167.2,6,27,3,0.0,1.0,14,False,False,22.5
2021-03-27,15,28,26,23,22,25,0,16.7,2.9,75,0.0,167.2,6,27,3,0.0,1.0,15,False,False,24.75
2021-03-27,16,23,23,22,23,23,0,17.2,2.7,74,0.0,167.2,6,27,3,0.0,1.0,16,False,False,22.75
2021-03-27,17,22,22,22,23,22,0,16.8,3.4,72,0.0,167.2,6,27,3,0.0,1.0,17,False,False,22.25
2021-03-27,18,22,23,27,27,25,0,16.6,4.2,71,0.0,167.2,6,27,3,0.0,1.5,18,False,False,24.75
2021-03-27,19,22,22,22,22,22,0,16.2,2.8,78,0.0,167.2,6,27,3,0.0,1.5,19,False,False,22.0
2021-03-27,20,22,22,22,22,22,0,15.1,3.7,97,1.3,167.2,6,27,3,0.0,1.5,20,False,False,22.0
2021-03-27,21,23,22,22,27,24,0,14.3,5.1,98,7.8,167.2,6,27,3,0.0,1.5,21,False,False,23.5
2021-03-27,22,26,22,22,22,23,0,14.4,4.0,98,15.0,167.2,6,27,3,0.0,1.5,22,False,False,23.0
2021-03-27,23,22,22,22,22,22,0,14.8,4.0,98,20.9,167.2,6,27,3,0.0,1.5,23,False,False,22.0
2021-03-28,0,24,23,24,24,24,0,15.0,4.9,98,23.6,167.2,7,28,3,0.0,1.5,0,False,False,23.75
2021-03-28,1,23,26,28,25,26,0,15.0,3.7,98,5.5,167.2,7,28,3,0.0,1.5,1,False,False,25.5
2021-03-28,2,22,22,22,22,22,0,15.8,5.0,98,9.4,167.2,7,28,3,0.0,1.5,2,False,False,22.0
2021-03-28,3,23,24,24,23,24,0,16.1,4.8,98,10.4,167.2,7,28,3,0.0,1.5,3,False,False,23.5
2021-03-28,4,24,24,26,28,26,0,15.6,3.0,98,11.1,167.2,7,28,3,0.0,1.5,4,False,False,25.5
2021-03-28,5,22,22,22,22,22,0,15.9,3.3,98,11.2,167.2,7,28,3,0.0,1.5,5,False,False,22.0
2021-03-28,6,23,23,23,23,23,0,15.4,2.9,98,11.2,167.2,7,28,3,0.0,1.5,6,False,False,23.0
2021-03-28,7,21,23,26,25,24,0,15.5,2.2,98,11.2,167.2,7,28,3,0.0,1.5,7,False,False,23.75
2021-03-28,8,144,167,190,198,175,0,16.4,1.9,94,11.2,167.2,7,28,3,0.0,1.5,8,False,False,174.75
2021-03-28,9,185,182,174,172,178,0,17.0,1.5,83,11.2,167.2,7,28,3,0.0,1.0,9,False,False,178.25
2021-03-28,10,135,184,182,168,167,0,17.7,3.2,57,11.2,167.2,7,28,3,0.0,1.0,10,False,False,167.25
2021-03-28,11,176,178,193,184,183,0,18.6,3.8,52,11.2,167.2,7,28,3,0.0,1.0,11,False,False,182.75
2021-03-28,12,131,112,107,135,121,0,19.3,3.7,49,11.2,167.2,7,28,3,0.0,1.0,12,False,False,121.25
2021-03-28,13,169,189,191,191,185,0,20.4,3.6,49,11.2,167.2,7,28,3,0.0,1.0,13,False,False,185.0
2021-03-28,14,183,171,178,189,180,0,20.7,3.1,49,11.2,167.2,7,28,3,0.0,1.0,14,False,False,180.25
2021-03-28,15,155,188,194,189,182,0,21.0,2.8,46,11.2,167.2,7,28,3,0.0,1.0,15,False,False,181.5
2021-03-28,16,172,163,164,172,168,0,21.1,2.6,46,11.2,167.2,7,28,3,0.0,1.0,16,False,False,167.75
2021-03-28,17,132,123,166,179,150,0,21.0,2.8,42,11.2,167.2,7,28,3,0.0,1.0,17,False,False,150.0
2021-03-28,18,183,185,168,171,177,0,20.3,2.6,42,11.2,167.2,7,28,3,0.0,1.5,18,False,False,176.75
2021-03-28,19,158,169,163,121,153,0,18.2,1.1,51,11.2,167.2,7,28,3,0.0,1.5,19,False,False,152.75
2021-03-28,20,110,113,111,113,112,0,17.3,2.4,56,11.2,167.2,7,28,3,0.0,1.5,20,False,False,111.75
2021-03-28,21,115,120,123,113,118,0,16.1,1.4,59,11.2,167.2,7,28,3,0.0,1.5,21,False,False,117.75
2021-03-28,22,102,104,111,119,109,0,15.5,1.1,60,11.2,167.2,7,28,3,0.0,1.5,22,False,False,109.0
2021-03-28,23,126,111,111,81,107,0,14.3,0.8,61,11.2,167.2,7,28,3,0.0,1.5,23,False,False,107.25
2021-03-29,0,67,66,66,66,66,0,14.1,2.1,63,11.2,167.2,1,29,3,0.0,1.5,0,False,False,66.25
2021-03-29,1,94,101,112,110,104,0,14.4,2.9,64,0.0,167.2,1,29,3,0.0,1.5,1,False,False,104.25
2021-03-29,2,124,124,107,95,113,0,14.9,3.1,55,0.0,167.2,1,29,3,0.0,1.5,2,False,False,112.5
2021-03-29,3,90,100,109,115,104,0,16.0,2.5,58,0.0,167.2,1,29,3,0.0,1.5,3,False,False,103.5
2021-03-29,4,112,114,114,99,110,0,16.0,2.5,60,0.0,167.2,1,29,3,0.0,1.5,4,False,False,109.75
2021-03-29,5,76,72,102,110,90,0,15.0,2.1,65,0.0,167.2,1,29,3,0.0,1.5,5,False,False,90.0
2021-03-29,6,119,113,108,112,113,0,15.7,1.6,52,0.0,167.2,1,29,3,0.0,1.5,6,False,False,113.0
2021-03-29,7,113,120,154,160,137,10,14.1,1.6,66,0.0,167.2,1,29,3,0.018281536,1.5,7,False,False,136.75
2021-03-29,8,190,222,207,189,202,1644,14.0,2.1,72,0.0,167.2,1,29,3,2.034653465,1.5,8,False,False,202.0
2021-03-29,9,183,179,179,176,179,1648,15.6,2.6,45,0.0,167.2,1,29,3,2.29846583,1.0,9,False,False,179.25
2021-03-29,10,139,169,175,168,163,720,16.7,1.7,32,0.0,167.2,1,29,3,1.105990783,1.0,10,False,False,162.75
2021-03-29,11,182,191,200,200,193,1059,17.3,3.1,25,0.0,167.2,1,29,3,1.369987063,1.0,11,False,False,193.25
2021-03-29,12,134,104,100,133,118,52,17.8,3.6,23,0.0,167.2,1,29,3,0.110403397,1.0,12,False,False,117.75
2021-03-29,13,179,194,186,187,187,669,18.6,3.4,25,0.0,167.2,1,29,3,0.896782842,1.0,13,False,False,186.5
2021-03-29,14,168,181,183,177,177,1152,19.1,2.7,25,0.0,167.2,1,29,3,1.624823695,1.0,14,False,False,177.25
2021-03-29,15,139,179,170,165,163,271,19.4,2.5,34,0.0,167.2,1,29,3,0.415007657,1.0,15,False,False,163.25
2021-03-29,16,167,167,157,164,164,2375,18.2,2.1,39,0.0,167.2,1,29,3,3.625954198,1.0,16,False,False,163.75
2021-03-29,17,122,99,136,153,128,294,18.2,1.2,44,0.0,167.2,1,29,3,0.576470588,1.0,17,False,False,127.5
2021-03-29,18,160,163,164,175,166,1408,17.1,0.8,53,0.0,167.2,1,29,3,2.126888218,1.5,18,False,False,165.5
2021-03-29,19,177,173,154,137,160,3513,16.3,1.4,52,0.0,167.2,1,29,3,5.48049922,1.5,19,False,False,160.25
2021-03-29,20,132,134,137,135,135,370,15.8,2.1,43,0.0,167.2,1,29,3,0.687732342,1.5,20,False,False,134.5
2021-03-29,21,125,126,125,119,124,62,14.8,1.8,43,0.0,167.2,1,29,3,0.125252525,1.5,21,False,False,123.75
2021-03-29,22,105,108,121,116,113,204,14.0,1.2,44,0.0,167.2,1,29,3,0.453333333,1.5,22,False,False,112.5
2021-03-29,23,110,113,109,82,104,51,13.9,3.0,45,0.0,167.2,1,29,3,0.123188406,1.5,23,False,False,103.5
2021-03-30,0,69,67,67,65,67,252,13.9,2.5,41,0.0,167.2,2,30,3,0.940298507,1.5,0,False,False,67.0
2021-03-30,1,90,102,112,112,104,24,13.4,3.0,39,0.0,167.2,2,30,3,0.057692308,1.5,1,False,False,104.0
2021-03-30,2,118,110,108,103,110,272,12.8,3.3,37,0.0,167.2,2,30,3,0.619589977,1.5,2,False,False,109.75
2021-03-30,3,101,110,120,117,112,1796,12.1,0.9,38,0.0,167.2,2,30,3,4.008928571,1.5,3,False,False,112.0
2021-03-30,4,116,114,103,103,109,358,11.6,1.3,38,0.0,167.2,2,30,3,0.821100917,1.5,4,False,False,109.0
2021-03-30,5,93,82,103,115,98,775,11.2,2.1,38,0.0,167.2,2,30,3,1.972010178,1.5,5,False,False,98.25
2021-03-30,6,113,111,115,118,114,144,11.1,1.6,36,0.0,167.2,2,30,3,0.315098468,1.5,6,False,False,114.25
2021-03-30,7,116,125,142,143,132,534,11.1,2.1,36,0.0,167.2,2,30,3,1.015209125,1.5,7,False,False,131.5
2021-03-30,8,164,177,185,193,180,736,11.6,2.4,38,0.0,167.2,2,30,3,1.02364395,1.5,8,False,False,179.75
2021-03-30,9,184,187,173,171,179,1209,12.0,3.5,36,0.0,167.2,2,30,3,1.690909091,1.0,9,False,False,178.75
2021-03-30,10,142,171,169,152,159,1037,13.1,3.8,31,0.0,167.2,2,30,3,1.635646688,1.0,10,False,False,158.5
2021-03-30,11,146,139,141,150,144,1193,13.9,3.0,31,0.0,167.2,2,30,3,2.071180556,1.0,11,False,False,144.0
2021-03-30,12,119,104,99,109,108,7208,16.2,2.1,27,0.0,167.2,2,30,3,16.72389791,1.0,12,False,False,107.75
2021-03-30,13,145,166,171,184,167,946,18.3,1.4,21,0.0,167.2,2,30,3,1.42042042,1.0,13,False,False,166.5
2021-03-30,14,177,160,161,165,166,904,18.8,2.6,21,0.0,167.2,2,30,3,1.363499246,1.0,14,False,False,165.75
2021-03-30,15,133,175,178,168,164,61,18.6,2.9,28,0.0,167.2,2,30,3,0.093272171,1.0,15,False,False,163.5
2021-03-30,16,163,165,152,162,161,1290,16.7,4.3,37,0.0,167.2,2,30,3,2.009345794,1.0,16,False,False,160.5
2021-03-30,17,133,144,181,167,156,1514,16.2,2.3,41,0.0,167.2,2,30,3,2.4224,1.0,17,False,False,156.25
2021-03-30,18,153,156,164,165,160,984,14.2,2.8,45,0.0,167.2,2,30,3,1.542319749,1.5,18,False,False,159.5
2021-03-30,19,162,155,141,107,141,2347,12.4,0.7,52,0.0,167.2,2,30,3,4.153982301,1.5,19,False,False,141.25
2021-03-30,20,100,109,115,112,109,15,11.5,0.1,59,0.0,167.2,2,30,3,0.03440367,1.5,20,False,False,109.0
2021-03-30,21,113,117,113,108,113,187,11.0,0.5,63,0.0,167.2,2,30,3,0.414634146,1.5,21,False,False,112.75
2021-03-30,22,88,103,114,118,106,26,11.2,1.1,66,0.0,167.2,2,30,3,0.061465721,1.5,22,False,False,105.75
2021-03-30,23,120,116,103,77,104,400,10.1,0.0,71,0.0,167.2,2,30,3,0.961538462,1.5,23,False,False,104.0
2021-03-31,0,22,22,26,26,24,0,9.6,1.7,73,0.0,167.2,3,31,3,0.0,1.5,0,False,False,24.0
2021-03-31,1,21,21,21,22,21,0,8.9,0.5,75,0.0,167.2,3,31,3,0.0,1.5,1,False,False,21.25
2021-03-31,2,21,21,21,22,21,0,8.3,0.4,78,0.0,167.2,3,31,3,0.0,1.5,2,False,False,21.25
2021-03-31,3,22,22,22,24,23,0,7.8,0.1,80,0.0,167.2,3,31,3,0.0,1.5,3,False,False,22.5
2021-03-31,4,26,24,22,21,23,0,7.2,0.6,81,0.0,167.2,3,31,3,0.0,1.5,4,False,False,23.25
2021-03-31,5,21,21,21,22,21,0,7.2,2.1,84,0.0,167.2,3,31,3,0.0,1.5,5,False,False,21.25
2021-03-31,6,22,21,21,21,21,0,6.7,0.1,87,0.0,167.2,3,31,3,0.0,1.5,6,False,False,21.25
2021-03-31,7,21,26,26,22,24,0,7.6,0.1,88,0.0,167.2,3,31,3,0.0,1.5,7,False,False,23.75
2021-03-31,8,21,21,21,21,21,0,10.9,0.3,76,0.0,167.2,3,31,3,0.0,1.5,8,False,False,21.0
2021-03-31,9,21,21,21,21,21,0,12.8,1.1,68,0.0,167.2,3,31,3,0.0,1.0,9,False,False,21.0
2021-03-31,10,21,21,22,26,23,0,15.1,1.6,46,0.0,167.2,3,31,3,0.0,1.0,10,False,False,22.5
2021-03-31,11,25,21,21,21,22,0,17.3,2.6,41,0.0,167.2,3,31,3,0.0,1.0,11,False,False,22.0
2021-03-31,12,21,21,21,21,21,0,17.5,2.7,43,0.0,167.2,3,31,3,0.0,1.0,12,False,False,21.0
2021-03-31,13,21,21,21,21,21,0,18.0,2.9,45,0.0,167.2,3,31,3,0.0,1.0,13,False,False,21.0
2021-03-31,14,24,25,21,21,23,0,18.1,2.4,42,0.0,167.2,3,31,3,0.0,1.0,14,False,False,22.75
2021-03-31,15,21,21,21,21,21,0,17.7,3.4,40,0.0,167.2,3,31,3,0.0,1.0,15,False,False,21.0
2021-03-31,16,21,21,21,21,21,0,16.3,3.7,55,0.0,167.2,3,31,3,0.0,1.0,16,False,False,21.0
2021-03-31,17,24,26,22,21,23,0,14.5,3.1,62,0.0,167.2,3,31,3,0.0,1.0,17,False,False,23.25
2021-03-31,18,21,21,21,21,21,0,13.5,3.6,69,0.0,167.2,3,31,3,0.0,1.5,18,False,False,21.0
2021-03-31,19,21,21,21,21,21,0,12.8,2.0,72,0.0,167.2,3,31,3,0.0,1.5,19,False,False,21.0
2021-03-31,20,22,26,24,21,23,0,12.1,0.7,73,0.0,167.2,3,31,3,0.0,1.5,20,False,False,23.25
2021-03-31,21,21,21,21,22,21,0,12.1,1.4,72,0.0,167.2,3,31,3,0.0,1.5,21,False,False,21.25
2021-03-31,22,21,21,21,21,21,0,11.5,1.4,74,0.0,167.2,3,31,3,0.0,1.5,22,False,False,21.0
2021-03-31,23,21,24,26,25,24,0,11.6,1.8,77,0.0,167.2,3,31,3,0.0,1.5,23,False,False,24.0
2021-04-01,0,26,23,21,21,23,0,11.2,1.6,77,0.0,167.2,4,1,4,0.0,1.5,0,False,False,22.75
2021-04-01,1,21,21,21,21,21,332,10.8,2.6,79,0.0,167.2,4,1,4,3.952380952,1.5,1,False,False,21.0
2021-04-01,2,21,21,21,21,21,77,10.6,1.8,79,0.0,167.2,4,1,4,0.916666667,1.5,2,False,False,21.0
2021-04-01,3,24,26,22,21,23,682,10.5,2.1,78,0.0,167.2,4,1,4,7.333333333,1.5,3,False,False,23.25
2021-04-01,4,21,21,21,21,21,0,10.7,1.4,83,0.0,167.2,4,1,4,0.0,1.5,4,False,False,21.0
2021-04-01,5,21,21,21,21,21,48,11.1,1.8,85,0.0,167.2,4,1,4,0.571428571,1.5,5,False,False,21.0
2021-04-01,6,23,25,24,21,23,71,11.8,2.5,86,0.0,167.2,4,1,4,0.76344086,1.5,6,False,False,23.25
2021-04-01,7,22,40,76,97,59,1231,12.2,3.0,83,0.0,167.2,4,1,4,5.238297872,1.5,7,False,False,58.75
2021-04-01,8,153,184,183,179,175,398,13.7,2.6,73,0.0,167.2,4,1,4,0.569384835,1.5,8,False,False,174.75
2021-04-01,9,181,178,164,157,170,802,14.7,3.5,68,0.0,167.2,4,1,4,1.179411765,1.0,9,False,False,170.0
2021-04-01,10,125,141,164,164,149,298,15.6,3.6,62,0.0,167.2,4,1,4,0.501683502,1.0,10,False,False,148.5
2021-04-01,11,173,170,173,179,174,823,16.2,3.6,60,0.0,167.2,4,1,4,1.184172662,1.0,11,False,False,173.75
2021-04-01,12,105,93,93,134,106,35,16.0,4.9,55,0.0,167.2,4,1,4,0.082352941,1.0,12,False,False,106.25
2021-04-01,13,177,177,182,179,179,529,16.4,4.4,53,0.0,167.2,4,1,4,0.73986014,1.0,13,False,False,178.75
2021-04-01,14,170,168,164,167,167,1062,14.9,4.4,57,0.0,167.2,4,1,4,1.587443946,1.0,14,False,False,167.25
2021-04-01,15,125,165,160,167,154,392,15.3,4.4,55,0.0,167.2,4,1,4,0.635332253,1.0,15,False,False,154.25
2021-04-01,16,162,145,146,136,147,4140,15.0,3.5,49,0.0,167.2,4,1,4,7.028862479,1.0,16,False,False,147.25
2021-04-01,17,98,99,131,146,119,206,14.3,4.9,53,0.0,167.2,4,1,4,0.434599156,1.0,17,False,False,118.5
2021-04-01,18,128,130,138,141,134,1652,13.7,4.1,56,0.0,167.2,4,1,4,3.076350093,1.5,18,False,False,134.25
2021-04-01,19,133,130,119,106,122,1634,13.1,4.5,61,0.0,167.2,4,1,4,3.348360656,1.5,19,False,False,122.0
2021-04-01,20,108,101,117,113,110,105,12.8,3.5,65,0.0,167.2,4,1,4,0.239179954,1.5,20,False,False,109.75
2021-04-01,21,100,105,102,110,104,21,12.7,2.6,63,0.0,167.2,4,1,4,0.050359712,1.5,21,False,False,104.25
2021-04-01,22,92,110,106,110,105,253,12.8,2.8,61,0.0,167.2,4,1,4,0.605263158,1.5,22,False,False,104.5
2021-04-01,23,103,114,104,73,99,30,12.8,3.7,64,0.0,167.2,4,1,4,0.076142132,1.5,23,False,False,98.5
2021-04-02,0,68,63,65,64,65,30,12.7,3.7,67,0.0,167.2,5,2,4,0.115384615,1.5,0,False,False,65.0
2021-04-02,1,97,106,117,113,108,0,12.6,2.8,68,0.0,167.2,5,2,4,0.0,1.5,1,False,False,108.25
2021-04-02,2,120,117,116,112,116,634,12.6,3.9,73,0.0,167.2,5,2,4,1.36344086,1.5,2,False,False,116.25
2021-04-02,3,90,108,104,113,104,102,12.5,2.8,75,0.0,167.2,5,2,4,0.245783133,1.5,3,False,False,103.75
2021-04-02,4,101,98,108,97,101,89,12.5,3.9,76,0.0,167.2,5,2,4,0.22029703,1.5,4,False,False,101.0
2021-04-02,5,79,76,90,94,85,45,12.4,2.7,77,0.0,167.2,5,2,4,0.132743363,1.5,5,False,False,84.75
2021-04-02,6,109,110,112,111,111,62,12.4,2.3,79,0.0,167.2,5,2,4,0.140271493,1.5,6,False,False,110.5
2021-04-02,7,108,115,142,139,126,1172,12.5,2.9,80,0.0,167.2,5,2,4,2.325396825,1.5,7,False,False,126.0
2021-04-02,8,162,181,167,175,171,0,12.9,2.9,78,0.0,167.2,5,2,4,0.0,1.5,8,False,False,171.25
2021-04-02,9,169,155,177,172,168,0,13.8,2.9,75,0.0,167.2,5,2,4,0.0,1.0,9,False,False,168.25
2021-04-02,10,129,170,169,174,161,0,14.4,3.4,74,0.0,167.2,5,2,4,0.0,1.0,10,False,False,160.5
2021-04-02,11,178,169,170,173,173,0,14.8,3.0,74,0.0,167.2,5,2,4,0.0,1.0,11,False,False,172.5
2021-04-02,12,105,89,91,129,104,0,14.8,3.4,76,0.0,167.2,5,2,4,0.0,1.0,12,False,False,103.5
2021-04-02,13,170,166,165,160,165,0,15.7,2.7,71,0.0,167.2,5,2,4,0.0,1.0,13,False,False,165.25
2021-04-02,14,161,163,161,180,166,0,17.0,3.0,67,0.0,167.2,5,2,4,0.0,1.0,14,False,False,166.25
2021-04-02,15,133,173,177,153,159,0,17.6,2.7,64,0.0,167.2,5,2,4,0.0,1.0,15,False,False,159.0
2021-04-02,16,161,164,162,157,161,0,18.3,1.3,61,0.0,167.2,5,2,4,0.0,1.0,16,False,False,161.0
2021-04-02,17,110,90,139,153,123,0,16.6,2.7,67,0.0,167.2,5,2,4,0.0,1.0,17,False,False,123.0
2021-04-02,18,150,169,169,162,163,0,15.3,2.4,72,0.0,167.2,5,2,4,0.0,1.5,18,False,False,162.5
2021-04-02,19,159,164,172,138,158,0,13.8,1.9,77,0.0,167.2,5,2,4,0.0,1.5,19,False,False,158.25
2021-04-02,20,122,125,118,129,124,0,13.2,1.8,81,0.0,167.2,5,2,4,0.0,1.5,20,False,False,123.5
2021-04-02,21,125,134,122,117,125,0,12.7,1.6,82,0.0,167.2,5,2,4,0.0,1.5,21,False,False,124.5
2021-04-02,22,98,100,115,105,105,0,12.5,1.6,81,0.0,167.2,5,2,4,0.0,1.5,22,False,False,104.5
2021-04-02,23,106,103,98,73,95,0,12.4,2.1,84,0.0,167.2,5,2,4,0.0,1.5,23,False,False,95.0
2021-04-03,0,76,68,72,65,70,0,11.9,1.6,87,0.0,167.2,6,3,4,0.0,1.5,0,False,False,70.25
2021-04-03,1,95,103,115,116,107,0,11.6,0.8,90,0.0,167.2,6,3,4,0.0,1.5,1,False,False,107.25
2021-04-03,2,118,112,107,97,109,0,11.1,1.8,93,0.0,167.2,6,3,4,0.0,1.5,2,False,False,108.5
2021-04-03,3,89,105,100,104,100,0,11.0,1.1,94,0.0,167.2,6,3,4,0.0,1.5,3,False,False,99.5
2021-04-03,4,101,107,100,99,102,0,11.1,2.4,95,0.0,167.2,6,3,4,0.0,1.5,4,False,False,101.75
2021-04-03,5,82,79,91,92,86,0,10.7,0.9,97,0.0,167.2,6,3,4,0.0,1.5,5,False,False,86.0
2021-04-03,6,103,102,103,97,101,0,11.3,0.5,97,0.0,167.2,6,3,4,0.0,1.5,6,False,False,101.25
2021-04-03,7,97,92,68,30,72,56,12.7,0.3,94,0.0,167.2,6,3,4,0.195121951,1.5,7,False,False,71.75
2021-04-03,8,21,25,25,21,23,0,13.8,0.1,88,0.0,167.2,6,3,4,0.0,1.5,8,False,False,23.0
2021-04-03,9,21,21,20,20,21,0,14.7,0.2,84,0.0,167.2,6,3,4,0.0,1.0,9,False,False,20.5
2021-04-03,10,21,21,20,21,21,0,16.1,0.5,83,0.0,167.2,6,3,4,0.0,1.0,10,False,False,20.75
2021-04-03,11,21,21,24,26,23,0,16.1,0.5,83,0.0,167.2,6,3,4,0.0,1.0,11,False,False,23.0
2021-04-03,12,24,21,21,21,22,0,19.6,2.4,74,0.0,167.2,6,3,4,0.0,1.0,12,False,False,21.75
2021-04-03,13,21,21,21,21,21,0,18.7,2.7,78,0.0,167.2,6,3,4,0.0,1.0,13,False,False,21.0
2021-04-03,14,20,21,21,21,21,0,18.3,2.8,84,0.0,167.2,6,3,4,0.0,1.0,14,False,False,20.75
2021-04-03,15,25,26,21,21,23,0,16.6,2.2,98,1.7,167.2,6,3,4,0.0,1.0,15,False,False,23.25
2021-04-03,16,21,21,21,21,21,0,16.1,1.6,98,2.8,167.2,6,3,4,0.0,1.0,16,False,False,21.0
2021-04-03,17,21,21,21,21,21,0,15.5,0.4,98,8.2,167.2,6,3,4,0.0,1.0,17,False,False,21.0
2021-04-03,18,21,25,25,21,23,0,15.5,1.1,98,12.2,167.2,6,3,4,0.0,1.5,18,False,False,23.0
2021-04-03,19,20,20,21,21,21,0,15.5,1.2,98,13.9,167.2,6,3,4,0.0,1.5,19,False,False,20.5
2021-04-03,20,20,20,21,21,21,0,15.6,0.4,98,18.3,167.2,6,3,4,0.0,1.5,20,False,False,20.5
2021-04-03,21,22,23,26,25,24,0,15.6,0.3,98,24.1,167.2,6,3,4,0.0,1.5,21,False,False,24.0
2021-04-03,22,21,21,22,21,21,0,15.5,1.4,98,29.0,167.2,6,3,4,0.0,1.5,22,False,False,21.25
2021-04-03,23,21,21,21,21,21,0,14.6,1.2,98,30.2,167.2,6,3,4,0.0,1.5,23,False,False,21.0
2021-04-04,0,21,21,21,22,21,0,13.4,1.9,98,32.5,167.2,7,4,4,0.0,1.5,0,False,False,21.25
2021-04-04,1,25,24,21,20,23,0,12.1,2.4,98,3.0,167.2,7,4,4,0.0,1.5,1,False,False,22.5
2021-04-04,2,21,21,21,21,21,0,11.9,1.4,98,5.4,167.2,7,4,4,0.0,1.5,2,False,False,21.0
2021-04-04,3,21,21,21,21,21,0,11.4,1.8,98,8.5,167.2,7,4,4,0.0,1.5,3,False,False,21.0
2021-04-04,4,23,26,24,21,24,0,11.2,2.3,98,9.5,167.2,7,4,4,0.0,1.5,4,False,False,23.5
2021-04-04,5,21,21,21,21,21,0,11.0,2.2,98,9.9,167.2,7,4,4,0.0,1.5,5,False,False,21.0
2021-04-04,6,21,21,21,21,21,0,11.0,3.1,98,14.2,167.2,7,4,4,0.0,1.5,6,False,False,21.0
2021-04-04,7,21,25,25,23,24,0,11.0,3.6,98,15.4,167.2,7,4,4,0.0,1.5,7,False,False,23.5
2021-04-04,8,21,20,21,21,21,0,10.7,3.6,97,16.6,167.2,7,4,4,0.0,1.5,8,False,False,20.75
2021-04-04,9,21,20,21,20,21,0,10.4,3.0,97,18.0,167.2,7,4,4,0.0,1.0,9,False,False,20.5
2021-04-04,10,21,20,22,26,22,0,10.4,3.3,96,18.0,167.2,7,4,4,0.0,1.0,10,False,False,22.25
2021-04-04,11,24,21,21,21,22,0,9.7,4.0,94,18.0,167.2,7,4,4,0.0,1.0,11,False,False,21.75
2021-04-04,12,21,21,21,21,21,0,10.0,4.0,87,18.0,167.2,7,4,4,0.0,1.0,12,False,False,21.0
2021-04-04,13,21,20,20,24,21,0,9.9,4.1,86,18.0,167.2,7,4,4,0.0,1.0,13,False,False,21.25
2021-04-04,14,26,23,21,21,23,0,9.5,4.3,85,18.0,167.2,7,4,4,0.0,1.0,14,False,False,22.75
2021-04-04,15,20,20,21,21,21,0,9.5,4.6,78,18.0,167.2,7,4,4,0.0,1.0,15,False,False,20.5
2021-04-04,16,20,20,20,20,20,0,9.6,3.6,71,18.0,167.2,7,4,4,0.0,1.0,16,False,False,20.0
2021-04-04,17,22,25,25,21,23,0,9.6,3.1,66,18.0,167.2,7,4,4,0.0,1.0,17,False,False,23.25
2021-04-04,18,20,21,20,20,20,0,9.6,3.6,62,18.0,167.2,7,4,4,0.0,1.5,18,False,False,20.25
2021-04-04,19,20,20,20,21,20,0,9.2,2.7,67,18.0,167.2,7,4,4,0.0,1.5,19,False,False,20.25
2021-04-04,20,20,21,25,26,23,0,9.1,3.8,69,18.0,167.2,7,4,4,0.0,1.5,20,False,False,23.0
2021-04-04,21,22,21,22,21,22,0,8.9,3.1,69,18.0,167.2,7,4,4,0.0,1.5,21,False,False,21.5
2021-04-04,22,21,21,21,21,21,0,8.7,2.4,67,18.0,167.2,7,4,4,0.0,1.5,22,False,False,21.0
2021-04-04,23,21,21,21,25,22,0,8.6,3.0,68,18.0,167.2,7,4,4,0.0,1.5,23,False,False,22.0
2021-04-05,0,26,23,21,21,23,0,8.2,2.6,70,18.0,167.2,1,5,4,0.0,1.5,0,False,False,22.75
2021-04-05,1,21,21,21,21,21,0,7.0,3.0,73,0.0,167.2,1,5,4,0.0,1.5,1,False,False,21.0
2021-04-05,2,21,21,21,21,21,0,6.4,2.7,75,0.0,167.2,1,5,4,0.0,1.5,2,False,False,21.0
2021-04-05,3,24,26,22,21,23,0,6.0,2.6,75,0.0,167.2,1,5,4,0.0,1.5,3,False,False,23.25
2021-04-05,4,21,21,21,21,21,0,6.4,3.9,64,0.0,167.2,1,5,4,0.0,1.5,4,False,False,21.0
2021-04-05,5,21,21,21,21,21,0,6.2,3.5,61,0.0,167.2,1,5,4,0.0,1.5,5,False,False,21.0
2021-04-05,6,23,25,24,21,23,0,6.1,2.1,65,0.0,167.2,1,5,4,0.0,1.5,6,False,False,23.25
2021-04-05,7,22,40,76,97,59,0,7.0,3.4,64,0.0,167.2,1,5,4,0.0,1.5,7,False,False,58.75
2021-04-05,8,153,184,183,179,175,1029,8.9,3.6,58,0.0,167.2,1,5,4,1.472103004,1.5,8,False,False,174.75
2021-04-05,9,181,178,164,157,170,940,11.2,4.0,50,0.0,167.2,1,5,4,1.382352941,1.0,9,False,False,170.0
2021-04-05,10,125,141,164,164,149,1371,11.9,4.6,45,0.0,167.2,1,5,4,2.308080808,1.0,10,False,False,148.5
2021-04-05,11,173,170,173,179,174,2272,12.6,3.8,41,0.0,167.2,1,5,4,3.269064748,1.0,11,False,False,173.75
2021-04-05,12,105,93,93,134,106,72,13.1,4.3,39,0.0,167.2,1,5,4,0.169411765,1.0,12,False,False,106.25
2021-04-05,13,177,177,182,179,179,1267,13.7,4.2,39,0.0,167.2,1,5,4,1.772027972,1.0,13,False,False,178.75
2021-04-05,14,170,168,164,167,167,607,14.1,3.8,41,0.0,167.2,1,5,4,0.907324365,1.0,14,False,False,167.25
2021-04-05,15,125,165,160,167,154,4275,14.0,3.7,44,0.0,167.2,1,5,4,6.928687196,1.0,15,False,False,154.25
2021-04-05,16,162,145,146,136,147,1158,13.9,3.2,45,0.0,167.2,1,5,4,1.966044143,1.0,16,False,False,147.25
2021-04-05,17,98,99,131,146,119,771,13.3,2.6,40,0.0,167.2,1,5,4,1.626582278,1.0,17,False,False,118.5
2021-04-05,18,128,130,138,141,134,1184,12.0,2.6,43,0.0,167.2,1,5,4,2.204841713,1.5,18,False,False,134.25
2021-04-05,19,133,130,119,106,122,2358,10.6,2.4,54,0.0,167.2,1,5,4,4.831967213,1.5,19,False,False,122.0
2021-04-05,20,108,101,117,113,110,102,10.0,2.2,57,0.0,167.2,1,5,4,0.232346241,1.5,20,False,False,109.75
2021-04-05,21,100,105,102,110,104,10,9.5,2.3,61,0.0,167.2,1,5,4,0.023980815,1.5,21,False,False,104.25
2021-04-05,22,92,110,106,110,105,269,9.1,2.6,64,0.0,167.2,1,5,4,0.64354067,1.5,22,False,False,104.5
2021-04-05,23,103,114,104,73,99,24,9.7,2.3,59,0.0,167.2,1,5,4,0.060913706,1.5,23,False,False,98.5
2021-04-06,0,68,63,65,64,65,156,8.6,1.3,65,0.0,167.2,2,6,4,0.6,1.5,0,False,False,65.0
2021-04-06,1,97,106,117,113,108,212,6.6,0.9,76,0.0,167.2,2,6,4,0.48960739,1.5,1,False,False,108.25
2021-04-06,2,120,117,116,112,116,5,6.3,0.9,78,0.0,167.2,2,6,4,0.010752688,1.5,2,False,False,116.25
2021-04-06,3,90,108,104,113,104,37,6.5,2.4,77,0.0,167.2,2,6,4,0.089156627,1.5,3,False,False,103.75
2021-04-06,4,101,98,108,97,101,13,5.5,1.0,82,0.0,167.2,2,6,4,0.032178218,1.5,4,False,False,101.0
2021-04-06,5,79,76,90,94,85,319,5.3,1.0,83,0.0,167.2,2,6,4,0.94100295,1.5,5,False,False,84.75
2021-04-06,6,109,110,112,111,111,182,4.8,0.2,86,0.0,167.2,2,6,4,0.411764706,1.5,6,False,False,110.5
2021-04-06,7,108,115,142,139,126,531,6.3,1.7,79,0.0,167.2,2,6,4,1.053571429,1.5,7,False,False,126.0
2021-04-06,8,162,181,167,175,171,1007,8.5,2.7,72,0.0,167.2,2,6,4,1.470072993,1.5,8,False,False,171.25
2021-04-06,9,169,155,177,172,168,984,11.3,1.7,62,0.0,167.2,2,6,4,1.462109955,1.0,9,False,False,168.25
2021-04-06,10,129,170,169,174,161,927,13.4,0.9,51,0.0,167.2,2,6,4,1.443925234,1.0,10,False,False,160.5
2021-04-06,11,178,169,170,173,173,1223,15.6,0.9,46,0.0,167.2,2,6,4,1.772463768,1.0,11,False,False,172.5
2021-04-06,12,105,89,91,129,104,3566,16.0,1.2,39,0.0,167.2,2,6,4,8.61352657,1.0,12,False,False,103.5
2021-04-06,13,170,166,165,160,165,960,17.1,1.7,33,0.0,167.2,2,6,4,1.452344932,1.0,13,False,False,165.25
2021-04-06,14,161,163,161,180,166,1218,17.9,2.5,45,0.0,167.2,2,6,4,1.831578947,1.0,14,False,False,166.25
2021-04-06,15,133,173,177,153,159,1342,16.4,3.3,46,0.0,167.2,2,6,4,2.110062893,1.0,15,False,False,159.0
2021-04-06,16,161,164,162,157,161,868,16.0,3.0,56,0.0,167.2,2,6,4,1.347826087,1.0,16,False,False,161.0
2021-04-06,17,110,90,139,153,123,218,15.4,2.6,61,0.0,167.2,2,6,4,0.443089431,1.0,17,False,False,123.0
2021-04-06,18,150,169,169,162,163,1330,14.9,2.0,55,0.0,167.2,2,6,4,2.046153846,1.5,18,False,False,162.5
2021-04-06,19,159,164,172,138,158,2259,13.5,0.9,65,0.0,167.2,2,6,4,3.568720379,1.5,19,False,False,158.25
2021-04-06,20,122,125,118,129,124,101,11.9,0.2,76,0.0,167.2,2,6,4,0.204453441,1.5,20,False,False,123.5
2021-04-06,21,125,134,122,117,125,18,11.3,0.8,77,0.0,167.2,2,6,4,0.036144578,1.5,21,False,False,124.5
2021-04-06,22,98,100,115,105,105,68,11.2,1.7,70,0.0,167.2,2,6,4,0.162679426,1.5,22,False,False,104.5
2021-04-06,23,106,103,98,73,95,516,11.3,1.0,62,0.0,167.2,2,6,4,1.357894737,1.5,23,False,False,95.0
2021-04-07,0,21,21,21,21,21,0,13.1,1.5,44,0.0,167.2,3,7,4,0.0,1.5,0,False,False,21.0
2021-04-07,1,21,21,21,21,21,182,14.3,2.9,41,0.0,167.2,3,7,4,2.166666667,1.5,1,False,False,21.0
2021-04-07,2,21,21,23,26,23,250,14.1,2.5,39,0.0,167.2,3,7,4,2.747252747,1.5,2,False,False,22.75
2021-04-07,3,24,21,21,21,22,10,11.9,1.4,46,0.0,167.2,3,7,4,0.114942529,1.5,3,False,False,21.75
2021-04-07,4,21,21,21,21,21,151,12.3,2.7,44,0.0,167.2,3,7,4,1.797619048,1.5,4,False,False,21.0
2021-04-07,5,21,21,21,25,22,283,11.8,2.9,46,0.0,167.2,3,7,4,3.215909091,1.5,5,False,False,22.0
2021-04-07,6,26,23,21,21,23,136,12.0,2.8,45,0.0,167.2,3,7,4,1.494505495,1.5,6,False,False,22.75
2021-04-07,7,21,39,67,95,56,593,12.6,0.9,46,0.0,167.2,3,7,4,2.671171171,1.5,7,False,False,55.5
2021-04-07,8,160,191,190,199,185,669,13.6,3.2,43,0.0,167.2,3,7,4,0.904054054,1.5,8,False,False,185.0
2021-04-07,9,185,187,186,187,186,892,15.4,3.7,39,0.0,167.2,3,7,4,1.197315436,1.0,9,False,False,186.25
2021-04-07,10,144,172,165,177,165,1027,17.3,3.2,39,0.0,167.2,3,7,4,1.560790274,1.0,10,False,False,164.5
2021-04-07,11,164,173,179,169,171,1113,18.4,3.0,34,0.0,167.2,3,7,4,1.624817518,1.0,11,False,False,171.25
2021-04-07,12,108,87,86,123,101,2836,18.8,3.4,36,0.0,167.2,3,7,4,7.01980198,1.0,12,False,False,101.0
2021-04-07,13,173,170,163,159,166,427,18.3,3.9,36,0.0,167.2,3,7,4,0.642105263,1.0,13,False,False,166.25
2021-04-07,14,154,167,164,156,160,1325,18.1,3.7,38,0.0,167.2,3,7,4,2.067082683,1.0,14,False,False,160.25
2021-04-07,15,126,156,163,173,155,1691,18.0,3.1,38,0.0,167.2,3,7,4,2.736245955,1.0,15,False,False,154.5
2021-04-07,16,149,160,163,163,159,579,17.8,2.9,38,0.0,167.2,3,7,4,0.911811024,1.0,16,False,False,158.75
2021-04-07,17,107,95,142,155,125,567,16.4,2.7,38,0.0,167.2,3,7,4,1.136272545,1.0,17,False,False,124.75
2021-04-07,18,140,127,123,111,125,1427,15.3,2.2,45,0.0,167.2,3,7,4,2.848303393,1.5,18,False,False,125.25
2021-04-07,19,124,112,108,117,115,1745,14.7,3.6,50,0.0,167.2,3,7,4,3.785249458,1.5,19,False,False,115.25
2021-04-07,20,120,123,138,130,128,13,14.3,3.3,61,0.0,167.2,3,7,4,0.025440313,1.5,20,False,False,127.75
2021-04-07,21,128,122,115,117,121,460,13.9,2.9,62,0.0,167.2,3,7,4,0.954356846,1.5,21,False,False,120.5
2021-04-07,22,104,120,116,114,114,70,12.9,1.7,64,0.0,167.2,3,7,4,0.154185022,1.5,22,False,False,113.5
2021-04-07,23,99,118,109,78,101,110,12.6,1.2,61,0.0,167.2,3,7,4,0.272277228,1.5,23,False,False,101.0
2021-04-08,0,72,69,63,62,67,0,11.9,1.4,61,0.0,167.2,4,8,4,0.0,1.5,0,False,False,66.5
2021-04-08,1,93,100,109,112,104,131,11.8,0.9,57,0.0,167.2,4,8,4,0.316425121,1.5,1,False,False,103.5
2021-04-08,2,106,100,102,98,102,112,11.1,1.9,65,0.0,167.2,4,8,4,0.275862069,1.5,2,False,False,101.5
2021-04-08,3,97,108,113,101,105,48,10.8,1.5,65,0.0,167.2,4,8,4,0.114558473,1.5,3,False,False,104.75
2021-04-08,4,96,96,102,99,98,70,12.0,2.2,52,0.0,167.2,4,8,4,0.178117048,1.5,4,False,False,98.25
2021-04-08,5,81,72,95,109,89,316,12.5,3.1,46,0.0,167.2,4,8,4,0.885154062,1.5,5,False,False,89.25
2021-04-08,6,115,111,105,97,107,350,12.3,3.2,44,0.0,167.2,4,8,4,0.817757009,1.5,6,False,False,107.0
2021-04-08,7,101,110,134,127,118,826,12.3,1.2,44,0.0,167.2,4,8,4,1.75,1.5,7,False,False,118.0
2021-04-08,8,153,172,180,181,172,458,13.4,0.8,45,0.0,167.2,4,8,4,0.667638484,1.5,8,False,False,171.5
2021-04-08,9,172,174,163,171,170,1501,15.8,2.0,34,0.0,167.2,4,8,4,2.207352941,1.0,9,False,False,170.0
2021-04-08,10,127,166,166,174,158,474,16.5,2.7,31,0.0,167.2,4,8,4,0.748815166,1.0,10,False,False,158.25
2021-04-08,11,167,161,167,159,164,702,18.1,2.7,38,0.0,167.2,4,8,4,1.073394495,1.0,11,False,False,163.5
2021-04-08,12,103,94,95,130,106,938,15.9,4.7,57,0.0,167.2,4,8,4,2.222748815,1.0,12,False,False,105.5
2021-04-08,13,174,164,172,159,167,825,15.4,4.3,61,0.0,167.2,4,8,4,1.233183857,1.0,13,False,False,167.25
2021-04-08,14,149,152,158,153,153,1241,14.9,4.9,59,0.0,167.2,4,8,4,2.027777778,1.0,14,False,False,153.0
2021-04-08,15,107,134,144,146,133,2328,14.8,4.1,62,0.0,167.2,4,8,4,4.384180791,1.0,15,False,False,132.75
2021-04-08,16,137,153,138,151,145,825,13.8,3.5,61,0.0,167.2,4,8,4,1.424870466,1.0,16,False,False,144.75
2021-04-08,17,111,104,140,124,120,386,13.2,3.9,64,0.0,167.2,4,8,4,0.805845511,1.0,17,False,False,119.75
2021-04-08,18,110,107,105,111,108,1904,12.7,3.4,69,0.0,167.2,4,8,4,4.397228637,1.5,18,False,False,108.25
2021-04-08,19,106,102,97,93,100,1058,11.7,1.2,73,0.0,167.2,4,8,4,2.658291457,1.5,19,False,False,99.5
2021-04-08,20,102,99,110,102,103,171,11.3,1.1,74,0.0,167.2,4,8,4,0.414043584,1.5,20,False,False,103.25
2021-04-08,21,107,99,102,100,102,110,10.9,0.9,77,0.0,167.2,4,8,4,0.269607843,1.5,21,False,False,102.0
2021-04-08,22,91,107,101,102,100,0,10.5,1.6,78,0.0,167.2,4,8,4,0.0,1.5,22,False,False,100.25
2021-04-08,23,101,93,86,60,85,294,10.1,1.5,82,0.0,167.2,4,8,4,0.864705882,1.5,23,False,False,85.0
2021-04-09,0,23,22,22,23,23,27,10.1,1.9,81,0.0,167.2,5,9,4,0.3,1.5,0,False,False,22.5
2021-04-09,1,22,23,23,23,23,60,9.6,2.3,85,0.0,167.2,5,9,4,0.659340659,1.5,1,False,False,22.75
2021-04-09,2,23,22,27,27,25,243,8.6,1.8,90,0.0,167.2,5,9,4,2.454545455,1.5,2,False,False,24.75
2021-04-09,3,23,22,23,22,23,279,8.0,1.0,93,0.0,167.2,5,9,4,3.1,1.5,3,False,False,22.5
2021-04-09,4,23,22,23,23,23,2,7.0,0.4,97,0.0,167.2,5,9,4,0.021978022,1.5,4,False,False,22.75
2021-04-09,5,22,23,23,26,24,118,6.9,0.6,97,0.0,167.2,5,9,4,1.255319149,1.5,5,False,False,23.5
2021-04-09,6,27,24,23,22,24,123,7.9,2.1,95,0.0,167.2,5,9,4,1.28125,1.5,6,False,False,24.0
2021-04-09,7,26,34,63,131,64,440,8.6,2.2,93,0.0,167.2,5,9,4,1.732283465,1.5,7,False,False,63.5
2021-04-09,8,160,180,182,184,177,342,10.7,1.4,84,0.0,167.2,5,9,4,0.484419263,1.5,8,False,False,176.5
2021-04-09,9,164,163,156,149,158,411,12.8,2.4,68,0.0,167.2,5,9,4,0.650316456,1.0,9,False,False,158.0
2021-04-09,10,128,169,163,168,157,663,12.1,4.1,68,0.0,167.2,5,9,4,1.055732484,1.0,10,False,False,157.0
2021-04-09,11,173,157,172,153,164,1501,11.3,2.7,71,0.0,167.2,5,9,4,2.291603053,1.0,11,False,False,163.75
2021-04-09,12,110,91,96,126,106,160,9.4,2.3,94,0.9,167.2,5,9,4,0.378250591,1.0,12,False,False,105.75
2021-04-09,13,155,158,158,159,158,2943,9.4,3.2,98,4.4,167.2,5,9,4,4.671428571,1.0,13,False,False,157.5
2021-04-09,14,149,152,163,153,154,1731,9.0,2.8,95,5.1,167.2,5,9,4,2.805510535,1.0,14,False,False,154.25
2021-04-09,15,125,144,151,145,141,1514,9.1,2.0,91,5.1,167.2,5,9,4,2.679646018,1.0,15,False,False,141.25
2021-04-09,16,147,151,155,157,153,1633,9.7,2.7,73,5.1,167.2,5,9,4,2.67704918,1.0,16,False,False,152.5
2021-04-09,17,110,102,153,146,128,325,9.7,2.8,65,5.1,167.2,5,9,4,0.636007828,1.0,17,False,False,127.75
2021-04-09,18,153,165,158,160,159,983,9.5,3.1,62,5.1,167.2,5,9,4,1.545597484,1.5,18,False,False,159.0
2021-04-09,19,155,147,147,117,142,2300,9.2,2.9,60,5.1,167.2,5,9,4,4.06360424,1.5,19,False,False,141.5
2021-04-09,20,111,114,103,114,111,39,8.2,1.5,65,5.1,167.2,5,9,4,0.088235294,1.5,20,False,False,110.5
2021-04-09,21,121,121,120,117,120,8,8.2,2.1,65,5.1,167.2,5,9,4,0.016701461,1.5,21,False,False,119.75
2021-04-09,22,92,117,118,122,112,50,7.9,2.1,66,5.1,167.2,5,9,4,0.111358575,1.5,22,False,False,112.25
2021-04-09,23,110,105,104,84,101,0,7.4,1.7,69,5.1,167.2,5,9,4,0.0,1.5,23,False,False,100.75
2021-04-10,0,60,60,63,60,61,25,7.0,1.6,71,5.1,167.2,6,10,4,0.102880658,1.5,0,False,False,60.75
2021-04-10,1,95,97,108,115,104,34,5.6,1.2,78,0.0,167.2,6,10,4,0.081927711,1.5,1,False,False,103.75
2021-04-10,2,105,104,94,110,103,917,5.2,1.6,80,0.0,167.2,6,10,4,2.220338983,1.5,2,False,False,103.25
2021-04-10,3,92,111,108,100,103,0,4.4,1.5,87,0.0,167.2,6,10,4,0.0,1.5,3,False,False,102.75
2021-04-10,4,114,110,106,95,106,30,3.9,1.2,90,0.0,167.2,6,10,4,0.070588235,1.5,4,False,False,106.25
2021-04-10,5,78,75,96,99,87,0,3.4,1.6,92,0.0,167.2,6,10,4,0.0,1.5,5,False,False,87.0
2021-04-10,6,114,108,102,90,104,692,3.3,1.1,90,0.0,167.2,6,10,4,1.671497585,1.5,6,False,False,103.5
2021-04-10,7,88,79,50,33,63,1351,5.5,1.7,86,0.0,167.2,6,10,4,5.404,1.5,7,False,False,62.5
2021-04-10,8,22,26,27,22,24,6,7.9,1.8,75,0.0,167.2,6,10,4,0.06185567,1.5,8,False,False,24.25
2021-04-10,9,23,22,22,22,22,0,10.5,2.0,63,0.0,167.2,6,10,4,0.0,1.0,9,False,False,22.25
2021-04-10,10,22,22,22,22,22,0,12.2,2.4,55,0.0,167.2,6,10,4,0.0,1.0,10,False,False,22.0
2021-04-10,11,22,25,27,26,25,0,12.8,3.1,54,0.0,167.2,6,10,4,0.0,1.0,11,False,False,25.0
2021-04-10,12,22,23,23,22,23,0,12.8,3.4,49,0.0,167.2,6,10,4,0.0,1.0,12,False,False,22.5
2021-04-10,13,22,22,22,22,22,0,12.9,2.5,52,0.0,167.2,6,10,4,0.0,1.0,13,False,False,22.0
2021-04-10,14,22,22,23,26,23,0,13.1,3.1,50,0.0,167.2,6,10,4,0.0,1.0,14,False,False,23.25
2021-04-10,15,27,23,22,22,24,0,13.7,3.2,51,0.0,167.2,6,10,4,0.0,1.0,15,False,False,23.5
2021-04-10,16,22,22,23,23,23,0,12.8,3.4,54,0.0,167.2,6,10,4,0.0,1.0,16,False,False,22.5
2021-04-10,17,23,22,22,22,22,0,12.5,3.2,53,0.0,167.2,6,10,4,0.0,1.0,17,False,False,22.25
2021-04-10,18,25,27,22,22,24,0,11.1,2.1,56,0.0,167.2,6,10,4,0.0,1.5,18,False,False,24.0
2021-04-10,19,22,22,22,22,22,0,10.2,1.2,62,0.0,167.2,6,10,4,0.0,1.5,19,False,False,22.0
2021-04-10,20,22,22,22,22,22,0,9.2,0.9,67,0.0,167.2,6,10,4,0.0,1.5,20,False,False,22.0
2021-04-10,21,25,28,24,23,25,0,8.4,0.0,72,0.0,167.2,6,10,4,0.0,1.5,21,False,False,25.0
2021-04-10,22,23,23,22,23,23,0,7.7,0.5,76,0.0,167.2,6,10,4,0.0,1.5,22,False,False,22.75
2021-04-10,23,22,22,23,23,23,0,7.6,1.8,77,0.0,167.2,6,10,4,0.0,1.5,23,False,False,22.5
2021-04-11,0,20,20,20,20,20,0,7.0,1.4,80,0.0,167.2,7,11,4,0.0,1.5,0,False,False,20.0
2021-04-11,1,24,25,21,20,23,0,7.1,2.1,80,0.0,167.2,7,11,4,0.0,1.5,1,False,False,22.5
2021-04-11,2,20,20,20,20,20,0,6.7,1.4,83,0.0,167.2,7,11,4,0.0,1.5,2,False,False,20.0
2021-04-11,3,20,20,20,20,20,0,6.0,0.7,88,0.0,167.2,7,11,4,0.0,1.5,3,False,False,20.0
2021-04-11,4,20,20,24,25,22,0,5.9,1.2,93,0.0,167.2,7,11,4,0.0,1.5,4,False,False,22.25
2021-04-11,5,20,20,20,20,20,0,5.5,1.0,93,0.0,167.2,7,11,4,0.0,1.5,5,False,False,20.0
2021-04-11,6,20,20,20,20,20,0,5.7,1.0,96,0.0,167.2,7,11,4,0.0,1.5,6,False,False,20.0
2021-04-11,7,19,19,20,23,20,0,7.1,0.3,92,0.0,167.2,7,11,4,0.0,1.5,7,False,False,20.25
2021-04-11,8,24,19,20,20,21,0,9.6,0.9,82,0.0,167.2,7,11,4,0.0,1.5,8,False,False,20.75
2021-04-11,9,20,20,20,20,20,0,12.2,1.3,69,0.0,167.2,7,11,4,0.0,1.0,9,False,False,20.0
2021-04-11,10,20,20,20,23,21,0,14.3,1.7,65,0.0,167.2,7,11,4,0.0,1.0,10,False,False,20.75
2021-04-11,11,24,20,20,20,21,0,15.9,1.8,57,0.0,167.2,7,11,4,0.0,1.0,11,False,False,21.0
2021-04-11,12,20,20,20,20,20,0,17.1,2.8,46,0.0,167.2,7,11,4,0.0,1.0,12,False,False,20.0
2021-04-11,13,20,20,20,20,20,0,17.8,2.6,46,0.0,167.2,7,11,4,0.0,1.0,13,False,False,20.0
2021-04-11,14,25,24,20,20,22,0,18.3,2.4,22,0.0,167.2,7,11,4,0.0,1.0,14,False,False,22.25
2021-04-11,15,20,20,20,20,20,0,17.8,2.0,30,0.0,167.2,7,11,4,0.0,1.0,15,False,False,20.0
2021-04-11,16,20,20,20,20,20,0,17.9,2.4,32,0.0,167.2,7,11,4,0.0,1.0,16,False,False,20.0
2021-04-11,17,21,25,25,20,23,0,17.2,1.7,31,0.0,167.2,7,11,4,0.0,1.0,17,False,False,22.75
2021-04-11,18,20,19,19,19,19,0,15.6,0.8,29,0.0,167.2,7,11,4,0.0,1.5,18,False,False,19.25
2021-04-11,19,19,19,20,20,20,0,12.7,0.8,51,0.0,167.2,7,11,4,0.0,1.5,19,False,False,19.5
2021-04-11,20,19,19,20,25,21,0,12.2,0.7,64,0.0,167.2,7,11,4,0.0,1.5,20,False,False,20.75
2021-04-11,21,24,20,21,20,21,0,11.9,1.0,69,0.0,167.2,7,11,4,0.0,1.5,21,False,False,21.25
2021-04-11,22,20,20,20,20,20,0,11.4,0.1,73,0.0,167.2,7,11,4,0.0,1.5,22,False,False,20.0
2021-04-11,23,20,20,20,22,21,0,11.4,0.4,76,0.0,167.2,7,11,4,0.0,1.5,23,False,False,20.5
2021-04-12,0,71,65,58,60,64,0,10.4,1.3,77,0.0,167.2,1,12,4,0.0,1.5,0,False,False,63.5
2021-04-12,1,85,96,97,93,93,0,9.7,0.7,81,0.0,167.2,1,12,4,0.0,1.5,1,False,False,92.75
2021-04-12,2,91,93,96,94,94,0,9.8,0.9,84,0.0,167.2,1,12,4,0.0,1.5,2,False,False,93.5
2021-04-12,3,74,91,90,96,88,0,10.3,1.3,84,0.0,167.2,1,12,4,0.0,1.5,3,False,False,87.75
2021-04-12,4,91,84,84,79,85,0,10.2,1.1,87,0.0,167.2,1,12,4,0.0,1.5,4,False,False,84.5
2021-04-12,5,67,62,88,105,81,0,9.6,0.7,89,0.0,167.2,1,12,4,0.0,1.5,5,False,False,80.5
2021-04-12,6,102,94,94,90,95,0,10.0,0.7,90,0.0,167.2,1,12,4,0.0,1.5,6,False,False,95.0
2021-04-12,7,94,100,134,130,115,0,10.4,0.0,90,0.0,167.2,1,12,4,0.0,1.5,7,False,False,114.5
2021-04-12,8,160,172,167,179,170,1007,11.8,0.1,86,0.0,167.2,1,12,4,1.485250737,1.5,8,False,False,169.5
2021-04-12,9,166,169,172,175,171,876,12.3,0.1,83,0.0,167.2,1,12,4,1.284457478,1.0,9,False,False,170.5
2021-04-12,10,133,163,172,169,159,1032,12.7,0.1,87,0.0,167.2,1,12,4,1.620094192,1.0,10,False,False,159.25
2021-04-12,11,164,166,166,172,167,4888,13.0,1.4,91,0.4,167.2,1,12,4,7.317365269,1.0,11,False,False,167.0
2021-04-12,12,101,81,83,130,99,305,13.5,1.5,93,0.6,167.2,1,12,4,0.772151899,1.0,12,False,False,98.75
2021-04-12,13,182,178,177,169,177,580,14.4,1.2,95,1.1,167.2,1,12,4,0.821529745,1.0,13,False,False,176.5
2021-04-12,14,159,166,169,173,167,431,14.4,0.7,90,1.7,167.2,1,12,4,0.646176912,1.0,14,False,False,166.75
2021-04-12,15,126,174,179,170,162,880,14.9,0.9,93,2.0,167.2,1,12,4,1.355932203,1.0,15,False,False,162.25
2021-04-12,16,163,156,145,150,154,690,14.6,2.0,98,2.9,167.2,1,12,4,1.123778502,1.0,16,False,False,153.5
2021-04-12,17,102,89,142,138,118,1920,14.1,3.1,98,4.0,167.2,1,12,4,4.076433121,1.0,17,False,False,117.75
2021-04-12,18,146,147,144,145,146,740,13.5,2.0,98,5.1,167.2,1,12,4,1.271477663,1.5,18,False,False,145.5
2021-04-12,19,154,154,146,122,144,2676,13.5,1.5,98,5.8,167.2,1,12,4,4.645833333,1.5,19,False,False,144.0
2021-04-12,20,108,118,119,115,115,6,14.9,3.2,98,6.8,167.2,1,12,4,0.013043478,1.5,20,False,False,115.0
2021-04-12,21,113,113,114,109,112,0,15.2,3.6,98,9.5,167.2,1,12,4,0.0,1.5,21,False,False,112.25
2021-04-12,22,92,94,107,106,100,28,15.7,4.8,98,12.5,167.2,1,12,4,0.070175439,1.5,22,False,False,99.75
2021-04-12,23,104,103,92,74,93,67,15.7,4.4,98,14.4,167.2,1,12,4,0.179624665,1.5,23,False,False,93.25
2021-04-13,0,71,65,58,60,64,0,15.7,4.6,98,15.4,167.2,2,13,4,0.0,1.5,0,False,False,63.5
2021-04-13,1,85,96,97,93,93,0,15.6,3.9,98,0.5,167.2,2,13,4,0.0,1.5,1,False,False,92.75
2021-04-13,2,91,93,96,94,94,134,15.4,3.7,98,1.4,167.2,2,13,4,0.35828877,1.5,2,False,False,93.5
2021-04-13,3,74,91,90,96,88,0,15.9,4.1,98,2.3,167.2,2,13,4,0.0,1.5,3,False,False,87.75
2021-04-13,4,91,84,84,79,85,172,16.0,3.0,98,2.8,167.2,2,13,4,0.50887574,1.5,4,False,False,84.5
2021-04-13,5,67,62,88,105,81,0,16.6,3.8,98,0.0,167.2,2,13,4,0.0,1.5,5,False,False,80.5
2021-04-13,6,102,94,94,90,95,84,16.8,3.6,98,0.0,167.2,2,13,4,0.221052632,1.5,6,False,False,95.0
2021-04-13,7,94,100,134,130,115,474,17.0,1.8,94,0.0,167.2,2,13,4,1.034934498,1.5,7,False,False,114.5
2021-04-13,8,160,172,167,179,170,889,19.0,0.7,84,0.0,167.2,2,13,4,1.31120944,1.5,8,False,False,169.5
2021-04-13,9,166,169,172,175,171,1381,18.6,1.4,75,0.0,167.2,2,13,4,2.024926686,1.0,9,False,False,170.5
2021-04-13,10,133,163,172,169,159,938,19.6,3.4,65,0.0,167.2,2,13,4,1.472527473,1.0,10,False,False,159.25
2021-04-13,11,164,166,166,172,167,1241,20.5,3.5,56,0.0,167.2,2,13,4,1.857784431,1.0,11,False,False,167.0
2021-04-13,12,101,81,83,130,99,44,20.2,4.0,53,0.0,167.2,2,13,4,0.111392405,1.0,12,False,False,98.75
2021-04-13,13,182,178,177,169,177,1208,19.4,4.0,55,0.0,167.2,2,13,4,1.711048159,1.0,13,False,False,176.5
2021-04-13,14,159,166,169,173,167,1086,19.9,3.8,50,0.0,167.2,2,13,4,1.628185907,1.0,14,False,False,166.75
2021-04-13,15,126,174,179,170,162,1368,20.6,3.0,50,0.0,167.2,2,13,4,2.107858243,1.0,15,False,False,162.25
2021-04-13,16,163,156,145,150,154,2151,20.5,2.8,42,0.0,167.2,2,13,4,3.503257329,1.0,16,False,False,153.5
2021-04-13,17,102,89,142,138,118,5156,20.4,2.0,43,0.0,167.2,2,13,4,10.94692144,1.0,17,False,False,117.75
2021-04-13,18,146,147,144,145,146,1023,19.0,2.0,46,0.0,167.2,2,13,4,1.757731959,1.5,18,False,False,145.5
2021-04-13,19,154,154,146,122,144,2808,17.5,1.8,48,0.0,167.2,2,13,4,4.875,1.5,19,False,False,144.0
2021-04-13,20,108,118,119,115,115,14,15.8,1.7,50,0.0,167.2,2,13,4,0.030434783,1.5,20,False,False,115.0
2021-04-13,21,113,113,114,109,112,340,14.2,1.8,53,0.0,167.2,2,13,4,0.757238307,1.5,21,False,False,112.25
2021-04-13,22,92,94,107,106,100,150,12.8,3.1,51,0.0,167.2,2,13,4,0.37593985,1.5,22,False,False,99.75
2021-04-13,23,104,103,92,74,93,189,11.3,3.1,53,0.0,167.2,2,13,4,0.506702413,1.5,23,False,False,93.25
2021-04-14,0,71,65,58,60,64,0,10.1,3.8,56,0.0,167.2,3,14,4,0.0,1.5,0,False,False,63.5
2021-04-14,1,85,96,97,93,93,66,9.3,3.9,55,0.0,167.2,3,14,4,0.177897574,1.5,1,False,False,92.75
2021-04-14,2,91,93,96,94,94,719,8.3,4.3,57,0.0,167.2,3,14,4,1.922459893,1.5,2,False,False,93.5
2021-04-14,3,74,91,90,96,88,36,7.5,4.5,57,0.0,167.2,3,14,4,0.102564103,1.5,3,False,False,87.75
2021-04-14,4,91,84,84,79,85,10,6.8,1.3,63,0.0,167.2,3,14,4,0.029585799,1.5,4,False,False,84.5
2021-04-14,5,67,62,88,105,81,549,6.9,3.4,59,0.0,167.2,3,14,4,1.704968944,1.5,5,False,False,80.5
2021-04-14,6,102,94,94,90,95,226,6.7,3.2,60,0.0,167.2,3,14,4,0.594736842,1.5,6,False,False,95.0
2021-04-14,7,94,100,134,130,115,692,6.8,2.2,60,0.0,167.2,3,14,4,1.510917031,1.5,7,False,False,114.5
2021-04-14,8,160,172,167,179,170,982,7.3,4.0,59,0.0,167.2,3,14,4,1.448377581,1.5,8,False,False,169.5
2021-04-14,9,166,169,172,175,171,1260,8.5,2.4,51,0.0,167.2,3,14,4,1.847507331,1.0,9,False,False,170.5
2021-04-14,10,133,163,172,169,159,1193,9.4,3.9,48,0.0,167.2,3,14,4,1.872841444,1.0,10,False,False,159.25
2021-04-14,11,164,166,166,172,167,1227,11.3,3.9,42,0.0,167.2,3,14,4,1.836826347,1.0,11,False,False,167.0
2021-04-14,12,101,81,83,130,99,532,13.5,3.1,35,0.0,167.2,3,14,4,1.346835443,1.0,12,False,False,98.75
2021-04-14,13,182,178,177,169,177,1032,14.5,3.9,26,0.0,167.2,3,14,4,1.461756374,1.0,13,False,False,176.5
2021-04-14,14,159,166,169,173,167,2635,15.3,2.7,24,0.0,167.2,3,14,4,3.950524738,1.0,14,False,False,166.75
2021-04-14,15,126,174,179,170,162,960,16.0,2.7,22,0.0,167.2,3,14,4,1.479198767,1.0,15,False,False,162.25
2021-04-14,16,163,156,145,150,154,2275,16.1,3.0,24,0.0,167.2,3,14,4,3.705211726,1.0,16,False,False,153.5
2021-04-14,17,102,89,142,138,118,351,14.9,2.4,39,0.0,167.2,3,14,4,0.74522293,1.0,17,False,False,117.75
2021-04-14,18,146,147,144,145,146,842,13.3,2.1,47,0.0,167.2,3,14,4,1.446735395,1.5,18,False,False,145.5
2021-04-14,19,154,154,146,122,144,1789,12.1,3.0,53,0.0,167.2,3,14,4,3.105902778,1.5,19,False,False,144.0
2021-04-14,20,108,118,119,115,115,30,11.3,3.2,56,0.0,167.2,3,14,4,0.065217391,1.5,20,False,False,115.0
2021-04-14,21,113,113,114,109,112,104,10.1,0.9,61,0.0,167.2,3,14,4,0.231625835,1.5,21,False,False,112.25
2021-04-14,22,92,94,107,106,100,123,10.3,1.1,57,0.0,167.2,3,14,4,0.308270677,1.5,22,False,False,99.75
2021-04-14,23,104,103,92,74,93,78,8.9,1.0,62,0.0,167.2,3,14,4,0.209115282,1.5,23,False,False,93.25
2021-04-15,0,71,65,58,60,64,240,7.4,1.3,60,0.0,167.2,4,15,4,0.94488189,1.5,0,False,False,63.5
2021-04-15,1,85,96,97,93,93,219,9.1,2.3,44,0.0,167.2,4,15,4,0.590296496,1.5,1,False,False,92.75
2021-04-15,2,91,93,96,94,94,116,6.6,1.1,62,0.0,167.2,4,15,4,0.310160428,1.5,2,False,False,93.5
2021-04-15,3,74,91,90,96,88,0,6.7,1.2,54,0.0,167.2,4,15,4,0.0,1.5,3,False,False,87.75
2021-04-15,4,91,84,84,79,85,1,8.0,2.5,47,0.0,167.2,4,15,4,0.00295858,1.5,4,False,False,84.5
2021-04-15,5,67,62,88,105,81,82,6.3,2.0,54,0.0,167.2,4,15,4,0.254658385,1.5,5,False,False,80.5
2021-04-15,6,102,94,94,90,95,0,6.8,2.4,53,0.0,167.2,4,15,4,0.0,1.5,6,False,False,95.0
2021-04-15,7,94,100,134,130,115,1477,7.1,2.3,54,0.0,167.2,4,15,4,3.22489083,1.5,7,False,False,114.5
2021-04-15,8,160,172,167,179,170,766,9.4,2.9,47,0.0,167.2,4,15,4,1.12979351,1.5,8,False,False,169.5
2021-04-15,9,166,169,172,175,171,1672,11.4,2.6,40,0.0,167.2,4,15,4,2.451612903,1.0,9,False,False,170.5
2021-04-15,10,133,163,172,169,159,492,12.9,2.2,35,0.0,167.2,4,15,4,0.772370487,1.0,10,False,False,159.25
2021-04-15,11,164,166,166,172,167,1021,14.5,1.5,32,0.0,167.2,4,15,4,1.528443114,1.0,11,False,False,167.0
2021-04-15,12,101,81,83,130,99,21,15.9,1.5,33,0.0,167.2,4,15,4,0.053164557,1.0,12,False,False,98.75
2021-04-15,13,182,178,177,169,177,1022,15.6,2.8,38,0.0,167.2,4,15,4,1.447592068,1.0,13,False,False,176.5
2021-04-15,14,159,166,169,173,167,1613,15.7,2.5,35,0.0,167.2,4,15,4,2.418290855,1.0,14,False,False,166.75
2021-04-15,15,126,174,179,170,162,662,15.4,2.2,37,0.0,167.2,4,15,4,1.020030817,1.0,15,False,False,162.25
2021-04-15,16,163,156,145,150,154,1543,14.8,2.3,40,0.0,167.2,4,15,4,2.513029316,1.0,16,False,False,153.5
2021-04-15,17,102,89,142,138,118,653,14.4,2.4,42,0.0,167.2,4,15,4,1.38641189,1.0,17,False,False,117.75
2021-04-15,18,146,147,144,145,146,1531,14.1,2.1,47,0.0,167.2,4,15,4,2.630584192,1.5,18,False,False,145.5
2021-04-15,19,154,154,146,122,144,2318,12.8,1.5,58,0.0,167.2,4,15,4,4.024305556,1.5,19,False,False,144.0
2021-04-15,20,108,118,119,115,115,10,11.5,1.8,63,0.0,167.2,4,15,4,0.02173913,1.5,20,False,False,115.0
2021-04-15,21,113,113,114,109,112,102,11.2,1.9,59,0.0,167.2,4,15,4,0.227171492,1.5,21,False,False,112.25
2021-04-15,22,92,94,107,106,100,572,11.5,2.4,55,0.0,167.2,4,15,4,1.43358396,1.5,22,False,False,99.75
2021-04-15,23,104,103,92,74,93,69,9.0,1.0,67,0.0,167.2,4,15,4,0.184986595,1.5,23,False,False,93.25
2021-04-16,0,71,65,58,60,64,0,8.9,0.2,68,0.0,167.2,5,16,4,0.0,1.5,0,False,False,63.5
2021-04-16,1,85,96,97,93,93,304,8.0,0.2,73,0.0,167.2,5,16,4,0.819407008,1.5,1,False,False,92.75
2021-04-16,2,91,93,96,94,94,243,7.6,1.4,76,0.0,167.2,5,16,4,0.64973262,1.5,2,False,False,93.5
2021-04-16,3,74,91,90,96,88,40,6.8,0.5,83,0.0,167.2,5,16,4,0.113960114,1.5,3,False,False,87.75
2021-04-16,4,91,84,84,79,85,140,7.9,0.9,78,0.0,167.2,5,16,4,0.414201183,1.5,4,False,False,84.5
2021-04-16,5,67,62,88,105,81,35,6.4,0.6,84,0.0,167.2,5,16,4,0.108695652,1.5,5,False,False,80.5
2021-04-16,6,102,94,94,90,95,48,7.0,1.1,88,0.0,167.2,5,16,4,0.126315789,1.5,6,False,False,95.0
2021-04-16,7,94,100,134,130,115,1429,8.2,0.0,87,0.0,167.2,5,16,4,3.120087336,1.5,7,False,False,114.5
2021-04-16,8,160,172,167,179,170,459,10.9,0.3,79,0.0,167.2,5,16,4,0.67699115,1.5,8,False,False,169.5
2021-04-16,9,166,169,172,175,171,780,13.5,2.5,65,0.0,167.2,5,16,4,1.143695015,1.0,9,False,False,170.5
2021-04-16,10,133,163,172,169,159,961,15.6,1.5,56,0.0,167.2,5,16,4,1.508634223,1.0,10,False,False,159.25
2021-04-16,11,164,166,166,172,167,3628,17.8,3.8,53,0.0,167.2,5,16,4,5.431137725,1.0,11,False,False,167.0
2021-04-16,12,101,81,83,130,99,3130,18.6,4.8,50,0.0,167.2,5,16,4,7.924050633,1.0,12,False,False,98.75
2021-04-16,13,182,178,177,169,177,1657,18.9,4.5,52,0.0,167.2,5,16,4,2.347025496,1.0,13,False,False,176.5
2021-04-16,14,159,166,169,173,167,1804,19.7,4.5,52,0.0,167.2,5,16,4,2.704647676,1.0,14,False,False,166.75
2021-04-16,15,126,174,179,170,162,621,20.2,3.2,52,0.0,167.2,5,16,4,0.956856703,1.0,15,False,False,162.25
2021-04-16,16,163,156,145,150,154,1025,19.4,4.1,56,0.0,167.2,5,16,4,1.669381107,1.0,16,False,False,153.5
2021-04-16,17,102,89,142,138,118,720,20.1,3.0,53,0.0,167.2,5,16,4,1.52866242,1.0,17,False,False,117.75
2021-04-16,18,146,147,144,145,146,877,17.8,3.6,73,0.0,167.2,5,16,4,1.506872852,1.5,18,False,False,145.5
2021-04-16,19,154,154,146,122,144,1519,16.9,3.6,77,0.0,167.2,5,16,4,2.637152778,1.5,19,False,False,144.0
2021-04-16,20,108,118,119,115,115,98,16.5,2.7,77,0.0,167.2,5,16,4,0.213043478,1.5,20,False,False,115.0
2021-04-16,21,113,113,114,109,112,58,16.0,2.8,79,0.0,167.2,5,16,4,0.129175947,1.5,21,False,False,112.25
2021-04-16,22,92,94,107,106,100,141,16.0,2.0,80,0.0,167.2,5,16,4,0.353383459,1.5,22,False,False,99.75
2021-04-16,23,104,103,92,74,93,36,15.3,1.6,85,0.0,167.2,5,16,4,0.096514745,1.5,23,False,False,93.25
2021-04-17,0,60,60,63,60,61,239,14.9,1.6,89,0.0,167.2,6,17,4,0.983539095,1.5,0,False,False,60.75
2021-04-17,1,95,97,108,115,104,325,14.5,1.6,91,0.0,167.2,6,17,4,0.78313253,1.5,1,False,False,103.75
2021-04-17,2,105,104,94,110,103,117,14.1,2.0,75,0.0,167.2,6,17,4,0.283292978,1.5,2,False,False,103.25
2021-04-17,3,92,111,108,100,103,151,13.3,2.1,77,0.0,167.2,6,17,4,0.367396594,1.5,3,False,False,102.75
2021-04-17,4,114,110,106,95,106,292,13.1,3.6,73,0.0,167.2,6,17,4,0.687058824,1.5,4,False,False,106.25
2021-04-17,5,78,75,96,99,87,20,12.6,2.7,71,0.0,167.2,6,17,4,0.057471264,1.5,5,False,False,87.0
2021-04-17,6,114,108,102,90,104,144,12.4,1.1,68,0.0,167.2,6,17,4,0.347826087,1.5,6,False,False,103.5
2021-04-17,7,88,79,50,33,63,1690,12.3,2.0,64,0.0,167.2,6,17,4,6.76,1.5,7,False,False,62.5
2021-04-17,8,22,26,27,22,24,0,13.2,1.3,60,0.0,167.2,6,17,4,0.0,1.5,8,False,False,24.25
2021-04-17,9,23,22,22,22,22,0,14.3,0.9,57,0.0,167.2,6,17,4,0.0,1.0,9,False,False,22.25
2021-04-17,10,22,22,22,22,22,0,16.0,1.1,51,0.0,167.2,6,17,4,0.0,1.0,10,False,False,22.0
2021-04-17,11,22,25,27,26,25,0,17.6,1.4,49,0.0,167.2,6,17,4,0.0,1.0,11,False,False,25.0
2021-04-17,12,22,23,23,22,23,0,19.0,2.7,46,0.0,167.2,6,17,4,0.0,1.0,12,False,False,22.5
2021-04-17,13,22,22,22,22,22,0,18.2,2.8,62,0.0,167.2,6,17,4,0.0,1.0,13,False,False,22.0
2021-04-17,14,22,22,23,26,23,0,17.7,2.4,71,0.0,167.2,6,17,4,0.0,1.0,14,False,False,23.25
2021-04-17,15,27,23,22,22,24,0,17.0,1.9,72,0.0,167.2,6,17,4,0.0,1.0,15,False,False,23.5
2021-04-17,16,22,22,23,23,23,0,16.5,4.1,28,0.0,167.2,6,17,4,0.0,1.0,16,False,False,22.5
2021-04-17,17,23,22,22,22,22,0,15.9,4.8,27,0.0,167.2,6,17,4,0.0,1.0,17,False,False,22.25
2021-04-17,18,25,27,22,22,24,0,15.2,4.2,22,0.0,167.2,6,17,4,0.0,1.5,18,False,False,24.0
2021-04-17,19,22,22,22,22,22,0,13.8,3.8,26,0.0,167.2,6,17,4,0.0,1.5,19,False,False,22.0
2021-04-17,20,22,22,22,22,22,0,12.6,3.2,30,0.0,167.2,6,17,4,0.0,1.5,20,False,False,22.0
2021-04-17,21,25,28,24,23,25,0,10.7,1.8,44,0.0,167.2,6,17,4,0.0,1.5,21,False,False,25.0
2021-04-17,22,23,23,22,23,23,0,9.8,1.2,45,0.0,167.2,6,17,4,0.0,1.5,22,False,False,22.75
2021-04-17,23,22,22,23,23,23,0,10.3,3.8,34,0.0,167.2,6,17,4,0.0,1.5,23,False,False,22.5
2021-04-18,0,20,20,20,20,20,0,9.6,3.3,34,0.0,167.2,7,18,4,0.0,1.5,0,False,False,20.0
2021-04-18,1,24,25,21,20,23,0,9.1,3.0,35,0.0,167.2,7,18,4,0.0,1.5,1,False,False,22.5
2021-04-18,2,20,20,20,20,20,0,8.5,2.6,37,0.0,167.2,7,18,4,0.0,1.5,2,False,False,20.0
2021-04-18,3,20,20,20,20,20,0,7.9,2.0,40,0.0,167.2,7,18,4,0.0,1.5,3,False,False,20.0
2021-04-18,4,20,20,24,25,22,0,7.8,2.2,43,0.0,167.2,7,18,4,0.0,1.5,4,False,False,22.25
2021-04-18,5,20,20,20,20,20,0,7.9,3.1,52,0.0,167.2,7,18,4,0.0,1.5,5,False,False,20.0
2021-04-18,6,20,20,20,20,20,0,7.8,3.0,56,0.0,167.2,7,18,4,0.0,1.5,6,False,False,20.0
2021-04-18,7,19,19,20,23,20,0,8.3,2.9,58,0.0,167.2,7,18,4,0.0,1.5,7,False,False,20.25
2021-04-18,8,24,19,20,20,21,0,9.5,3.6,54,0.0,167.2,7,18,4,0.0,1.5,8,False,False,20.75
2021-04-18,9,20,20,20,20,20,0,10.7,4.4,50,0.0,167.2,7,18,4,0.0,1.0,9,False,False,20.0
2021-04-18,10,20,20,20,23,21,0,11.7,3.5,46,0.0,167.2,7,18,4,0.0,1.0,10,False,False,20.75
2021-04-18,11,24,20,20,20,21,0,12.5,3.4,43,0.0,167.2,7,18,4,0.0,1.0,11,False,False,21.0
2021-04-18,12,20,20,20,20,20,0,14.1,3.9,41,0.0,167.2,7,18,4,0.0,1.0,12,False,False,20.0
2021-04-18,13,20,20,20,20,20,0,15.1,2.1,37,0.0,167.2,7,18,4,0.0,1.0,13,False,False,20.0
2021-04-18,14,25,24,20,20,22,0,15.8,2.8,34,0.0,167.2,7,18,4,0.0,1.0,14,False,False,22.25
2021-04-18,15,20,20,20,20,20,0,16.7,2.8,31,0.0,167.2,7,18,4,0.0,1.0,15,False,False,20.0
2021-04-18,16,20,20,20,20,20,0,16.4,2.6,40,0.0,167.2,7,18,4,0.0,1.0,16,False,False,20.0
2021-04-18,17,21,25,25,20,23,0,15.0,2.9,45,0.0,167.2,7,18,4,0.0,1.0,17,False,False,22.75
2021-04-18,18,20,19,19,19,19,0,14.5,1.5,48,0.0,167.2,7,18,4,0.0,1.5,18,False,False,19.25
2021-04-18,19,19,19,20,20,20,0,13.4,1.1,59,0.0,167.2,7,18,4,0.0,1.5,19,False,False,19.5
2021-04-18,20,19,19,20,25,21,0,11.5,0.4,71,0.0,167.2,7,18,4,0.0,1.5,20,False,False,20.75
2021-04-18,21,24,20,21,20,21,0,12.1,0.8,61,0.0,167.2,7,18,4,0.0,1.5,21,False,False,21.25
2021-04-18,22,20,20,20,20,20,0,10.8,0.7,70,0.0,167.2,7,18,4,0.0,1.5,22,False,False,20.0
2021-04-18,23,20,20,20,22,21,0,11.7,2.5,47,0.0,167.2,7,18,4,0.0,1.5,23,False,False,20.5
2021-04-19,0,21,20,20,20,20,0,10.7,1.7,48,0.0,167.2,1,19,4,0.0,1.5,0,False,False,20.25
2021-04-19,1,23,25,22,20,23,0,11.5,2.8,45,0.0,167.2,1,19,4,0.0,1.5,1,False,False,22.5
2021-04-19,2,20,20,20,21,20,0,10.1,1.6,51,0.0,167.2,1,19,4,0.0,1.5,2,False,False,20.25
2021-04-19,3,21,20,20,20,20,0,10.4,2.8,50,0.0,167.2,1,19,4,0.0,1.5,3,False,False,20.25
2021-04-19,4,21,23,25,22,23,0,10.9,3.4,42,0.0,167.2,1,19,4,0.0,1.5,4,False,False,22.75
2021-04-19,5,20,20,20,20,20,0,9.8,2.0,43,0.0,167.2,1,19,4,0.0,1.5,5,False,False,20.0
2021-04-19,6,20,20,20,20,20,0,10.4,2.2,33,0.0,167.2,1,19,4,0.0,1.5,6,False,False,20.0
2021-04-19,7,26,31,58,101,54,0,11.3,0.9,36,0.0,167.2,1,19,4,0.0,1.5,7,False,False,54.0
2021-04-19,8,146,152,172,171,160,1040,13.7,2.2,29,0.0,167.2,1,19,4,1.622464899,1.5,8,False,False,160.25
2021-04-19,9,167,157,165,162,163,854,15.5,2.9,24,0.0,167.2,1,19,4,1.311827957,1.0,9,False,False,162.75
2021-04-19,10,132,162,165,159,155,913,17.2,2.8,23,0.0,167.2,1,19,4,1.477346278,1.0,10,False,False,154.5
2021-04-19,11,168,158,163,168,164,1984,18.3,4.2,21,0.0,167.2,1,19,4,3.01978691,1.0,11,False,False,164.25
2021-04-19,12,114,89,89,123,104,400,20.0,3.2,20,0.0,167.2,1,19,4,0.963855422,1.0,12,False,False,103.75
2021-04-19,13,147,159,160,152,155,718,20.8,2.8,19,0.0,167.2,1,19,4,1.161812298,1.0,13,False,False,154.5
2021-04-19,14,153,159,160,164,159,4151,22.3,3.2,20,0.0,167.2,1,19,4,6.52672956,1.0,14,False,False,159.0
2021-04-19,15,132,165,162,157,154,1195,23.1,2.1,17,0.0,167.2,1,19,4,1.939935065,1.0,15,False,False,154.0
2021-04-19,16,152,144,141,150,147,1100,23.1,3.0,16,0.0,167.2,1,19,4,1.873935264,1.0,16,False,False,146.75
2021-04-19,17,106,99,147,163,129,408,23.0,2.6,18,0.0,167.2,1,19,4,0.79223301,1.0,17,False,False,128.75
2021-04-19,18,152,147,148,140,147,444,22.1,2.9,18,0.0,167.2,1,19,4,0.756388416,1.5,18,False,False,146.75
2021-04-19,19,131,146,134,110,130,1383,20.0,1.8,21,0.0,167.2,1,19,4,2.654510557,1.5,19,False,False,130.25
2021-04-19,20,102,108,110,104,106,0,19.1,2.2,24,0.0,167.2,1,19,4,0.0,1.5,20,False,False,106.0
2021-04-19,21,106,109,107,103,106,29,18.5,2.5,27,0.0,167.2,1,19,4,0.068235294,1.5,21,False,False,106.25
2021-04-19,22,82,112,109,115,105,195,17.0,2.3,33,0.0,167.2,1,19,4,0.466507177,1.5,22,False,False,104.5
2021-04-19,23,112,104,99,77,98,0,16.2,2.0,35,0.0,167.2,1,19,4,0.0,1.5,23,False,False,98.0
2021-04-20,0,21,20,20,20,20,0,16.7,2.5,32,0.0,167.2,2,20,4,0.0,1.5,0,False,False,20.25
2021-04-20,1,23,25,22,20,23,386,15.3,2.5,35,0.0,167.2,2,20,4,4.288888889,1.5,1,False,False,22.5
2021-04-20,2,20,20,20,21,20,591,14.5,1.4,37,0.0,167.2,2,20,4,7.296296296,1.5,2,False,False,20.25
2021-04-20,3,21,20,20,20,20,13,14.3,2.7,38,0.0,167.2,2,20,4,0.160493827,1.5,3,False,False,20.25
2021-04-20,4,21,23,25,22,23,30,13.5,2.3,41,0.0,167.2,2,20,4,0.32967033,1.5,4,False,False,22.75
2021-04-20,5,20,20,20,20,20,2,13.5,2.9,39,0.0,167.2,2,20,4,0.025,1.5,5,False,False,20.0
2021-04-20,6,20,20,20,20,20,125,13.0,1.9,39,0.0,167.2,2,20,4,1.5625,1.5,6,False,False,20.0
2021-04-20,7,26,31,58,101,54,602,14.4,3.2,35,0.0,167.2,2,20,4,2.787037037,1.5,7,False,False,54.0
2021-04-20,8,146,152,172,171,160,69,16.3,2.4,32,0.0,167.2,2,20,4,0.107644306,1.5,8,False,False,160.25
2021-04-20,9,167,157,165,162,163,426,18.7,2.6,27,0.0,167.2,2,20,4,0.65437788,1.0,9,False,False,162.75
2021-04-20,10,132,162,165,159,155,1218,20.4,3.5,25,0.0,167.2,2,20,4,1.970873786,1.0,10,False,False,154.5
2021-04-20,11,168,158,163,168,164,862,22.1,3.2,23,0.0,167.2,2,20,4,1.312024353,1.0,11,False,False,164.25
2021-04-20,12,114,89,89,123,104,332,24.2,1.8,21,0.0,167.2,2,20,4,0.8,1.0,12,False,False,103.75
2021-04-20,13,147,159,160,152,155,1455,23.7,5.1,20,0.0,167.2,2,20,4,2.354368932,1.0,13,False,False,154.5
2021-04-20,14,153,159,160,164,159,1351,23.4,4.2,21,0.0,167.2,2,20,4,2.124213836,1.0,14,False,False,159.0
2021-04-20,15,132,165,162,157,154,1183,22.4,4.1,21,0.0,167.2,2,20,4,1.920454545,1.0,15,False,False,154.0
2021-04-20,16,152,144,141,150,147,2180,21.4,4.1,26,0.0,167.2,2,20,4,3.713798978,1.0,16,False,False,146.75
2021-04-20,17,106,99,147,163,129,2080,19.7,3.4,37,0.0,167.2,2,20,4,4.038834951,1.0,17,False,False,128.75
2021-04-20,18,152,147,148,140,147,514,18.7,2.4,39,0.0,167.2,2,20,4,0.875638842,1.5,18,False,False,146.75
2021-04-20,19,131,146,134,110,130,1890,17.6,1.4,47,0.0,167.2,2,20,4,3.627639155,1.5,19,False,False,130.25
2021-04-20,20,102,108,110,104,106,100,16.5,1.2,59,0.0,167.2,2,20,4,0.235849057,1.5,20,False,False,106.0
2021-04-20,21,106,109,107,103,106,45,15.3,1.5,72,0.0,167.2,2,20,4,0.105882353,1.5,21,False,False,106.25
2021-04-20,22,82,112,109,115,105,80,14.7,1.6,74,0.0,167.2,2,20,4,0.19138756,1.5,22,False,False,104.5
2021-04-20,23,112,104,99,77,98,113,13.4,0.2,75,0.0,167.2,2,20,4,0.288265306,1.5,23,False,False,98.0
2021-04-21,0,62,58,56,57,58,0,13.6,2.0,65,0.0,167.2,3,21,4,0.0,1.5,0,False,False,58.25
2021-04-21,1,82,106,104,104,99,72,12.6,0.2,67,0.0,167.2,3,21,4,0.181818182,1.5,1,False,False,99.0
2021-04-21,2,98,107,104,95,101,0,12.4,0.5,72,0.0,167.2,3,21,4,0.0,1.5,2,False,False,101.0
2021-04-21,3,81,104,103,103,98,0,12.2,1.3,71,0.0,167.2,3,21,4,0.0,1.5,3,False,False,97.75
2021-04-21,4,91,106,111,107,104,547,11.8,0.4,74,0.0,167.2,3,21,4,1.318072289,1.5,4,False,False,103.75
2021-04-21,5,80,69,97,110,89,42,11.3,1.6,72,0.0,167.2,3,21,4,0.117977528,1.5,5,False,False,89.0
2021-04-21,6,112,108,102,103,106,0,10.6,0.4,78,0.0,167.2,3,21,4,0.0,1.5,6,False,False,106.25
2021-04-21,7,104,108,137,140,122,705,13.1,0.3,71,0.0,167.2,3,21,4,1.441717791,1.5,7,False,False,122.25
2021-04-21,8,162,174,164,153,163,724,16.1,0.8,65,0.0,167.2,3,21,4,1.108728943,1.5,8,False,False,163.25
2021-04-21,9,163,143,152,152,153,638,17.3,1.5,55,0.0,167.2,3,21,4,1.045901639,1.0,9,False,False,152.5
2021-04-21,10,125,173,172,172,161,1219,20.1,1.1,43,0.0,167.2,3,21,4,1.898753894,1.0,10,False,False,160.5
2021-04-21,11,165,161,155,143,156,1473,23.4,1.2,32,0.0,167.2,3,21,4,2.360576923,1.0,11,False,False,156.0
2021-04-21,12,102,77,77,110,92,167,23.8,2.0,39,0.0,167.2,3,21,4,0.456284153,1.0,12,False,False,91.5
2021-04-21,13,145,146,154,158,151,1402,24.4,2.3,41,0.0,167.2,3,21,4,2.325041459,1.0,13,False,False,150.75
2021-04-21,14,156,167,163,158,161,2161,24.8,2.7,34,0.0,167.2,3,21,4,3.355590062,1.0,14,False,False,161.0
2021-04-21,15,123,151,161,156,148,856,24.7,2.1,31,0.0,167.2,3,21,4,1.448392555,1.0,15,False,False,147.75
2021-04-21,16,155,155,152,142,151,2815,22.8,2.6,32,0.0,167.2,3,21,4,4.660596026,1.0,16,False,False,151.0
2021-04-21,17,107,85,120,134,112,747,21.5,2.0,38,0.0,167.2,3,21,4,1.674887892,1.0,17,False,False,111.5
2021-04-21,18,130,146,138,148,141,1177,19.5,1.6,44,0.0,167.2,3,21,4,2.09430605,1.5,18,False,False,140.5
2021-04-21,19,138,139,131,113,130,420,17.9,0.6,53,0.0,167.2,3,21,4,0.806142035,1.5,19,False,False,130.25
2021-04-21,20,106,108,127,136,119,0,16.7,0.0,57,0.0,167.2,3,21,4,0.0,1.5,20,False,False,119.25
2021-04-21,21,122,124,117,113,119,0,16.4,1.0,54,0.0,167.2,3,21,4,0.0,1.5,21,False,False,119.0
2021-04-21,22,85,118,113,108,106,345,16.1,0.1,53,0.0,167.2,3,21,4,0.813679245,1.5,22,False,False,106.0
2021-04-21,23,117,113,94,77,100,144,14.7,1.3,63,0.0,167.2,3,21,4,0.359102244,1.5,23,False,False,100.25
2021-04-22,0,62,58,56,57,58,0,14.0,0.6,69,0.0,167.2,4,22,4,0.0,1.5,0,False,False,58.25
2021-04-22,1,82,106,104,104,99,100,13.9,1.2,77,0.0,167.2,4,22,4,0.252525253,1.5,1,False,False,99.0
2021-04-22,2,98,107,104,95,101,7,13.7,0.3,86,0.0,167.2,4,22,4,0.017326733,1.5,2,False,False,101.0
2021-04-22,3,81,104,103,103,98,300,13.5,0.7,78,0.0,167.2,4,22,4,0.767263427,1.5,3,False,False,97.75
2021-04-22,4,91,106,111,107,104,54,13.9,2.2,76,0.0,167.2,4,22,4,0.130120482,1.5,4,False,False,103.75
2021-04-22,5,80,69,97,110,89,0,13.3,2.3,77,0.0,167.2,4,22,4,0.0,1.5,5,False,False,89.0
2021-04-22,6,112,108,102,103,106,11,13.9,1.6,75,0.0,167.2,4,22,4,0.025882353,1.5,6,False,False,106.25
2021-04-22,7,104,108,137,140,122,1582,14.7,2.0,72,0.0,167.2,4,22,4,3.235173824,1.5,7,False,False,122.25
2021-04-22,8,162,174,164,153,163,728,15.3,1.5,65,0.0,167.2,4,22,4,1.114854518,1.5,8,False,False,163.25
2021-04-22,9,163,143,152,152,153,712,19.0,2.4,40,0.0,167.2,4,22,4,1.167213115,1.0,9,False,False,152.5
2021-04-22,10,125,173,172,172,161,1196,21.7,1.5,28,0.0,167.2,4,22,4,1.862928349,1.0,10,False,False,160.5
2021-04-22,11,165,161,155,143,156,1131,22.9,1.5,26,0.0,167.2,4,22,4,1.8125,1.0,11,False,False,156.0
2021-04-22,12,102,77,77,110,92,450,24.3,2.1,24,0.0,167.2,4,22,4,1.229508197,1.0,12,False,False,91.5
2021-04-22,13,145,146,154,158,151,1674,24.8,3.3,24,0.0,167.2,4,22,4,2.776119403,1.0,13,False,False,150.75
2021-04-22,14,156,167,163,158,161,1547,24.2,2.2,25,0.0,167.2,4,22,4,2.402173913,1.0,14,False,False,161.0
2021-04-22,15,123,151,161,156,148,1086,22.3,3.1,29,0.0,167.2,4,22,4,1.837563452,1.0,15,False,False,147.75
2021-04-22,16,155,155,152,142,151,1599,20.2,3.3,46,0.0,167.2,4,22,4,2.647350993,1.0,16,False,False,151.0
2021-04-22,17,107,85,120,134,112,634,20.0,1.0,42,0.0,167.2,4,22,4,1.421524664,1.0,17,False,False,111.5
2021-04-22,18,130,146,138,148,141,2731,19.1,1.6,44,0.0,167.2,4,22,4,4.859430605,1.5,18,False,False,140.5
2021-04-22,19,138,139,131,113,130,1545,18.6,1.3,42,0.0,167.2,4,22,4,2.965451056,1.5,19,False,False,130.25
2021-04-22,20,106,108,127,136,119,132,18.0,1.0,46,0.0,167.2,4,22,4,0.27672956,1.5,20,False,False,119.25
2021-04-22,21,122,124,117,113,119,60,17.0,1.1,49,0.0,167.2,4,22,4,0.12605042,1.5,21,False,False,119.0
2021-04-22,22,85,118,113,108,106,72,17.8,3.1,43,0.0,167.2,4,22,4,0.169811321,1.5,22,False,False,106.0
2021-04-22,23,117,113,94,77,100,10,17.3,1.7,48,0.0,167.2,4,22,4,0.024937656,1.5,23,False,False,100.25
2021-04-23,0,62,58,56,57,58,0,16.4,1.5,51,0.0,167.2,5,23,4,0.0,1.5,0,False,False,58.25
2021-04-23,1,82,106,104,104,99,504,16.5,2.5,49,0.0,167.2,5,23,4,1.272727273,1.5,1,False,False,99.0
2021-04-23,2,98,107,104,95,101,41,16.3,2.8,50,0.0,167.2,5,23,4,0.101485149,1.5,2,False,False,101.0
2021-04-23,3,81,104,103,103,98,0,16.3,2.2,47,0.0,167.2,5,23,4,0.0,1.5,3,False,False,97.75
2021-04-23,4,91,106,111,107,104,58,16.3,2.2,46,0.0,167.2,5,23,4,0.139759036,1.5,4,False,False,103.75
2021-04-23,5,80,69,97,110,89,0,15.7,3.4,53,0.0,167.2,5,23,4,0.0,1.5,5,False,False,89.0
2021-04-23,6,112,108,102,103,106,48,15.0,2.6,61,0.0,167.2,5,23,4,0.112941176,1.5,6,False,False,106.25
2021-04-23,7,104,108,137,140,122,941,14.7,1.8,64,0.0,167.2,5,23,4,1.924335378,1.5,7,False,False,122.25
2021-04-23,8,162,174,164,153,163,572,14.6,3.5,69,0.0,167.2,5,23,4,0.875957121,1.5,8,False,False,163.25
2021-04-23,9,163,143,152,152,153,1287,15.4,3.7,64,0.0,167.2,5,23,4,2.109836066,1.0,9,False,False,152.5
2021-04-23,10,125,173,172,172,161,172,17.0,3.2,53,0.0,167.2,5,23,4,0.267912773,1.0,10,False,False,160.5
2021-04-23,11,165,161,155,143,156,1538,18.1,2.0,50,0.0,167.2,5,23,4,2.46474359,1.0,11,False,False,156.0
2021-04-23,12,102,77,77,110,92,262,17.7,3.2,53,0.0,167.2,5,23,4,0.715846995,1.0,12,False,False,91.5
2021-04-23,13,145,146,154,158,151,743,17.6,3.6,59,0.0,167.2,5,23,4,1.232172471,1.0,13,False,False,150.75
2021-04-23,14,156,167,163,158,161,464,17.6,3.4,62,0.0,167.2,5,23,4,0.720496894,1.0,14,False,False,161.0
2021-04-23,15,123,151,161,156,148,2170,17.1,4.0,58,0.0,167.2,5,23,4,3.671742809,1.0,15,False,False,147.75
2021-04-23,16,155,155,152,142,151,1743,16.6,2.9,56,0.0,167.2,5,23,4,2.885761589,1.0,16,False,False,151.0
2021-04-23,17,107,85,120,134,112,2106,15.4,3.5,63,0.0,167.2,5,23,4,4.721973094,1.0,17,False,False,111.5
2021-04-23,18,130,146,138,148,141,104,14.7,3.8,69,0.0,167.2,5,23,4,0.185053381,1.5,18,False,False,140.5
2021-04-23,19,138,139,131,113,130,762,14.5,3.3,61,0.0,167.2,5,23,4,1.462571977,1.5,19,False,False,130.25
2021-04-23,20,106,108,127,136,119,100,14.2,3.6,60,0.0,167.2,5,23,4,0.209643606,1.5,20,False,False,119.25
2021-04-23,21,122,124,117,113,119,103,14.0,3.1,70,0.0,167.2,5,23,4,0.216386555,1.5,21,False,False,119.0
2021-04-23,22,85,118,113,108,106,35,13.9,3.1,73,0.0,167.2,5,23,4,0.08254717,1.5,22,False,False,106.0
2021-04-23,23,117,113,94,77,100,100,13.7,3.1,71,0.0,167.2,5,23,4,0.249376559,1.5,23,False,False,100.25
2021-04-24,0,57,56,60,61,59,0,13.0,1.7,74,0.0,167.2,6,24,4,0.0,1.5,0,False,False,58.5
2021-04-24,1,91,104,105,103,101,291,13.2,1.7,79,0.0,167.2,6,24,4,0.722084367,1.5,1,False,False,100.75
2021-04-24,2,100,99,88,95,96,410,13.3,2.2,79,0.0,167.2,6,24,4,1.073298429,1.5,2,False,False,95.5
2021-04-24,3,83,104,104,103,99,125,13.3,2.2,79,0.0,167.2,6,24,4,0.317258883,1.5,3,False,False,98.5
2021-04-24,4,100,105,104,96,101,300,12.7,1.8,82,0.0,167.2,6,24,4,0.740740741,1.5,4,False,False,101.25
2021-04-24,5,72,62,95,107,84,20,13.0,2.3,82,0.0,167.2,6,24,4,0.05952381,1.5,5,False,False,84.0
2021-04-24,6,112,105,98,93,102,675,12.6,1.7,85,0.0,167.2,6,24,4,1.654411765,1.5,6,False,False,102.0
2021-04-24,7,82,72,43,28,56,1083,13.5,1.7,82,0.0,167.2,6,24,4,4.813333333,1.5,7,False,False,56.25
2021-04-24,8,21,20,20,20,20,0,14.2,2.9,78,0.0,167.2,6,24,4,0.0,1.5,8,False,False,20.25
2021-04-24,9,20,20,20,21,20,0,15.7,2.7,69,0.0,167.2,6,24,4,0.0,1.0,9,False,False,20.25
2021-04-24,10,21,21,25,24,23,0,17.3,3.2,63,0.0,167.2,6,24,4,0.0,1.0,10,False,False,22.75
2021-04-24,11,21,21,21,21,21,0,17.3,3.7,66,0.0,167.2,6,24,4,0.0,1.0,11,False,False,21.0
2021-04-24,12,20,21,20,20,20,0,18.1,4.3,63,0.0,167.2,6,24,4,0.0,1.0,12,False,False,20.25
2021-04-24,13,20,20,23,25,22,0,17.5,5.0,63,0.0,167.2,6,24,4,0.0,1.0,13,False,False,22.0
2021-04-24,14,22,20,20,21,21,0,17.8,4.5,63,0.0,167.2,6,24,4,0.0,1.0,14,False,False,20.75
2021-04-24,15,20,20,20,20,20,0,17.3,4.4,65,0.0,167.2,6,24,4,0.0,1.0,15,False,False,20.0
2021-04-24,16,20,20,21,23,21,0,17.2,4.1,71,0.0,167.2,6,24,4,0.0,1.0,16,False,False,21.0
2021-04-24,17,25,21,20,21,22,0,16.5,2.9,74,0.0,167.2,6,24,4,0.0,1.0,17,False,False,21.75
2021-04-24,18,20,20,20,20,20,0,15.7,2.2,72,0.0,167.2,6,24,4,0.0,1.5,18,False,False,20.0
2021-04-24,19,20,20,20,20,20,0,14.7,1.3,74,0.0,167.2,6,24,4,0.0,1.5,19,False,False,20.0
2021-04-24,20,24,24,21,21,23,0,14.1,1.1,74,0.0,167.2,6,24,4,0.0,1.5,20,False,False,22.5
2021-04-24,21,21,21,20,20,21,0,13.1,0.7,81,0.0,167.2,6,24,4,0.0,1.5,21,False,False,20.5
2021-04-24,22,20,20,20,20,20,0,12.8,1.0,81,0.0,167.2,6,24,4,0.0,1.5,22,False,False,20.0
2021-04-24,23,20,21,25,24,23,0,12.1,1.1,74,0.0,167.2,6,24,4,0.0,1.5,23,False,False,22.5
2021-04-25,0,20,20,20,20,20,0,11.7,1.9,77,0.0,167.2,7,25,4,0.0,1.5,0,False,False,20.0
2021-04-25,1,24,25,21,20,23,0,11.4,0.9,81,0.0,167.2,7,25,4,0.0,1.5,1,False,False,22.5
2021-04-25,2,20,20,20,20,20,0,12.2,0.9,78,0.0,167.2,7,25,4,0.0,1.5,2,False,False,20.0
2021-04-25,3,20,20,20,20,20,0,12.4,1.9,76,0.0,167.2,7,25,4,0.0,1.5,3,False,False,20.0
2021-04-25,4,20,20,24,25,22,0,12.4,1.6,76,0.0,167.2,7,25,4,0.0,1.5,4,False,False,22.25
2021-04-25,5,20,20,20,20,20,0,12.5,2.0,78,0.0,167.2,7,25,4,0.0,1.5,5,False,False,20.0
2021-04-25,6,20,20,20,20,20,0,13.9,3.3,72,0.0,167.2,7,25,4,0.0,1.5,6,False,False,20.0
2021-04-25,7,19,19,20,23,20,0,14.3,2.8,74,0.0,167.2,7,25,4,0.0,1.5,7,False,False,20.25
2021-04-25,8,24,19,20,20,21,0,15.0,3.4,73,0.0,167.2,7,25,4,0.0,1.5,8,False,False,20.75
2021-04-25,9,20,20,20,20,20,0,15.2,4.0,68,0.0,167.2,7,25,4,0.0,1.0,9,False,False,20.0
2021-04-25,10,20,20,20,23,21,0,16.0,3.4,64,0.0,167.2,7,25,4,0.0,1.0,10,False,False,20.75
2021-04-25,11,24,20,20,20,21,0,14.9,4.2,66,0.0,167.2,7,25,4,0.0,1.0,11,False,False,21.0
2021-04-25,12,20,20,20,20,20,0,15.3,3.8,59,0.0,167.2,7,25,4,0.0,1.0,12,False,False,20.0
2021-04-25,13,20,20,20,20,20,0,16.1,4.0,50,0.0,167.2,7,25,4,0.0,1.0,13,False,False,20.0
2021-04-25,14,25,24,20,20,22,0,15.7,3.5,58,0.0,167.2,7,25,4,0.0,1.0,14,False,False,22.25
2021-04-25,15,20,20,20,20,20,0,15.3,4.2,58,0.0,167.2,7,25,4,0.0,1.0,15,False,False,20.0
2021-04-25,16,20,20,20,20,20,0,15.1,3.7,58,0.0,167.2,7,25,4,0.0,1.0,16,False,False,20.0
2021-04-25,17,21,25,25,20,23,0,13.8,3.8,55,0.0,167.2,7,25,4,0.0,1.0,17,False,False,22.75
2021-04-25,18,20,19,19,19,19,0,13.2,3.0,63,0.0,167.2,7,25,4,0.0,1.5,18,False,False,19.25
2021-04-25,19,19,19,20,20,20,0,12.2,3.2,67,0.0,167.2,7,25,4,0.0,1.5,19,False,False,19.5
2021-04-25,20,19,19,20,25,21,0,11.8,3.7,71,0.0,167.2,7,25,4,0.0,1.5,20,False,False,20.75
2021-04-25,21,24,20,21,20,21,0,11.5,2.8,72,0.0,167.2,7,25,4,0.0,1.5,21,False,False,21.25
2021-04-25,22,20,20,20,20,20,0,11.2,2.5,72,0.0,167.2,7,25,4,0.0,1.5,22,False,False,20.0
2021-04-25,23,20,20,20,22,21,0,10.8,2.1,73,0.0,167.2,7,25,4,0.0,1.5,23,False,False,20.5
2021-04-26,0,68,61,59,58,62,0,10.4,1.7,72,0.0,167.2,1,26,4,0.0,1.5,0,False,False,61.5
2021-04-26,1,86,92,102,101,95,0,9.8,1.5,71,0.0,167.2,1,26,4,0.0,1.5,1,False,False,95.25
2021-04-26,2,105,100,90,107,101,0,8.7,1.4,74,0.0,167.2,1,26,4,0.0,1.5,2,False,False,100.5
2021-04-26,3,87,102,93,94,94,0,8.8,1.2,73,0.0,167.2,1,26,4,0.0,1.5,3,False,False,94.0
2021-04-26,4,95,94,102,105,99,0,6.6,0.3,83,0.0,167.2,1,26,4,0.0,1.5,4,False,False,99.0
2021-04-26,5,79,69,94,101,86,0,6.8,1.3,82,0.0,167.2,1,26,4,0.0,1.5,5,False,False,85.75
2021-04-26,6,105,104,89,84,96,0,7.0,1.1,85,0.0,167.2,1,26,4,0.0,1.5,6,False,False,95.5
2021-04-26,7,100,115,140,149,126,63,9.5,1.0,79,0.0,167.2,1,26,4,0.125,1.5,7,False,False,126.0
2021-04-26,8,145,176,121,166,152,574,13.3,1.0,65,0.0,167.2,1,26,4,0.944078947,1.5,8,False,False,152.0
2021-04-26,9,167,156,166,165,164,1038,14.4,2.4,52,0.0,167.2,1,26,4,1.587155963,1.0,9,False,False,163.5
2021-04-26,10,116,155,156,165,148,363,15.2,3.8,47,0.0,167.2,1,26,4,0.613175676,1.0,10,False,False,148.0
2021-04-26,11,165,162,163,168,165,944,15.4,3.2,42,0.0,167.2,1,26,4,1.434650456,1.0,11,False,False,164.5
2021-04-26,12,99,74,75,111,90,3015,15.6,3.4,41,0.0,167.2,1,26,4,8.398328691,1.0,12,False,False,89.75
2021-04-26,13,164,164,165,161,164,2265,16.0,3.1,39,0.0,167.2,1,26,4,3.463302752,1.0,13,False,False,163.5
2021-04-26,14,143,144,163,158,152,812,15.8,2.5,38,0.0,167.2,1,26,4,1.335526316,1.0,14,False,False,152.0
2021-04-26,15,131,152,148,144,144,363,15.7,2.9,39,0.0,167.2,1,26,4,0.631304348,1.0,15,False,False,143.75
2021-04-26,16,144,138,149,144,144,2244,15.9,2.8,44,0.0,167.2,1,26,4,3.902608696,1.0,16,False,False,143.75
2021-04-26,17,104,85,124,142,114,343,15.1,2.6,47,0.0,167.2,1,26,4,0.753846154,1.0,17,False,False,113.75
2021-04-26,18,140,137,116,103,124,291,13.9,2.4,51,0.0,167.2,1,26,4,0.586693548,1.5,18,False,False,124.0
2021-04-26,19,101,91,95,109,99,1532,12.6,1.7,58,0.0,167.2,1,26,4,3.868686869,1.5,19,False,False,99.0
2021-04-26,20,107,116,123,127,118,18,11.6,0.9,63,0.0,167.2,1,26,4,0.038054968,1.5,20,False,False,118.25
2021-04-26,21,117,114,106,115,113,15,10.4,0.6,70,0.0,167.2,1,26,4,0.033185841,1.5,21,False,False,113.0
2021-04-26,22,98,109,102,97,102,524,9.7,1.8,75,0.0,167.2,1,26,4,1.290640394,1.5,22,False,False,101.5
2021-04-26,23,99,107,107,76,97,23,9.1,0.2,77,0.0,167.2,1,26,4,0.059125964,1.5,23,False,False,97.25
2021-04-27,0,68,61,59,58,62,587,9.1,0.8,79,0.0,167.2,2,27,4,2.386178862,1.5,0,False,False,61.5
2021-04-27,1,86,92,102,101,95,0,8.7,0.6,80,0.0,167.2,2,27,4,0.0,1.5,1,False,False,95.25
2021-04-27,2,105,100,90,107,101,338,8.6,0.8,79,0.0,167.2,2,27,4,0.84079602,1.5,2,False,False,100.5
2021-04-27,3,87,102,93,94,94,102,8.9,1.1,84,0.0,167.2,2,27,4,0.271276596,1.5,3,False,False,94.0
2021-04-27,4,95,94,102,105,99,375,8.4,0.5,86,0.0,167.2,2,27,4,0.946969697,1.5,4,False,False,99.0
2021-04-27,5,79,69,94,101,86,136,7.9,0.0,89,0.0,167.2,2,27,4,0.396501458,1.5,5,False,False,85.75
2021-04-27,6,105,104,89,84,96,109,8.6,2.0,86,0.0,167.2,2,27,4,0.285340314,1.5,6,False,False,95.5
2021-04-27,7,100,115,140,149,126,2004,9.5,0.6,85,0.0,167.2,2,27,4,3.976190476,1.5,7,False,False,126.0
2021-04-27,8,145,176,121,166,152,999,11.9,1.0,79,0.0,167.2,2,27,4,1.643092105,1.5,8,False,False,152.0
2021-04-27,9,167,156,166,165,164,685,15.3,1.5,64,0.0,167.2,2,27,4,1.047400612,1.0,9,False,False,163.5
2021-04-27,10,116,155,156,165,148,1554,16.4,1.7,58,0.0,167.2,2,27,4,2.625,1.0,10,False,False,148.0
2021-04-27,11,165,162,163,168,165,1472,18.9,1.7,50,0.0,167.2,2,27,4,2.237082067,1.0,11,False,False,164.5
2021-04-27,12,99,74,75,111,90,130,18.4,2.4,51,0.0,167.2,2,27,4,0.362116992,1.0,12,False,False,89.75
2021-04-27,13,164,164,165,161,164,1488,18.3,2.1,59,0.0,167.2,2,27,4,2.275229358,1.0,13,False,False,163.5
2021-04-27,14,143,144,163,158,152,6290,18.6,2.5,59,0.0,167.2,2,27,4,10.34539474,1.0,14,False,False,152.0
2021-04-27,15,131,152,148,144,144,888,17.9,2.7,63,0.0,167.2,2,27,4,1.544347826,1.0,15,False,False,143.75
2021-04-27,16,144,138,149,144,144,1178,18.1,3.5,54,0.0,167.2,2,27,4,2.048695652,1.0,16,False,False,143.75
2021-04-27,17,104,85,124,142,114,976,18.2,3.7,51,0.0,167.2,2,27,4,2.145054945,1.0,17,False,False,113.75
2021-04-27,18,140,137,116,103,124,2034,17.9,4.5,46,0.0,167.2,2,27,4,4.100806452,1.5,18,False,False,124.0
2021-04-27,19,101,91,95,109,99,4625,17.5,2.6,56,0.0,167.2,2,27,4,11.67929293,1.5,19,False,False,99.0
2021-04-27,20,107,116,123,127,118,13,16.6,2.2,69,0.0,167.2,2,27,4,0.027484144,1.5,20,False,False,118.25
2021-04-27,21,117,114,106,115,113,53,16.3,3.3,73,0.0,167.2,2,27,4,0.117256637,1.5,21,False,False,113.0
2021-04-27,22,98,109,102,97,102,96,16.1,2.7,75,0.0,167.2,2,27,4,0.236453202,1.5,22,False,False,101.5
2021-04-27,23,99,107,107,76,97,10,15.7,2.4,74,0.0,167.2,2,27,4,0.025706941,1.5,23,False,False,97.25
2021-04-28,0,63,61,59,59,61,587,16.0,2.6,73,0.0,167.2,3,28,4,2.425619835,1.5,0,False,False,60.5
2021-04-28,1,85,98,107,109,100,68,15.4,1.5,72,0.0,167.2,3,28,4,0.170426065,1.5,1,False,False,99.75
2021-04-28,2,103,101,103,100,102,82,15.6,1.7,76,0.0,167.2,3,28,4,0.201474201,1.5,2,False,False,101.75
2021-04-28,3,83,97,101,113,99,410,15.8,2.2,71,0.0,167.2,3,28,4,1.040609137,1.5,3,False,False,98.5
2021-04-28,4,109,103,101,105,105,306,15.3,1.4,74,0.0,167.2,3,28,4,0.732057416,1.5,4,False,False,104.5
2021-04-28,5,81,71,100,114,92,0,15.9,2.7,63,0.0,167.2,3,28,4,0.0,1.5,5,False,False,91.5
2021-04-28,6,107,107,114,107,109,60,14.7,2.4,69,0.0,167.2,3,28,4,0.137931034,1.5,6,False,False,108.75
2021-04-28,7,98,100,134,128,115,2047,16.3,2.1,63,0.0,167.2,3,28,4,4.45,1.5,7,False,False,115.0
2021-04-28,8,151,175,166,164,164,247,17.3,1.7,66,0.0,167.2,3,28,4,0.37652439,1.5,8,False,False,164.0
2021-04-28,9,157,153,160,168,160,1636,18.7,1.6,55,0.0,167.2,3,28,4,2.564263323,1.0,9,False,False,159.5
2021-04-28,10,122,156,166,159,151,461,20.6,1.3,47,0.0,167.2,3,28,4,0.764510779,1.0,10,False,False,150.75
2021-04-28,11,160,172,169,168,167,1180,21.3,2.2,30,0.0,167.2,3,28,4,1.763826607,1.0,11,False,False,167.25
2021-04-28,12,107,83,83,118,98,70,23.1,2.0,26,0.0,167.2,3,28,4,0.179028133,1.0,12,False,False,97.75
2021-04-28,13,157,168,167,157,162,2313,22.5,2.7,46,0.0,167.2,3,28,4,3.56394453,1.0,13,False,False,162.25
2021-04-28,14,151,150,150,152,151,3149,22.5,3.0,46,0.0,167.2,3,28,4,5.222222222,1.0,14,False,False,150.75
2021-04-28,15,119,148,152,141,140,940,21.9,2.6,46,0.0,167.2,3,28,4,1.678571429,1.0,15,False,False,140.0
2021-04-28,16,131,133,137,145,137,3127,22.6,2.5,45,0.0,167.2,3,28,4,5.727106227,1.0,16,False,False,136.5
2021-04-28,17,99,96,147,158,125,114,21.1,2.1,51,0.0,167.2,3,28,4,0.228,1.0,17,False,False,125.0
2021-04-28,18,157,155,146,134,148,918,19.5,1.0,64,0.0,167.2,3,28,4,1.550675676,1.5,18,False,False,148.0
2021-04-28,19,122,123,114,108,117,433,17.9,0.9,71,0.0,167.2,3,28,4,0.927194861,1.5,19,False,False,116.75
2021-04-28,20,96,105,107,112,105,11,17.0,0.6,80,0.0,167.2,3,28,4,0.026190476,1.5,20,False,False,105.0
2021-04-28,21,108,116,113,108,111,447,17.3,0.7,43,0.0,167.2,3,28,4,1.004494382,1.5,21,False,False,111.25
2021-04-28,22,89,111,107,104,103,85,17.5,1.7,35,0.0,167.2,3,28,4,0.206812652,1.5,22,False,False,102.75
2021-04-28,23,100,97,98,83,95,235,16.9,1.7,35,0.0,167.2,3,28,4,0.621693122,1.5,23,False,False,94.5
2021-04-29,0,63,61,59,59,61,0,17.0,1.7,33,0.0,167.2,4,29,4,0.0,1.5,0,False,False,60.5
2021-04-29,1,85,98,107,109,100,202,15.8,1.1,38,0.0,167.2,4,29,4,0.506265664,1.5,1,False,False,99.75
2021-04-29,2,103,101,103,100,102,141,15.5,1.3,39,0.0,167.2,4,29,4,0.346437346,1.5,2,False,False,101.75
2021-04-29,3,83,97,101,113,99,274,14.0,0.4,46,0.0,167.2,4,29,4,0.695431472,1.5,3,False,False,98.5
2021-04-29,4,109,103,101,105,105,36,14.3,0.4,44,0.0,167.2,4,29,4,0.086124402,1.5,4,False,False,104.5
2021-04-29,5,81,71,100,114,92,59,13.8,0.4,49,0.0,167.2,4,29,4,0.161202186,1.5,5,False,False,91.5
2021-04-29,6,107,107,114,107,109,324,13.7,1.0,49,0.0,167.2,4,29,4,0.744827586,1.5,6,False,False,108.75
2021-04-29,7,98,100,134,128,115,2098,14.7,2.2,46,0.0,167.2,4,29,4,4.560869565,1.5,7,False,False,115.0
2021-04-29,8,151,175,166,164,164,862,15.0,1.9,49,0.0,167.2,4,29,4,1.31402439,1.5,8,False,False,164.0
2021-04-29,9,157,153,160,168,160,853,15.9,3.0,47,0.0,167.2,4,29,4,1.336990596,1.0,9,False,False,159.5
2021-04-29,10,122,156,166,159,151,2052,16.1,2.7,52,0.0,167.2,4,29,4,3.402985075,1.0,10,False,False,150.75
2021-04-29,11,160,172,169,168,167,1646,19.6,1.9,43,0.0,167.2,4,29,4,2.46038864,1.0,11,False,False,167.25
2021-04-29,12,107,83,83,118,98,20,18.5,2.7,40,0.0,167.2,4,29,4,0.051150895,1.0,12,False,False,97.75
2021-04-29,13,157,168,167,157,162,692,19.4,3.4,43,0.0,167.2,4,29,4,1.066255778,1.0,13,False,False,162.25
2021-04-29,14,151,150,150,152,151,904,19.1,3.4,44,0.0,167.2,4,29,4,1.499170813,1.0,14,False,False,150.75
2021-04-29,15,119,148,152,141,140,2121,19.1,2.5,51,0.0,167.2,4,29,4,3.7875,1.0,15,False,False,140.0
2021-04-29,16,131,133,137,145,137,4046,18.2,2.7,58,0.0,167.2,4,29,4,7.41025641,1.0,16,False,False,136.5
2021-04-29,17,99,96,147,158,125,598,17.6,2.1,64,0.0,167.2,4,29,4,1.196,1.0,17,False,False,125.0
2021-04-29,18,157,155,146,134,148,1467,17.7,3.1,65,0.0,167.2,4,29,4,2.478040541,1.5,18,False,False,148.0
2021-04-29,19,122,123,114,108,117,1831,17.1,2.0,66,0.0,167.2,4,29,4,3.920770878,1.5,19,False,False,116.75
2021-04-29,20,96,105,107,112,105,147,16.3,1.2,64,0.0,167.2,4,29,4,0.35,1.5,20,False,False,105.0
2021-04-29,21,108,116,113,108,111,86,14.3,2.2,73,0.0,167.2,4,29,4,0.193258427,1.5,21,False,False,111.25
2021-04-29,22,89,111,107,104,103,110,14.7,1.5,70,0.0,167.2,4,29,4,0.267639903,1.5,22,False,False,102.75
2021-04-29,23,100,97,98,83,95,32,13.4,2.8,82,0.0,167.2,4,29,4,0.084656085,1.5,23,False,False,94.5
2021-04-30,0,62,58,56,57,58,2,12.7,0.8,87,0.0,167.2,5,30,4,0.008583691,1.5,0,False,False,58.25
2021-04-30,1,82,106,104,104,99,13,12.8,0.8,91,0.0,167.2,5,30,4,0.032828283,1.5,1,False,False,99.0
2021-04-30,2,98,107,104,95,101,83,12.8,1.6,93,0.0,167.2,5,30,4,0.205445545,1.5,2,False,False,101.0
2021-04-30,3,81,104,103,103,98,19,15.8,4.9,56,0.0,167.2,5,30,4,0.04859335,1.5,3,False,False,97.75
2021-04-30,4,91,106,111,107,104,1503,15.7,5.6,55,0.1,167.2,5,30,4,3.621686747,1.5,4,False,False,103.75
2021-04-30,5,80,69,97,110,89,0,15.1,4.3,62,0.1,167.2,5,30,4,0.0,1.5,5,False,False,89.0
2021-04-30,6,112,108,102,103,106,109,15.2,4.1,61,0.1,167.2,5,30,4,0.256470588,1.5,6,False,False,106.25
2021-04-30,7,104,108,137,140,122,1099,15.6,4.8,60,0.1,167.2,5,30,4,2.247443763,1.5,7,False,False,122.25
2021-04-30,8,162,174,164,153,163,1201,16.7,3.4,53,0.1,167.2,5,30,4,1.839203675,1.5,8,False,False,163.25
2021-04-30,9,163,143,152,152,153,709,17.7,4.3,43,0.1,167.2,5,30,4,1.162295082,1.0,9,False,False,152.5
2021-04-30,10,125,173,172,172,161,566,18.9,3.4,38,0.1,167.2,5,30,4,0.881619938,1.0,10,False,False,160.5
2021-04-30,11,165,161,155,143,156,867,19.4,4.6,36,0.1,167.2,5,30,4,1.389423077,1.0,11,False,False,156.0
2021-04-30,12,102,77,77,110,92,18,19.9,4.6,32,0.1,167.2,5,30,4,0.049180328,1.0,12,False,False,91.5
2021-04-30,13,145,146,154,158,151,1732,21.2,4.1,29,0.1,167.2,5,30,4,2.872305141,1.0,13,False,False,150.75
2021-04-30,14,156,167,163,158,161,1416,21.6,3.2,26,0.1,167.2,5,30,4,2.198757764,1.0,14,False,False,161.0
2021-04-30,15,123,151,161,156,148,1130,21.6,3.4,20,0.1,167.2,5,30,4,1.912013536,1.0,15,False,False,147.75
2021-04-30,16,155,155,152,142,151,2103,21.9,2.4,19,0.1,167.2,5,30,4,3.481788079,1.0,16,False,False,151.0
2021-04-30,17,107,85,120,134,112,185,17.7,2.0,55,0.1,167.2,5,30,4,0.414798206,1.0,17,False,False,111.5
2021-04-30,18,130,146,138,148,141,1237,16.4,3.3,63,0.1,167.2,5,30,4,2.201067616,1.5,18,False,False,140.5
2021-04-30,19,138,139,131,113,130,730,15.0,2.1,67,0.1,167.2,5,30,4,1.401151631,1.5,19,False,False,130.25
2021-04-30,20,106,108,127,136,119,4,14.6,2.5,72,0.1,167.2,5,30,4,0.008385744,1.5,20,False,False,119.25
2021-04-30,21,122,124,117,113,119,342,14.1,1.8,74,0.1,167.2,5,30,4,0.718487395,1.5,21,False,False,119.0
2021-04-30,22,85,118,113,108,106,179,14.1,0.8,76,0.1,167.2,5,30,4,0.422169811,1.5,22,False,False,106.0
2021-04-30,23,117,113,94,77,100,370,13.5,1.3,79,0.1,167.2,5,30,4,0.922693267,1.5,23,False,False,100.25
2021-05-01,0,76,68,72,65,70,75,13.8,1.4,79,0.0,167.2,6,1,5,0.266903915,1.5,0,False,False,70.25
2021-05-01,1,95,103,115,116,107,44,14.4,1.1,77,0.0,167.2,6,1,5,0.102564103,1.5,1,False,False,107.25
2021-05-01,2,118,112,107,97,109,380,12.8,0.9,97,2.0,167.2,6,1,5,0.875576037,1.5,2,False,False,108.5
2021-05-01,3,89,105,100,104,100,90,11.4,3.0,97,3.1,167.2,6,1,5,0.226130653,1.5,3,False,False,99.5
2021-05-01,4,101,107,100,99,102,122,10.3,1.3,98,5.4,167.2,6,1,5,0.2997543,1.5,4,False,False,101.75
2021-05-01,5,82,79,91,92,86,53,9.9,0.7,98,7.0,167.2,6,1,5,0.154069767,1.5,5,False,False,86.0
2021-05-01,6,103,102,103,97,101,196,9.8,1.4,98,8.0,167.2,6,1,5,0.483950617,1.5,6,False,False,101.25
2021-05-01,7,97,92,68,30,72,1832,10.1,0.9,98,8.5,167.2,6,1,5,6.383275261,1.5,7,False,False,71.75
2021-05-01,8,21,25,25,21,23,0,10.6,2.5,98,8.5,167.2,6,1,5,0.0,1.5,8,False,False,23.0
2021-05-01,9,21,21,20,20,21,0,11.3,2.4,98,8.5,167.2,6,1,5,0.0,1.0,9,False,False,20.5
2021-05-01,10,21,21,20,21,21,0,12.7,3.0,81,8.5,167.2,6,1,5,0.0,1.0,10,False,False,20.75
2021-05-01,11,21,21,24,26,23,0,13.8,3.1,70,8.5,167.2,6,1,5,0.0,1.0,11,False,False,23.0
2021-05-01,12,24,21,21,21,22,0,15.2,2.7,63,8.5,167.2,6,1,5,0.0,1.0,12,False,False,21.75
2021-05-01,13,21,21,21,21,21,0,14.4,2.6,63,8.5,167.2,6,1,5,0.0,1.0,13,False,False,21.0
2021-05-01,14,20,21,21,21,21,0,13.7,3.9,64,8.5,167.2,6,1,5,0.0,1.0,14,False,False,20.75
2021-05-01,15,25,26,21,21,23,0,14.7,2.9,56,8.5,167.2,6,1,5,0.0,1.0,15,False,False,23.25
2021-05-01,16,21,21,21,21,21,0,10.7,3.3,83,8.5,167.2,6,1,5,0.0,1.0,16,False,False,21.0
2021-05-01,17,21,21,21,21,21,0,13.2,2.0,71,8.7,167.2,6,1,5,0.0,1.0,17,False,False,21.0
2021-05-01,18,21,25,25,21,23,0,13.0,2.5,60,8.7,167.2,6,1,5,0.0,1.5,18,False,False,23.0
2021-05-01,19,20,20,21,21,21,0,12.3,1.6,65,8.7,167.2,6,1,5,0.0,1.5,19,False,False,20.5
2021-05-01,20,20,20,21,21,21,0,11.5,1.4,62,8.7,167.2,6,1,5,0.0,1.5,20,False,False,20.5
2021-05-01,21,22,23,26,25,24,0,11.6,1.5,61,8.7,167.2,6,1,5,0.0,1.5,21,False,False,24.0
2021-05-01,22,21,21,22,21,21,0,11.6,2.5,55,8.7,167.2,6,1,5,0.0,1.5,22,False,False,21.25
2021-05-01,23,21,21,21,21,21,0,10.9,1.6,56,8.7,167.2,6,1,5,0.0,1.5,23,False,False,21.0
2021-05-02,0,21,21,21,22,21,0,10.8,2.4,56,8.7,167.2,7,2,5,0.0,1.5,0,False,False,21.25
2021-05-02,1,25,24,21,20,23,0,10.5,2.3,58,0.0,167.2,7,2,5,0.0,1.5,1,False,False,22.5
2021-05-02,2,21,21,21,21,21,0,10.6,1.5,58,0.0,167.2,7,2,5,0.0,1.5,2,False,False,21.0
2021-05-02,3,21,21,21,21,21,0,10.8,3.2,58,0.0,167.2,7,2,5,0.0,1.5,3,False,False,21.0
2021-05-02,4,23,26,24,21,24,0,10.7,2.6,62,0.0,167.2,7,2,5,0.0,1.5,4,False,False,23.5
2021-05-02,5,21,21,21,21,21,0,9.4,2.8,75,0.0,167.2,7,2,5,0.0,1.5,5,False,False,21.0
2021-05-02,6,21,21,21,21,21,0,8.3,1.4,89,0.2,167.2,7,2,5,0.0,1.5,6,False,False,21.0
2021-05-02,7,21,25,25,23,24,0,8.9,2.7,85,0.2,167.2,7,2,5,0.0,1.5,7,False,False,23.5
2021-05-02,8,21,20,21,21,21,0,9.9,2.8,81,0.2,167.2,7,2,5,0.0,1.5,8,False,False,20.75
2021-05-02,9,21,20,21,20,21,0,10.8,3.3,76,0.2,167.2,7,2,5,0.0,1.0,9,False,False,20.5
2021-05-02,10,21,20,22,26,22,0,12.1,3.8,68,0.2,167.2,7,2,5,0.0,1.0,10,False,False,22.25
2021-05-02,11,24,21,21,21,22,0,14.9,3.2,56,0.2,167.2,7,2,5,0.0,1.0,11,False,False,21.75
2021-05-02,12,21,21,21,21,21,0,16.0,3.7,49,0.2,167.2,7,2,5,0.0,1.0,12,False,False,21.0
2021-05-02,13,21,20,20,24,21,0,16.3,2.3,47,0.2,167.2,7,2,5,0.0,1.0,13,False,False,21.25
2021-05-02,14,26,23,21,21,23,0,16.7,2.6,41,0.2,167.2,7,2,5,0.0,1.0,14,False,False,22.75
2021-05-02,15,20,20,21,21,21,0,16.8,2.7,50,0.2,167.2,7,2,5,0.0,1.0,15,False,False,20.5
2021-05-02,16,20,20,20,20,20,0,16.5,1.4,47,0.2,167.2,7,2,5,0.0,1.0,16,False,False,20.0
2021-05-02,17,22,25,25,21,23,0,16.4,2.0,51,0.2,167.2,7,2,5,0.0,1.0,17,False,False,23.25
2021-05-02,18,20,21,20,20,20,0,15.2,2.3,49,0.2,167.2,7,2,5,0.0,1.5,18,False,False,20.25
2021-05-02,19,20,20,20,21,20,0,14.0,1.2,60,0.2,167.2,7,2,5,0.0,1.5,19,False,False,20.25
2021-05-02,20,20,21,25,26,23,0,12.8,1.0,69,0.2,167.2,7,2,5,0.0,1.5,20,False,False,23.0
2021-05-02,21,22,21,22,21,22,0,11.1,0.8,77,0.2,167.2,7,2,5,0.0,1.5,21,False,False,21.5
2021-05-02,22,21,21,21,21,21,0,10.5,0.5,82,0.2,167.2,7,2,5,0.0,1.5,22,False,False,21.0
2021-05-02,23,21,21,21,25,22,0,11.3,0.7,84,0.2,167.2,7,2,5,0.0,1.5,23,False,False,22.0
2021-05-03,0,26,23,21,21,23,0,10.8,2.1,82,0.2,167.2,1,3,5,0.0,1.5,0,False,False,22.75
2021-05-03,1,21,21,21,21,21,0,9.5,1.1,88,0.0,167.2,1,3,5,0.0,1.5,1,False,False,21.0
2021-05-03,2,21,21,21,21,21,0,8.7,0.9,87,0.0,167.2,1,3,5,0.0,1.5,2,False,False,21.0
2021-05-03,3,24,26,22,21,23,0,8.7,0.7,94,0.0,167.2,1,3,5,0.0,1.5,3,False,False,23.25
2021-05-03,4,21,21,21,21,21,0,8.3,0.6,93,0.0,167.2,1,3,5,0.0,1.5,4,False,False,21.0
2021-05-03,5,21,21,21,21,21,0,8.0,1.8,90,0.0,167.2,1,3,5,0.0,1.5,5,False,False,21.0
2021-05-03,6,23,25,24,21,23,0,7.6,0.9,94,0.0,167.2,1,3,5,0.0,1.5,6,False,False,23.25
2021-05-03,7,22,40,76,97,59,0,9.6,2.0,86,0.0,167.2,1,3,5,0.0,1.5,7,False,False,58.75
2021-05-03,8,153,184,183,179,175,784,13.3,0.7,72,0.0,167.2,1,3,5,1.121602289,1.5,8,False,False,174.75
2021-05-03,9,181,178,164,157,170,1137,15.0,1.1,63,0.0,167.2,1,3,5,1.672058824,1.0,9,False,False,170.0
2021-05-03,10,125,141,164,164,149,65,18.5,1.7,44,0.0,167.2,1,3,5,0.109427609,1.0,10,False,False,148.5
2021-05-03,11,173,170,173,179,174,1572,19.8,2.9,34,0.0,167.2,1,3,5,2.261870504,1.0,11,False,False,173.75
2021-05-03,12,105,93,93,134,106,680,20.5,3.1,28,0.0,167.2,1,3,5,1.6,1.0,12,False,False,106.25
2021-05-03,13,177,177,182,179,179,505,21.1,3.7,27,0.0,167.2,1,3,5,0.706293706,1.0,13,False,False,178.75
2021-05-03,14,170,168,164,167,167,2280,22.6,2.9,28,0.0,167.2,1,3,5,3.408071749,1.0,14,False,False,167.25
2021-05-03,15,125,165,160,167,154,1826,22.1,3.8,29,0.0,167.2,1,3,5,2.959481361,1.0,15,False,False,154.25
2021-05-03,16,162,145,146,136,147,1667,22.2,3.1,32,0.0,167.2,1,3,5,2.830220713,1.0,16,False,False,147.25
2021-05-03,17,98,99,131,146,119,1310,21.3,3.1,37,0.0,167.2,1,3,5,2.76371308,1.0,17,False,False,118.5
2021-05-03,18,128,130,138,141,134,434,19.8,4.3,38,0.0,167.2,1,3,5,0.808193669,1.5,18,False,False,134.25
2021-05-03,19,133,130,119,106,122,1700,18.4,4.0,45,0.0,167.2,1,3,5,3.483606557,1.5,19,False,False,122.0
2021-05-03,20,108,101,117,113,110,148,17.0,4.1,51,0.0,167.2,1,3,5,0.337129841,1.5,20,False,False,109.75
2021-05-03,21,100,105,102,110,104,25,16.2,1.0,55,0.0,167.2,1,3,5,0.059952038,1.5,21,False,False,104.25
2021-05-03,22,92,110,106,110,105,337,15.3,2.4,61,0.0,167.2,1,3,5,0.806220096,1.5,22,False,False,104.5
2021-05-03,23,103,114,104,73,99,136,14.1,1.3,71,0.0,167.2,1,3,5,0.345177665,1.5,23,False,False,98.5
2021-05-04,0,68,63,65,64,65,414,14.4,1.9,70,0.0,167.2,2,4,5,1.592307692,1.5,0,False,False,65.0
2021-05-04,1,97,106,117,113,108,20,13.6,1.2,74,0.0,167.2,2,4,5,0.046189376,1.5,1,False,False,108.25
2021-05-04,2,120,117,116,112,116,59,14.1,2.2,70,0.0,167.2,2,4,5,0.12688172,1.5,2,False,False,116.25
2021-05-04,3,90,108,104,113,104,344,13.9,1.8,69,0.0,167.2,2,4,5,0.828915663,1.5,3,False,False,103.75
2021-05-04,4,101,98,108,97,101,22,12.9,0.7,69,0.0,167.2,2,4,5,0.054455446,1.5,4,False,False,101.0
2021-05-04,5,79,76,90,94,85,318,15.1,2.8,66,0.0,167.2,2,4,5,0.938053097,1.5,5,False,False,84.75
2021-05-04,6,109,110,112,111,111,28,14.8,1.7,75,0.0,167.2,2,4,5,0.063348416,1.5,6,False,False,110.5
2021-05-04,7,108,115,142,139,126,1140,16.0,2.7,73,0.0,167.2,2,4,5,2.261904762,1.5,7,False,False,126.0
2021-05-04,8,162,181,167,175,171,473,17.3,2.4,71,0.0,167.2,2,4,5,0.690510949,1.5,8,False,False,171.25
2021-05-04,9,169,155,177,172,168,2501,18.7,4.5,69,0.0,167.2,2,4,5,3.716196137,1.0,9,False,False,168.25
2021-05-04,10,129,170,169,174,161,701,19.5,4.9,67,0.0,167.2,2,4,5,1.091900312,1.0,10,False,False,160.5
2021-05-04,11,178,169,170,173,173,941,19.3,4.9,70,0.0,167.2,2,4,5,1.363768116,1.0,11,False,False,172.5
2021-05-04,12,105,89,91,129,104,132,20.1,4.3,67,0.0,167.2,2,4,5,0.31884058,1.0,12,False,False,103.5
2021-05-04,13,170,166,165,160,165,1749,20.0,4.2,70,0.0,167.2,2,4,5,2.645990923,1.0,13,False,False,165.25
2021-05-04,14,161,163,161,180,166,658,19.5,3.9,74,0.0,167.2,2,4,5,0.989473684,1.0,14,False,False,166.25
2021-05-04,15,133,173,177,153,159,1093,19.3,3.1,78,0.0,167.2,2,4,5,1.718553459,1.0,15,False,False,159.0
2021-05-04,16,161,164,162,157,161,716,18.1,3.6,86,0.1,167.2,2,4,5,1.111801242,1.0,16,False,False,161.0
2021-05-04,17,110,90,139,153,123,547,17.6,3.6,94,0.5,167.2,2,4,5,1.111788618,1.0,17,False,False,123.0
2021-05-04,18,150,169,169,162,163,632,17.7,3.9,94,0.9,167.2,2,4,5,0.972307692,1.5,18,False,False,162.5
2021-05-04,19,159,164,172,138,158,3300,17.4,3.3,95,1.1,167.2,2,4,5,5.213270142,1.5,19,False,False,158.25
2021-05-04,20,122,125,118,129,124,147,17.7,4.6,92,1.2,167.2,2,4,5,0.29757085,1.5,20,False,False,123.5
2021-05-04,21,125,134,122,117,125,46,16.9,4.2,98,2.2,167.2,2,4,5,0.092369478,1.5,21,False,False,124.5
2021-05-04,22,98,100,115,105,105,1,15.9,2.9,98,4.0,167.2,2,4,5,0.002392344,1.5,22,False,False,104.5
2021-05-04,23,106,103,98,73,95,374,16.0,3.0,98,10.4,167.2,2,4,5,0.984210526,1.5,23,False,False,95.0
2021-05-05,0,66,64,63,67,65,103,16.4,2.2,98,15.2,167.2,3,5,5,0.396153846,1.5,0,False,False,65.0
2021-05-05,1,102,103,105,111,105,4,17.1,5.2,98,3.0,167.2,3,5,5,0.009501188,1.5,1,False,False,105.25
2021-05-05,2,109,114,115,102,110,363,17.8,3.1,98,3.4,167.2,3,5,5,0.825,1.5,2,False,False,110.0
2021-05-05,3,86,110,110,105,103,41,18.0,2.7,98,3.5,167.2,3,5,5,0.099756691,1.5,3,False,False,102.75
2021-05-05,4,120,114,113,100,112,312,18.1,2.6,98,3.5,167.2,3,5,5,0.697986577,1.5,4,False,False,111.75
2021-05-05,5,80,79,97,97,88,63,17.6,1.4,98,3.5,167.2,3,5,5,0.178470255,1.5,5,False,False,88.25
2021-05-05,6,100,109,106,97,103,233,16.3,1.7,79,3.5,167.2,3,5,5,0.565533981,1.5,6,False,False,103.0
2021-05-05,7,92,86,45,28,63,1071,15.5,2.7,68,3.5,167.2,3,5,5,4.266932271,1.5,7,False,False,62.75
2021-05-05,8,20,21,21,21,21,0,15.7,2.8,64,3.5,167.2,3,5,5,0.0,1.5,8,False,False,20.75
2021-05-05,9,21,21,21,21,21,0,17.4,3.0,55,3.5,167.2,3,5,5,0.0,1.0,9,False,False,21.0
2021-05-05,10,21,22,25,24,23,0,19.3,3.7,35,3.5,167.2,3,5,5,0.0,1.0,10,False,False,23.0
2021-05-05,11,21,21,21,22,21,0,21.7,3.4,27,3.5,167.2,3,5,5,0.0,1.0,11,False,False,21.25
2021-05-05,12,21,20,20,20,20,0,22.8,4.0,22,3.5,167.2,3,5,5,0.0,1.0,12,False,False,20.25
2021-05-05,13,21,22,26,25,24,0,23.3,4.2,22,3.5,167.2,3,5,5,0.0,1.0,13,False,False,23.5
2021-05-05,14,21,21,21,21,21,0,23.7,4.3,17,3.5,167.2,3,5,5,0.0,1.0,14,False,False,21.0
2021-05-05,15,21,21,21,21,21,0,23.6,2.4,20,3.5,167.2,3,5,5,0.0,1.0,15,False,False,21.0
2021-05-05,16,21,21,22,26,23,0,23.4,2.9,16,3.5,167.2,3,5,5,0.0,1.0,16,False,False,22.5
2021-05-05,17,25,21,21,21,22,0,22.6,3.2,18,3.5,167.2,3,5,5,0.0,1.0,17,False,False,22.0
2021-05-05,18,21,21,21,21,21,0,21.4,2.3,20,3.5,167.2,3,5,5,0.0,1.5,18,False,False,21.0
2021-05-05,19,21,21,21,21,21,0,20.1,2.3,27,3.5,167.2,3,5,5,0.0,1.5,19,False,False,21.0
2021-05-05,20,24,26,22,22,24,0,19.0,1.5,29,3.5,167.2,3,5,5,0.0,1.5,20,False,False,23.5
2021-05-05,21,21,22,21,21,21,0,17.2,2.2,35,3.5,167.2,3,5,5,0.0,1.5,21,False,False,21.25
2021-05-05,22,22,22,22,21,22,0,16.9,3.3,32,3.5,167.2,3,5,5,0.0,1.5,22,False,False,21.75
2021-05-05,23,21,25,26,22,24,0,14.3,1.3,41,3.5,167.2,3,5,5,0.0,1.5,23,False,False,23.5
2021-05-06,0,21,21,21,21,21,0,13.2,1.3,41,3.5,167.2,4,6,5,0.0,1.5,0,False,False,21.0
2021-05-06,1,21,21,21,21,21,0,13.0,1.4,35,0.0,167.2,4,6,5,0.0,1.5,1,False,False,21.0
2021-05-06,2,21,21,23,26,23,0,12.6,2.0,40,0.0,167.2,4,6,5,0.0,1.5,2,False,False,22.75
2021-05-06,3,24,21,21,21,22,0,11.9,2.3,42,0.0,167.2,4,6,5,0.0,1.5,3,False,False,21.75
2021-05-06,4,21,21,21,21,21,0,10.5,1.5,45,0.0,167.2,4,6,5,0.0,1.5,4,False,False,21.0
2021-05-06,5,21,21,21,25,22,0,9.8,1.1,47,0.0,167.2,4,6,5,0.0,1.5,5,False,False,22.0
2021-05-06,6,26,23,21,21,23,0,9.8,0.1,49,0.0,167.2,4,6,5,0.0,1.5,6,False,False,22.75
2021-05-06,7,21,39,67,95,56,0,12.2,0.4,54,0.0,167.2,4,6,5,0.0,1.5,7,False,False,55.5
2021-05-06,8,160,191,190,199,185,424,14.6,1.3,31,0.0,167.2,4,6,5,0.572972973,1.5,8,False,False,185.0
2021-05-06,9,185,187,186,187,186,1929,17.3,1.3,31,0.0,167.2,4,6,5,2.589261745,1.0,9,False,False,186.25
2021-05-06,10,144,172,165,177,165,1556,19.2,3.0,30,0.0,167.2,4,6,5,2.364741641,1.0,10,False,False,164.5
2021-05-06,11,164,173,179,169,171,2460,20.9,1.8,30,0.0,167.2,4,6,5,3.591240876,1.0,11,False,False,171.25
2021-05-06,12,108,87,86,123,101,4,22.3,2.1,34,0.0,167.2,4,6,5,0.00990099,1.0,12,False,False,101.0
2021-05-06,13,173,170,163,159,166,2044,21.9,2.3,34,0.0,167.2,4,6,5,3.073684211,1.0,13,False,False,166.25
2021-05-06,14,154,167,164,156,160,801,21.7,2.1,34,0.0,167.2,4,6,5,1.249609984,1.0,14,False,False,160.25
2021-05-06,15,126,156,163,173,155,4734,20.0,2.1,41,0.0,167.2,4,6,5,7.660194175,1.0,15,False,False,154.5
2021-05-06,16,149,160,163,163,159,2564,21.1,2.0,37,0.0,167.2,4,6,5,4.037795276,1.0,16,False,False,158.75
2021-05-06,17,107,95,142,155,125,601,21.0,2.9,34,0.0,167.2,4,6,5,1.204408818,1.0,17,False,False,124.75
2021-05-06,18,140,127,123,111,125,1600,20.4,3.7,33,0.0,167.2,4,6,5,3.193612774,1.5,18,False,False,125.25
2021-05-06,19,124,112,108,117,115,2689,19.7,4.0,34,0.0,167.2,4,6,5,5.8329718,1.5,19,False,False,115.25
2021-05-06,20,120,123,138,130,128,180,19.2,3.1,33,0.0,167.2,4,6,5,0.352250489,1.5,20,False,False,127.75
2021-05-06,21,128,122,115,117,121,4,17.0,0.2,42,0.0,167.2,4,6,5,0.008298755,1.5,21,False,False,120.5
2021-05-06,22,104,120,116,114,114,26,17.1,0.5,36,0.0,167.2,4,6,5,0.057268722,1.5,22,False,False,113.5
2021-05-06,23,99,118,109,78,101,32,17.3,1.3,37,0.0,167.2,4,6,5,0.079207921,1.5,23,False,False,101.0
2021-05-07,0,72,69,63,62,67,434,15.9,0.0,46,0.0,167.2,5,7,5,1.631578947,1.5,0,False,False,66.5
2021-05-07,1,93,100,109,112,104,8,15.4,0.3,53,0.0,167.2,5,7,5,0.019323671,1.5,1,False,False,103.5
2021-05-07,2,106,100,102,98,102,182,16.7,2.3,46,0.0,167.2,5,7,5,0.448275862,1.5,2,False,False,101.5
2021-05-07,3,97,108,113,101,105,116,15.9,2.0,33,0.0,167.2,5,7,5,0.276849642,1.5,3,False,False,104.75
2021-05-07,4,96,96,102,99,98,196,15.2,1.5,40,0.0,167.2,5,7,5,0.498727735,1.5,4,False,False,98.25
2021-05-07,5,81,72,95,109,89,0,16.0,2.1,32,0.0,167.2,5,7,5,0.0,1.5,5,False,False,89.25
2021-05-07,6,115,111,105,97,107,86,15.6,2.1,35,0.0,167.2,5,7,5,0.200934579,1.5,6,False,False,107.0
2021-05-07,7,101,110,134,127,118,1465,16.1,3.5,44,0.0,167.2,5,7,5,3.103813559,1.5,7,False,False,118.0
2021-05-07,8,153,172,180,181,172,321,17.6,3.5,52,0.0,167.2,5,7,5,0.467930029,1.5,8,False,False,171.5
2021-05-07,9,172,174,163,171,170,755,18.8,4.5,57,0.0,167.2,5,7,5,1.110294118,1.0,9,False,False,170.0
2021-05-07,10,127,166,166,174,158,1314,21.0,3.8,54,0.0,167.2,5,7,5,2.075829384,1.0,10,False,False,158.25
2021-05-07,11,167,161,167,159,164,2392,22.9,3.5,50,0.0,167.2,5,7,5,3.657492355,1.0,11,False,False,163.5
2021-05-07,12,103,94,95,130,106,580,22.9,5.4,51,0.0,167.2,5,7,5,1.374407583,1.0,12,False,False,105.5
2021-05-07,13,174,164,172,159,167,1477,23.4,5.7,52,0.0,167.2,5,7,5,2.207772795,1.0,13,False,False,167.25
2021-05-07,14,149,152,158,153,153,1029,22.7,4.9,56,0.0,167.2,5,7,5,1.681372549,1.0,14,False,False,153.0
2021-05-07,15,107,134,144,146,133,1328,23.2,5.4,57,0.0,167.2,5,7,5,2.50094162,1.0,15,False,False,132.75
2021-05-07,16,137,153,138,151,145,800,23.2,4.4,60,0.0,167.2,5,7,5,1.381692573,1.0,16,False,False,144.75
2021-05-07,17,111,104,140,124,120,2023,21.9,4.4,65,0.0,167.2,5,7,5,4.223382046,1.0,17,False,False,119.75
2021-05-07,18,110,107,105,111,108,68,20.7,3.2,74,0.0,167.2,5,7,5,0.15704388,1.5,18,False,False,108.25
2021-05-07,19,106,102,97,93,100,772,20.1,1.8,77,0.0,167.2,5,7,5,1.939698492,1.5,19,False,False,99.5
2021-05-07,20,102,99,110,102,103,8,19.4,2.7,78,0.0,167.2,5,7,5,0.01937046,1.5,20,False,False,103.25
2021-05-07,21,107,99,102,100,102,106,18.6,3.2,41,0.0,167.2,5,7,5,0.259803922,1.5,21,False,False,102.0
2021-05-07,22,91,107,101,102,100,18,17.7,2.4,35,0.0,167.2,5,7,5,0.044887781,1.5,22,False,False,100.25
2021-05-07,23,101,93,86,60,85,163,15.9,2.2,42,0.0,167.2,5,7,5,0.479411765,1.5,23,False,False,85.0
2021-05-08,0,60,60,63,60,61,118,15.1,2.4,41,0.0,167.2,6,8,5,0.485596708,1.5,0,False,False,60.75
2021-05-08,1,95,97,108,115,104,56,14.0,2.0,44,0.0,167.2,6,8,5,0.134939759,1.5,1,False,False,103.75
2021-05-08,2,105,104,94,110,103,57,12.9,2.3,46,0.0,167.2,6,8,5,0.138014528,1.5,2,False,False,103.25
2021-05-08,3,92,111,108,100,103,10,11.7,1.2,47,0.0,167.2,6,8,5,0.0243309,1.5,3,False,False,102.75
2021-05-08,4,114,110,106,95,106,66,11.6,2.7,47,0.0,167.2,6,8,5,0.155294118,1.5,4,False,False,106.25
2021-05-08,5,78,75,96,99,87,150,9.1,2.0,63,0.0,167.2,6,8,5,0.431034483,1.5,5,False,False,87.0
2021-05-08,6,114,108,102,90,104,1976,10.6,1.2,52,0.0,167.2,6,8,5,4.77294686,1.5,6,False,False,103.5
2021-05-08,7,88,79,50,33,63,415,12.5,1.0,48,0.0,167.2,6,8,5,1.66,1.5,7,False,False,62.5
2021-05-08,8,22,26,27,22,24,0,14.7,1.5,43,0.0,167.2,6,8,5,0.0,1.5,8,False,False,24.25
2021-05-08,9,23,22,22,22,22,0,17.2,1.4,40,0.0,167.2,6,8,5,0.0,1.0,9,False,False,22.25
2021-05-08,10,22,22,22,22,22,0,19.9,1.6,34,0.0,167.2,6,8,5,0.0,1.0,10,False,False,22.0
2021-05-08,11,22,25,27,26,25,0,21.5,2.1,35,0.0,167.2,6,8,5,0.0,1.0,11,False,False,25.0
2021-05-08,12,22,23,23,22,23,0,23.5,2.4,25,0.0,167.2,6,8,5,0.0,1.0,12,False,False,22.5
2021-05-08,13,22,22,22,22,22,0,23.8,4.3,20,0.0,167.2,6,8,5,0.0,1.0,13,False,False,22.0
2021-05-08,14,22,22,23,26,23,0,23.1,4.3,26,0.0,167.2,6,8,5,0.0,1.0,14,False,False,23.25
2021-05-08,15,27,23,22,22,24,0,23.6,4.6,26,0.0,167.2,6,8,5,0.0,1.0,15,False,False,23.5
2021-05-08,16,22,22,23,23,23,0,23.3,4.5,26,0.0,167.2,6,8,5,0.0,1.0,16,False,False,22.5
2021-05-08,17,23,22,22,22,22,0,22.7,4.8,28,0.0,167.2,6,8,5,0.0,1.0,17,False,False,22.25
2021-05-08,18,25,27,22,22,24,0,21.6,4.1,35,0.0,167.2,6,8,5,0.0,1.5,18,False,False,24.0
2021-05-08,19,22,22,22,22,22,0,20.2,2.8,43,0.0,167.2,6,8,5,0.0,1.5,19,False,False,22.0
2021-05-08,20,22,22,22,22,22,0,19.1,2.6,47,0.0,167.2,6,8,5,0.0,1.5,20,False,False,22.0
2021-05-08,21,25,28,24,23,25,0,18.8,2.3,51,0.0,167.2,6,8,5,0.0,1.5,21,False,False,25.0
2021-05-08,22,23,23,22,23,23,0,18.4,0.8,52,0.0,167.2,6,8,5,0.0,1.5,22,False,False,22.75
2021-05-08,23,22,22,23,23,23,0,17.7,1.7,56,0.0,167.2,6,8,5,0.0,1.5,23,False,False,22.5
2021-05-09,0,23,22,22,23,23,0,18.1,2.3,55,0.0,167.2,7,9,5,0.0,1.5,0,False,False,22.5
2021-05-09,1,22,23,23,23,23,0,17.1,0.9,58,0.0,167.2,7,9,5,0.0,1.5,1,False,False,22.75
2021-05-09,2,23,22,27,27,25,0,17.0,1.6,58,0.0,167.2,7,9,5,0.0,1.5,2,False,False,24.75
2021-05-09,3,23,22,23,22,23,0,15.8,2.0,49,0.0,167.2,7,9,5,0.0,1.5,3,False,False,22.5
2021-05-09,4,23,22,23,23,23,0,14.4,1.9,48,0.0,167.2,7,9,5,0.0,1.5,4,False,False,22.75
2021-05-09,5,22,23,23,26,24,0,13.5,2.1,51,0.0,167.2,7,9,5,0.0,1.5,5,False,False,23.5
2021-05-09,6,27,24,23,22,24,0,13.6,2.5,49,0.0,167.2,7,9,5,0.0,1.5,6,False,False,24.0
2021-05-09,7,26,34,63,131,64,0,14.8,2.2,46,0.0,167.2,7,9,5,0.0,1.5,7,False,False,63.5
2021-05-09,8,160,180,182,184,177,0,17.1,1.4,43,0.0,167.2,7,9,5,0.0,1.5,8,False,False,176.5
2021-05-09,9,164,163,156,149,158,0,18.2,2.7,34,0.0,167.2,7,9,5,0.0,1.0,9,False,False,158.0
2021-05-09,10,128,169,163,168,157,0,19.6,1.9,29,0.0,167.2,7,9,5,0.0,1.0,10,False,False,157.0
2021-05-09,11,173,157,172,153,164,0,20.6,3.3,22,0.0,167.2,7,9,5,0.0,1.0,11,False,False,163.75
2021-05-09,12,110,91,96,126,106,0,21.5,3.7,21,0.0,167.2,7,9,5,0.0,1.0,12,False,False,105.75
2021-05-09,13,155,158,158,159,158,0,22.7,3.2,19,0.0,167.2,7,9,5,0.0,1.0,13,False,False,157.5
2021-05-09,14,149,152,163,153,154,0,23.5,1.8,18,0.0,167.2,7,9,5,0.0,1.0,14,False,False,154.25
2021-05-09,15,125,144,151,145,141,0,24.2,2.0,18,0.0,167.2,7,9,5,0.0,1.0,15,False,False,141.25
2021-05-09,16,147,151,155,157,153,0,24.2,2.9,18,0.0,167.2,7,9,5,0.0,1.0,16,False,False,152.5
2021-05-09,17,110,102,153,146,128,0,23.9,3.1,19,0.0,167.2,7,9,5,0.0,1.0,17,False,False,127.75
2021-05-09,18,153,165,158,160,159,0,23.3,2.3,21,0.0,167.2,7,9,5,0.0,1.5,18,False,False,159.0
2021-05-09,19,155,147,147,117,142,0,21.5,1.4,23,0.0,167.2,7,9,5,0.0,1.5,19,False,False,141.5
2021-05-09,20,111,114,103,114,111,0,19.8,1.5,25,0.0,167.2,7,9,5,0.0,1.5,20,False,False,110.5
2021-05-09,21,121,121,120,117,120,0,18.7,1.7,28,0.0,167.2,7,9,5,0.0,1.5,21,False,False,119.75
2021-05-09,22,92,117,118,122,112,0,18.0,2.5,31,0.0,167.2,7,9,5,0.0,1.5,22,False,False,112.25
2021-05-09,23,110,105,104,84,101,0,17.2,2.2,31,0.0,167.2,7,9,5,0.0,1.5,23,False,False,100.75
2021-05-10,0,23,22,22,23,23,0,16.0,1.6,33,0.0,167.2,1,10,5,0.0,1.5,0,False,False,22.5
2021-05-10,1,22,23,23,23,23,0,15.3,0.8,35,0.0,167.2,1,10,5,0.0,1.5,1,False,False,22.75
2021-05-10,2,23,22,27,27,25,0,15.2,2.1,39,0.0,167.2,1,10,5,0.0,1.5,2,False,False,24.75
2021-05-10,3,23,22,23,22,23,0,16.4,2.5,34,0.0,167.2,1,10,5,0.0,1.5,3,False,False,22.5
2021-05-10,4,23,22,23,23,23,0,15.1,1.6,39,0.0,167.2,1,10,5,0.0,1.5,4,False,False,22.75
2021-05-10,5,22,23,23,26,24,0,14.0,1.4,46,0.0,167.2,1,10,5,0.0,1.5,5,False,False,23.5
2021-05-10,6,27,24,23,22,24,0,15.3,2.1,38,0.0,167.2,1,10,5,0.0,1.5,6,False,False,24.0
2021-05-10,7,26,34,63,131,64,0,14.4,2.2,47,0.0,167.2,1,10,5,0.0,1.5,7,False,False,63.5
2021-05-10,8,160,180,182,184,177,837,13.9,1.8,56,0.0,167.2,1,10,5,1.185552408,1.5,8,False,False,176.5
2021-05-10,9,164,163,156,149,158,998,14.7,1.7,54,0.0,167.2,1,10,5,1.579113924,1.0,9,False,False,158.0
2021-05-10,10,128,169,163,168,157,628,15.2,1.3,52,0.0,167.2,1,10,5,1.0,1.0,10,False,False,157.0
2021-05-10,11,173,157,172,153,164,1491,14.8,2.8,58,0.2,167.2,1,10,5,2.276335878,1.0,11,False,False,163.75
2021-05-10,12,110,91,96,126,106,30,16.4,2.6,54,0.2,167.2,1,10,5,0.070921986,1.0,12,False,False,105.75
2021-05-10,13,155,158,158,159,158,919,16.9,2.4,50,0.2,167.2,1,10,5,1.458730159,1.0,13,False,False,157.5
2021-05-10,14,149,152,163,153,154,1816,17.5,3.3,55,0.2,167.2,1,10,5,2.943273906,1.0,14,False,False,154.25
2021-05-10,15,125,144,151,145,141,998,17.2,2.2,58,0.2,167.2,1,10,5,1.766371681,1.0,15,False,False,141.25
2021-05-10,16,147,151,155,157,153,4518,16.8,1.2,61,0.2,167.2,1,10,5,7.406557377,1.0,16,False,False,152.5
2021-05-10,17,110,102,153,146,128,274,15.7,1.6,71,0.2,167.2,1,10,5,0.536203523,1.0,17,False,False,127.75
2021-05-10,18,153,165,158,160,159,941,16.0,1.4,74,0.2,167.2,1,10,5,1.479559748,1.5,18,False,False,159.0
2021-05-10,19,155,147,147,117,142,2791,14.6,1.5,81,0.2,167.2,1,10,5,4.931095406,1.5,19,False,False,141.5
2021-05-10,20,111,114,103,114,111,94,13.6,1.0,86,0.2,167.2,1,10,5,0.212669683,1.5,20,False,False,110.5
2021-05-10,21,121,121,120,117,120,54,13.0,1.7,91,0.2,167.2,1,10,5,0.112734864,1.5,21,False,False,119.75
2021-05-10,22,92,117,118,122,112,97,13.4,0.5,91,0.2,167.2,1,10,5,0.216035635,1.5,22,False,False,112.25
2021-05-10,23,110,105,104,84,101,160,13.5,1.4,88,0.2,167.2,1,10,5,0.397022333,1.5,23,False,False,100.75
2021-05-11,0,68,64,64,61,64,27,13.7,1.3,86,0.2,167.2,2,11,5,0.105058366,1.5,0,False,False,64.25
2021-05-11,1,90,86,105,110,98,48,13.5,1.3,87,0.0,167.2,2,11,5,0.122762148,1.5,1,False,False,97.75
2021-05-11,2,100,105,104,108,104,487,13.5,1.2,89,0.0,167.2,2,11,5,1.167865707,1.5,2,False,False,104.25
2021-05-11,3,96,103,99,105,101,119,13.5,0.6,90,0.0,167.2,2,11,5,0.29528536,1.5,3,False,False,100.75
2021-05-11,4,106,99,103,113,105,82,13.4,0.9,91,0.0,167.2,2,11,5,0.194774347,1.5,4,False,False,105.25
2021-05-11,5,94,82,101,111,97,0,13.4,1.0,90,0.0,167.2,2,11,5,0.0,1.5,5,False,False,97.0
2021-05-11,6,117,114,103,93,107,188,13.7,0.6,88,0.0,167.2,2,11,5,0.44028103,1.5,6,False,False,106.75
2021-05-11,7,106,112,136,140,124,2165,14.3,0.3,85,0.0,167.2,2,11,5,4.382591093,1.5,7,False,False,123.5
2021-05-11,8,157,175,177,175,171,637,14.8,0.8,83,0.0,167.2,2,11,5,0.93128655,1.5,8,False,False,171.0
2021-05-11,9,171,171,174,177,173,1542,14.9,1.0,82,0.0,167.2,2,11,5,2.225108225,1.0,9,False,False,173.25
2021-05-11,10,130,168,171,169,160,1472,15.2,1.6,73,0.0,167.2,2,11,5,2.307210031,1.0,10,False,False,159.5
2021-05-11,11,171,170,173,163,169,1484,16.4,2.2,70,0.0,167.2,2,11,5,2.192023634,1.0,11,False,False,169.25
2021-05-11,12,102,82,87,129,100,0,16.6,3.6,64,0.0,167.2,2,11,5,0.0,1.0,12,False,False,100.0
2021-05-11,13,185,168,175,174,176,2483,18.0,2.6,54,0.0,167.2,2,11,5,3.537037037,1.0,13,False,False,175.5
2021-05-11,14,166,153,157,144,155,3081,17.7,3.2,46,0.0,167.2,2,11,5,4.969354839,1.0,14,False,False,155.0
2021-05-11,15,130,148,163,161,151,807,17.1,2.5,50,0.0,167.2,2,11,5,1.340531561,1.0,15,False,False,150.5
2021-05-11,16,142,141,151,143,144,1509,17.0,1.6,47,0.0,167.2,2,11,5,2.6152513,1.0,16,False,False,144.25
2021-05-11,17,105,91,132,144,118,458,16.6,2.4,50,0.0,167.2,2,11,5,0.970338983,1.0,17,False,False,118.0
2021-05-11,18,141,134,136,141,138,1720,16.2,3.1,57,0.0,167.2,2,11,5,3.115942029,1.5,18,False,False,138.0
2021-05-11,19,138,133,125,133,132,3308,15.6,2.9,63,0.0,167.2,2,11,5,6.253308129,1.5,19,False,False,132.25
2021-05-11,20,128,131,127,124,128,44,15.6,2.3,61,0.0,167.2,2,11,5,0.08627451,1.5,20,False,False,127.5
2021-05-11,21,122,127,131,121,125,382,15.3,2.5,65,0.0,167.2,2,11,5,0.76247505,1.5,21,False,False,125.25
2021-05-11,22,94,112,109,112,107,40,15.0,2.6,73,0.0,167.2,2,11,5,0.093676815,1.5,22,False,False,106.75
2021-05-11,23,121,121,104,83,107,5,15.0,3.1,75,0.0,167.2,2,11,5,0.011655012,1.5,23,False,False,107.25
2021-05-12,0,75,67,63,61,67,0,14.8,3.4,76,0.0,167.2,3,12,5,0.0,1.5,0,False,False,66.5
2021-05-12,1,92,104,104,93,98,533,14.7,3.1,76,0.0,167.2,3,12,5,1.356234097,1.5,1,False,False,98.25
2021-05-12,2,110,112,113,106,110,226,14.7,3.4,75,0.0,167.2,3,12,5,0.512471655,1.5,2,False,False,110.25
2021-05-12,3,76,102,109,98,96,93,15.1,2.7,70,0.0,167.2,3,12,5,0.241558442,1.5,3,False,False,96.25
2021-05-12,4,107,111,104,106,107,300,15.0,2.9,72,0.0,167.2,3,12,5,0.700934579,1.5,4,False,False,107.0
2021-05-12,5,82,77,103,107,92,25,14.9,2.8,75,0.0,167.2,3,12,5,0.067750678,1.5,5,False,False,92.25
2021-05-12,6,103,102,110,102,104,560,14.9,3.5,79,0.0,167.2,3,12,5,1.342925659,1.5,6,False,False,104.25
2021-05-12,7,106,109,147,141,126,1735,15.3,3.0,79,0.0,167.2,3,12,5,3.449304175,1.5,7,False,False,125.75
2021-05-12,8,148,177,178,173,169,691,15.9,3.2,76,0.0,167.2,3,12,5,1.022189349,1.5,8,False,False,169.0
2021-05-12,9,159,159,165,158,160,716,16.2,2.6,72,0.0,167.2,3,12,5,1.11700468,1.0,9,False,False,160.25
2021-05-12,10,122,145,163,166,149,941,16.3,3.0,70,0.0,167.2,3,12,5,1.57885906,1.0,10,False,False,149.0
2021-05-12,11,160,183,163,164,168,952,17.0,2.6,67,0.0,167.2,3,12,5,1.420895522,1.0,11,False,False,167.5
2021-05-12,12,93,76,80,125,94,104,19.3,3.3,55,0.0,167.2,3,12,5,0.278074866,1.0,12,False,False,93.5
2021-05-12,13,176,184,174,179,178,1820,19.3,2.8,53,0.0,167.2,3,12,5,2.55259467,1.0,13,False,False,178.25
2021-05-12,14,172,163,160,160,164,1492,20.8,2.9,50,0.0,167.2,3,12,5,2.277862595,1.0,14,False,False,163.75
2021-05-12,15,130,168,163,150,153,1155,19.8,3.2,54,0.0,167.2,3,12,5,1.890343699,1.0,15,False,False,152.75
2021-05-12,16,163,159,155,158,159,760,18.1,2.9,60,0.0,167.2,3,12,5,1.196850394,1.0,16,False,False,158.75
2021-05-12,17,109,97,150,169,131,3446,17.4,2.0,63,0.0,167.2,3,12,5,6.563809524,1.0,17,False,False,131.25
2021-05-12,18,157,154,149,169,157,1012,17.5,1.6,67,0.0,167.2,3,12,5,1.608903021,1.5,18,False,False,157.25
2021-05-12,19,153,133,113,99,125,2838,16.3,1.8,71,0.0,167.2,3,12,5,5.698795181,1.5,19,False,False,124.5
2021-05-12,20,101,109,104,105,105,8,14.8,0.9,81,0.0,167.2,3,12,5,0.019093079,1.5,20,False,False,104.75
2021-05-12,21,105,111,115,109,110,178,14.3,1.8,86,0.0,167.2,3,12,5,0.404545455,1.5,21,False,False,110.0
2021-05-12,22,91,100,102,116,102,366,14.0,1.5,86,0.0,167.2,3,12,5,0.894865526,1.5,22,False,False,102.25
2021-05-12,23,111,105,103,87,102,238,13.6,1.4,89,0.0,167.2,3,12,5,0.586206897,1.5,23,False,False,101.5
2021-05-13,0,75,66,71,68,70,157,13.9,1.7,88,0.0,167.2,4,13,5,0.560714286,1.5,0,False,False,70.0
2021-05-13,1,88,99,107,99,98,370,14.0,0.8,87,0.0,167.2,4,13,5,0.941475827,1.5,1,False,False,98.25
2021-05-13,2,104,113,105,90,103,52,13.0,0.6,90,0.0,167.2,4,13,5,0.126213592,1.5,2,False,False,103.0
2021-05-13,3,84,99,107,110,100,366,12.8,1.5,90,0.0,167.2,4,13,5,0.915,1.5,3,False,False,100.0
2021-05-13,4,113,107,102,98,105,96,13.1,0.7,89,0.0,167.2,4,13,5,0.228571429,1.5,4,False,False,105.0
2021-05-13,5,84,72,96,105,89,68,13.7,1.3,82,0.0,167.2,4,13,5,0.19047619,1.5,5,False,False,89.25
2021-05-13,6,105,102,99,96,101,4,13.1,1.8,87,0.0,167.2,4,13,5,0.009950249,1.5,6,False,False,100.5
2021-05-13,7,100,107,135,127,117,2540,15.0,1.4,78,0.0,167.2,4,13,5,5.415778252,1.5,7,False,False,117.25
2021-05-13,8,147,176,167,169,165,705,17.3,1.1,69,0.0,167.2,4,13,5,1.069802731,1.5,8,False,False,164.75
2021-05-13,9,157,159,163,174,163,359,20.2,1.0,50,0.0,167.2,4,13,5,0.549770291,1.0,9,False,False,163.25
2021-05-13,10,116,176,174,166,158,1880,22.1,1.9,40,0.0,167.2,4,13,5,2.974683544,1.0,10,False,False,158.0
2021-05-13,11,157,169,161,170,164,470,22.8,1.8,51,0.0,167.2,4,13,5,0.715372907,1.0,11,False,False,164.25
2021-05-13,12,103,81,80,119,96,238,24.2,2.2,57,0.0,167.2,4,13,5,0.621409922,1.0,12,False,False,95.75
2021-05-13,13,163,175,169,163,168,1582,25.0,2.1,59,0.0,167.2,4,13,5,2.36119403,1.0,13,False,False,167.5
2021-05-13,14,169,166,158,158,163,1464,24.6,2.1,59,0.0,167.2,4,13,5,2.248847926,1.0,14,False,False,162.75
2021-05-13,15,115,156,146,137,139,980,23.2,3.1,58,0.0,167.2,4,13,5,1.768953069,1.0,15,False,False,138.5
2021-05-13,16,150,155,154,139,150,1633,21.8,2.6,57,0.0,167.2,4,13,5,2.730769231,1.0,16,False,False,149.5
2021-05-13,17,96,83,106,117,101,430,22.2,1.6,58,0.0,167.2,4,13,5,1.069651741,1.0,17,False,False,100.5
2021-05-13,18,108,100,100,99,102,1701,20.9,1.3,57,0.0,167.2,4,13,5,4.179361179,1.5,18,False,False,101.75
2021-05-13,19,96,97,106,104,101,2095,19.3,1.4,55,0.0,167.2,4,13,5,5.198511166,1.5,19,False,False,100.75
2021-05-13,20,122,139,134,135,133,126,17.7,0.4,63,0.0,167.2,4,13,5,0.237735849,1.5,20,False,False,132.5
2021-05-13,21,135,129,120,124,127,75,17.1,0.4,73,0.0,167.2,4,13,5,0.147637795,1.5,21,False,False,127.0
2021-05-13,22,103,123,116,114,114,48,16.7,1.1,81,0.0,167.2,4,13,5,0.105263158,1.5,22,False,False,114.0
2021-05-13,23,113,115,100,88,104,229,16.0,0.7,92,0.0,167.2,4,13,5,0.550480769,1.5,23,False,False,104.0
2021-05-14,0,72,66,68,62,67,14,15.1,0.2,96,0.0,167.2,5,14,5,0.052238806,1.5,0,False,False,67.0
2021-05-14,1,86,110,106,96,100,306,15.0,0.8,98,0.0,167.2,5,14,5,0.768844221,1.5,1,False,False,99.5
2021-05-14,2,106,108,111,104,107,95,14.4,0.0,98,0.0,167.2,5,14,5,0.221445221,1.5,2,False,False,107.25
2021-05-14,3,80,104,104,99,97,332,14.1,1.5,98,0.0,167.2,5,14,5,0.857881137,1.5,3,False,False,96.75
2021-05-14,4,103,107,108,104,106,0,14.1,1.3,98,0.0,167.2,5,14,5,0.0,1.5,4,False,False,105.5
2021-05-14,5,86,80,104,103,93,60,14.7,1.7,97,0.0,167.2,5,14,5,0.160857909,1.5,5,False,False,93.25
2021-05-14,6,99,107,99,96,100,553,14.7,0.7,96,0.0,167.2,5,14,5,1.379052369,1.5,6,False,False,100.25
2021-05-14,7,92,106,135,128,115,1743,17.1,0.5,87,0.0,167.2,5,14,5,3.780911063,1.5,7,False,False,115.25
2021-05-14,8,130,150,157,149,147,591,19.4,0.9,76,0.0,167.2,5,14,5,1.008532423,1.5,8,False,False,146.5
2021-05-14,9,141,143,137,137,140,672,21.5,1.3,64,0.0,167.2,5,14,5,1.204301075,1.0,9,False,False,139.5
2021-05-14,10,120,145,155,150,143,4183,23.0,2.0,64,0.0,167.2,5,14,5,7.338596491,1.0,10,False,False,142.5
2021-05-14,11,150,150,155,142,149,399,23.3,1.9,64,0.0,167.2,5,14,5,0.668341709,1.0,11,False,False,149.25
2021-05-14,12,94,78,80,113,91,230,24.4,2.4,63,0.0,167.2,5,14,5,0.630136986,1.0,12,False,False,91.25
2021-05-14,13,156,153,144,148,150,50,23.2,2.6,62,0.0,167.2,5,14,5,0.083194676,1.0,13,False,False,150.25
2021-05-14,14,142,138,144,147,143,957,23.4,2.3,60,0.0,167.2,5,14,5,1.676007005,1.0,14,False,False,142.75
2021-05-14,15,124,148,141,134,137,623,23.7,2.5,60,0.0,167.2,5,14,5,1.138939671,1.0,15,False,False,136.75
2021-05-14,16,137,143,128,130,135,3046,23.1,1.6,60,0.0,167.2,5,14,5,5.661710037,1.0,16,False,False,134.5
2021-05-14,17,93,77,118,148,109,437,22.0,1.9,62,0.0,167.2,5,14,5,1.002293578,1.0,17,False,False,109.0
2021-05-14,18,156,154,135,140,146,1523,21.3,1.2,67,0.0,167.2,5,14,5,2.603418803,1.5,18,False,False,146.25
2021-05-14,19,129,129,144,115,129,1514,20.3,0.9,71,0.0,167.2,5,14,5,2.928433269,1.5,19,False,False,129.25
2021-05-14,20,106,106,103,109,106,1,19.1,0.6,77,0.0,167.2,5,14,5,0.002358491,1.5,20,False,False,106.0
2021-05-14,21,112,106,111,111,110,45,18.4,1.0,80,0.0,167.2,5,14,5,0.102272727,1.5,21,False,False,110.0
2021-05-14,22,91,103,112,107,103,0,18.2,0.7,86,0.0,167.2,5,14,5,0.0,1.5,22,False,False,103.25
2021-05-14,23,98,97,95,64,89,0,17.6,0.8,85,0.0,167.2,5,14,5,0.0,1.5,23,False,False,88.5
2021-05-15,0,54,54,54,54,54,0,17.4,0.2,84,0.0,167.2,6,15,5,0.0,1.5,0,False,False,54.0
2021-05-15,1,83,99,97,104,96,47,17.5,0.7,84,0.0,167.2,6,15,5,0.122715405,1.5,1,False,False,95.75
2021-05-15,2,100,93,100,97,98,37,17.5,1.5,85,0.0,167.2,6,15,5,0.094871795,1.5,2,False,False,97.5
2021-05-15,3,78,101,98,96,93,0,17.1,0.8,87,0.0,167.2,6,15,5,0.0,1.5,3,False,False,93.25
2021-05-15,4,98,97,105,104,101,0,17.5,1.0,85,0.0,167.2,6,15,5,0.0,1.5,4,False,False,101.0
2021-05-15,5,73,62,87,96,80,0,17.9,0.1,84,0.0,167.2,6,15,5,0.0,1.5,5,False,False,79.5
2021-05-15,6,95,103,100,93,98,24,17.5,1.4,88,0.0,167.2,6,15,5,0.061381074,1.5,6,False,False,97.75
2021-05-15,7,86,83,65,42,69,634,17.7,0.0,91,0.1,167.2,6,15,5,2.297101449,1.5,7,False,False,69.0
2021-05-15,8,24,24,19,19,22,0,17.2,1.0,98,4.8,167.2,6,15,5,0.0,1.5,8,False,False,21.5
2021-05-15,9,20,20,19,19,20,0,17.8,0.3,98,8.2,167.2,6,15,5,0.0,1.0,9,False,False,19.5
2021-05-15,10,20,19,20,19,20,0,18.2,0.3,98,8.6,167.2,6,15,5,0.0,1.0,10,False,False,19.5
2021-05-15,11,20,24,24,21,22,0,18.5,0.0,98,10.2,167.2,6,15,5,0.0,1.0,11,False,False,22.25
2021-05-15,12,20,20,20,20,20,0,18.9,0.4,98,11.2,167.2,6,15,5,0.0,1.0,12,False,False,20.0
2021-05-15,13,20,19,19,19,19,0,19.3,0.4,98,14.8,167.2,6,15,5,0.0,1.0,13,False,False,19.25
2021-05-15,14,19,19,21,24,21,0,20.5,0.8,98,15.7,167.2,6,15,5,0.0,1.0,14,False,False,20.75
2021-05-15,15,23,19,19,20,20,0,20.1,0.4,98,15.7,167.2,6,15,5,0.0,1.0,15,False,False,20.25
2021-05-15,16,20,19,20,20,20,0,20.8,1.0,98,15.7,167.2,6,15,5,0.0,1.0,16,False,False,19.75
2021-05-15,17,20,20,20,20,20,0,21.1,0.7,98,15.7,167.2,6,15,5,0.0,1.0,17,False,False,20.0
2021-05-15,18,23,25,21,20,22,0,21.0,0.8,98,15.7,167.2,6,15,5,0.0,1.5,18,False,False,22.25
2021-05-15,19,20,20,19,20,20,0,19.9,0.6,98,15.7,167.2,6,15,5,0.0,1.5,19,False,False,19.75
2021-05-15,20,19,20,20,20,20,0,19.4,0.5,98,15.7,167.2,6,15,5,0.0,1.5,20,False,False,19.75
2021-05-15,21,20,22,25,25,23,0,19.3,1.2,98,15.7,167.2,6,15,5,0.0,1.5,21,False,False,23.0
2021-05-15,22,20,20,21,21,21,0,19.1,0.1,98,15.7,167.2,6,15,5,0.0,1.5,22,False,False,20.5
2021-05-15,23,20,20,20,20,20,0,19.3,0.8,98,15.7,167.2,6,15,5,0.0,1.5,23,False,False,20.0
2021-05-16,0,20,20,20,20,20,0,19.3,0.1,98,15.7,167.2,7,16,5,0.0,1.5,0,False,False,20.0
2021-05-16,1,24,25,21,20,23,0,19.5,0.7,98,0.0,167.2,7,16,5,0.0,1.5,1,False,False,22.5
2021-05-16,2,20,20,20,20,20,0,21.0,2.4,98,0.0,167.2,7,16,5,0.0,1.5,2,False,False,20.0
2021-05-16,3,20,20,20,20,20,0,20.9,0.9,98,3.5,167.2,7,16,5,0.0,1.5,3,False,False,20.0
2021-05-16,4,20,20,24,25,22,0,21.1,0.5,98,4.7,167.2,7,16,5,0.0,1.5,4,False,False,22.25
2021-05-16,5,20,20,20,20,20,0,21.3,1.4,98,5.5,167.2,7,16,5,0.0,1.5,5,False,False,20.0
2021-05-16,6,20,20,20,20,20,0,20.7,0.9,98,5.5,167.2,7,16,5,0.0,1.5,6,False,False,20.0
2021-05-16,7,19,19,20,23,20,0,20.5,1.0,98,5.5,167.2,7,16,5,0.0,1.5,7,False,False,20.25
2021-05-16,8,24,19,20,20,21,0,21.6,2.1,98,5.5,167.2,7,16,5,0.0,1.5,8,False,False,20.75
2021-05-16,9,20,20,20,20,20,0,21.9,1.1,98,5.5,167.2,7,16,5,0.0,1.0,9,False,False,20.0
2021-05-16,10,20,20,20,23,21,0,22.4,2.1,98,5.5,167.2,7,16,5,0.0,1.0,10,False,False,20.75
2021-05-16,11,24,20,20,20,21,0,23.3,3.5,92,5.5,167.2,7,16,5,0.0,1.0,11,False,False,21.0
2021-05-16,12,20,20,20,20,20,0,23.7,4.4,90,5.5,167.2,7,16,5,0.0,1.0,12,False,False,20.0
2021-05-16,13,20,20,20,20,20,0,22.4,2.3,98,11.5,167.2,7,16,5,0.0,1.0,13,False,False,20.0
2021-05-16,14,25,24,20,20,22,0,20.7,1.2,98,11.8,167.2,7,16,5,0.0,1.0,14,False,False,22.25
2021-05-16,15,20,20,20,20,20,0,21.9,1.2,98,12.3,167.2,7,16,5,0.0,1.0,15,False,False,20.0
2021-05-16,16,20,20,20,20,20,0,20.1,2.2,98,12.6,167.2,7,16,5,0.0,1.0,16,False,False,20.0
2021-05-16,17,21,25,25,20,23,0,18.7,1.5,98,15.4,167.2,7,16,5,0.0,1.0,17,False,False,22.75
2021-05-16,18,20,19,19,19,19,0,18.0,1.7,98,16.6,167.2,7,16,5,0.0,1.5,18,False,False,19.25
2021-05-16,19,19,19,20,20,20,0,16.7,1.6,98,17.2,167.2,7,16,5,0.0,1.5,19,False,False,19.5
2021-05-16,20,19,19,20,25,21,0,15.3,1.9,98,18.5,167.2,7,16,5,0.0,1.5,20,False,False,20.75
2021-05-16,21,24,20,21,20,21,0,14.4,1.4,98,21.4,167.2,7,16,5,0.0,1.5,21,False,False,21.25
2021-05-16,22,20,20,20,20,20,0,14.2,1.1,98,21.8,167.2,7,16,5,0.0,1.5,22,False,False,20.0
2021-05-16,23,20,20,20,22,21,0,14.1,1.1,98,22.1,167.2,7,16,5,0.0,1.5,23,False,False,20.5
2021-05-17,0,25,23,20,20,22,0,13.8,1.0,98,22.1,167.2,1,17,5,0.0,1.5,0,False,False,22.0
2021-05-17,1,20,20,20,20,20,0,13.4,1.4,98,0.0,167.2,1,17,5,0.0,1.5,1,False,False,20.0
2021-05-17,2,20,20,20,20,20,0,13.3,0.9,98,0.1,167.2,1,17,5,0.0,1.5,2,False,False,20.0
2021-05-17,3,20,25,23,19,22,0,13.5,1.4,98,0.2,167.2,1,17,5,0.0,1.5,3,False,False,21.75
2021-05-17,4,20,20,20,20,20,0,13.4,1.4,98,0.3,167.2,1,17,5,0.0,1.5,4,False,False,20.0
2021-05-17,5,20,20,20,19,20,0,13.6,0.3,98,0.5,167.2,1,17,5,0.0,1.5,5,False,False,19.75
2021-05-17,6,20,24,23,19,22,0,13.4,1.0,98,1.2,167.2,1,17,5,0.0,1.5,6,False,False,21.5
2021-05-17,7,22,33,58,87,50,24,13.7,0.8,98,1.3,167.2,1,17,5,0.12,1.5,7,False,False,50.0
2021-05-17,8,154,178,170,192,174,468,14.5,0.8,98,1.3,167.2,1,17,5,0.674351585,1.5,8,False,False,173.5
2021-05-17,9,183,145,162,151,160,1009,14.4,1.2,98,1.3,167.2,1,17,5,1.574102964,1.0,9,False,False,160.25
2021-05-17,10,124,171,180,180,164,293,14.9,1.3,98,1.3,167.2,1,17,5,0.447328244,1.0,10,False,False,163.75
2021-05-17,11,160,158,172,186,169,1178,15.6,0.6,97,1.3,167.2,1,17,5,1.74260355,1.0,11,False,False,169.0
2021-05-17,12,109,88,89,129,104,311,15.5,1.2,98,1.4,167.2,1,17,5,0.74939759,1.0,12,False,False,103.75
2021-05-17,13,173,168,172,168,170,1419,16.0,0.8,95,1.4,167.2,1,17,5,2.083700441,1.0,13,False,False,170.25
2021-05-17,14,149,155,172,175,163,540,15.9,1.3,93,1.4,167.2,1,17,5,0.829493088,1.0,14,False,False,162.75
2021-05-17,15,128,167,164,168,157,1302,15.8,1.6,90,1.4,167.2,1,17,5,2.076555024,1.0,15,False,False,156.75
2021-05-17,16,163,161,161,158,161,1739,14.9,1.4,97,1.7,167.2,1,17,5,2.704510109,1.0,16,False,False,160.75
2021-05-17,17,120,117,156,158,138,821,15.0,1.4,98,2.6,167.2,1,17,5,1.490018149,1.0,17,False,False,137.75
2021-05-17,18,161,153,151,144,152,1592,14.7,1.1,98,2.6,167.2,1,17,5,2.614121511,1.5,18,False,False,152.25
2021-05-17,19,140,139,129,104,128,2222,14.3,1.3,98,3.0,167.2,1,17,5,4.33984375,1.5,19,False,False,128.0
2021-05-17,20,94,99,93,99,96,300,14.3,0.7,98,3.0,167.2,1,17,5,0.779220779,1.5,20,False,False,96.25
2021-05-17,21,96,85,82,93,89,130,14.1,1.1,98,3.0,167.2,1,17,5,0.365168539,1.5,21,False,False,89.0
2021-05-17,22,90,95,92,93,93,20,14.0,0.9,98,3.2,167.2,1,17,5,0.054054054,1.5,22,False,False,92.5
2021-05-17,23,89,93,91,73,87,23,14.0,1.1,98,3.4,167.2,1,17,5,0.066473988,1.5,23,False,False,86.5
2021-05-18,0,71,65,58,60,64,47,14.0,0.5,98,3.5,167.2,2,18,5,0.18503937,1.5,0,False,False,63.5
2021-05-18,1,85,96,97,93,93,554,14.1,0.5,98,0.0,167.2,2,18,5,1.493261456,1.5,1,False,False,92.75
2021-05-18,2,91,93,96,94,94,62,14.2,0.7,98,0.0,167.2,2,18,5,0.165775401,1.5,2,False,False,93.5
2021-05-18,3,74,91,90,96,88,5,14.0,1.0,98,0.1,167.2,2,18,5,0.014245014,1.5,3,False,False,87.75
2021-05-18,4,91,84,84,79,85,480,14.0,1.5,98,0.7,167.2,2,18,5,1.420118343,1.5,4,False,False,84.5
2021-05-18,5,67,62,88,105,81,2,13.9,1.4,98,0.8,167.2,2,18,5,0.00621118,1.5,5,False,False,80.5
2021-05-18,6,102,94,94,90,95,314,14.1,0.7,98,0.8,167.2,2,18,5,0.826315789,1.5,6,False,False,95.0
2021-05-18,7,94,100,134,130,115,1715,14.5,0.7,98,0.8,167.2,2,18,5,3.744541485,1.5,7,False,False,114.5
2021-05-18,8,160,172,167,179,170,1000,15.0,0.7,98,0.8,167.2,2,18,5,1.474926254,1.5,8,False,False,169.5
2021-05-18,9,166,169,172,175,171,598,15.4,1.1,98,0.9,167.2,2,18,5,0.876832845,1.0,9,False,False,170.5
2021-05-18,10,133,163,172,169,159,1594,16.0,1.0,98,1.0,167.2,2,18,5,2.502354788,1.0,10,False,False,159.25
2021-05-18,11,164,166,166,172,167,759,16.8,1.1,98,1.2,167.2,2,18,5,1.136227545,1.0,11,False,False,167.0
2021-05-18,12,101,81,83,130,99,204,17.4,1.5,95,1.2,167.2,2,18,5,0.516455696,1.0,12,False,False,98.75
2021-05-18,13,182,178,177,169,177,996,17.4,2.5,94,1.2,167.2,2,18,5,1.410764873,1.0,13,False,False,176.5
2021-05-18,14,159,166,169,173,167,1514,17.6,1.5,92,1.2,167.2,2,18,5,2.269865067,1.0,14,False,False,166.75
2021-05-18,15,126,174,179,170,162,6557,17.5,0.6,91,1.2,167.2,2,18,5,10.10323575,1.0,15,False,False,162.25
2021-05-18,16,163,156,145,150,154,1196,17.4,1.2,98,1.3,167.2,2,18,5,1.947882736,1.0,16,False,False,153.5
2021-05-18,17,102,89,142,138,118,1414,18.3,1.7,90,1.3,167.2,2,18,5,3.002123142,1.0,17,False,False,117.75
2021-05-18,18,146,147,144,145,146,1570,17.7,1.7,91,1.3,167.2,2,18,5,2.697594502,1.5,18,False,False,145.5
2021-05-18,19,154,154,146,122,144,2648,17.2,1.3,94,1.3,167.2,2,18,5,4.597222222,1.5,19,False,False,144.0
2021-05-18,20,108,118,119,115,115,11,17.1,1.3,97,1.3,167.2,2,18,5,0.023913043,1.5,20,False,False,115.0
2021-05-18,21,113,113,114,109,112,140,16.3,0.6,98,1.3,167.2,2,18,5,0.311804009,1.5,21,False,False,112.25
2021-05-18,22,92,94,107,106,100,5,16.1,0.9,98,1.3,167.2,2,18,5,0.012531328,1.5,22,False,False,99.75
2021-05-18,23,104,103,92,74,93,26,15.6,0.7,98,1.3,167.2,2,18,5,0.069705094,1.5,23,False,False,93.25
2021-05-19,0,68,62,61,57,62,0,15.2,0.5,98,1.3,167.2,3,19,5,0.0,1.5,0,False,False,62.0
2021-05-19,1,83,95,90,86,89,955,15.1,1.5,98,0.0,167.2,3,19,5,2.697740113,1.5,1,False,False,88.5
2021-05-19,2,89,100,97,100,97,24,15.2,1.6,98,0.0,167.2,3,19,5,0.062176166,1.5,2,False,False,96.5
2021-05-19,3,86,104,99,93,96,200,15.1,1.9,98,0.0,167.2,3,19,5,0.523560209,1.5,3,False,False,95.5
2021-05-19,4,96,93,101,85,94,30,15.0,1.2,98,0.0,167.2,3,19,5,0.08,1.5,4,False,False,93.75
2021-05-19,5,73,61,81,100,79,150,15.5,1.0,98,0.0,167.2,3,19,5,0.476190476,1.5,5,False,False,78.75
2021-05-19,6,108,98,91,81,95,10,15.9,2.2,98,0.0,167.2,3,19,5,0.026455026,1.5,6,False,False,94.5
2021-05-19,7,75,69,44,26,54,780,17.5,1.8,95,0.0,167.2,3,19,5,3.644859813,1.5,7,False,False,53.5
2021-05-19,8,20,20,20,23,21,841,19.4,1.6,78,0.0,167.2,3,19,5,10.13253012,1.5,8,False,False,20.75
2021-05-19,9,25,25,22,20,23,0,20.5,3.0,68,0.0,167.2,3,19,5,0.0,1.0,9,False,False,23.0
2021-05-19,10,21,21,21,21,21,0,23.2,1.9,58,0.0,167.2,3,19,5,0.0,1.0,10,False,False,21.0
2021-05-19,11,21,21,21,21,21,0,24.1,1.9,48,0.0,167.2,3,19,5,0.0,1.0,11,False,False,21.0
2021-05-19,12,20,21,22,25,22,0,25.7,1.3,45,0.0,167.2,3,19,5,0.0,1.0,12,False,False,22.0
2021-05-19,13,24,20,21,20,21,0,24.9,1.7,54,0.0,167.2,3,19,5,0.0,1.0,13,False,False,21.25
2021-05-19,14,20,20,20,20,20,0,25.1,2.0,49,0.0,167.2,3,19,5,0.0,1.0,14,False,False,20.0
2021-05-19,15,20,20,20,20,20,0,25.3,1.7,47,0.0,167.2,3,19,5,0.0,1.0,15,False,False,20.0
2021-05-19,16,21,25,24,21,23,0,25.1,1.4,47,0.0,167.2,3,19,5,0.0,1.0,16,False,False,22.75
2021-05-19,17,21,20,20,21,21,0,24.2,1.0,49,0.0,167.2,3,19,5,0.0,1.0,17,False,False,20.5
2021-05-19,18,20,21,21,21,21,0,23.4,1.3,56,0.0,167.2,3,19,5,0.0,1.5,18,False,False,20.75
2021-05-19,19,21,23,25,22,23,0,21.5,1.5,55,0.0,167.2,3,19,5,0.0,1.5,19,False,False,22.75
2021-05-19,20,21,20,20,21,21,0,19.6,0.6,71,0.0,167.2,3,19,5,0.0,1.5,20,False,False,20.5
2021-05-19,21,24,22,21,20,22,0,18.8,1.0,74,0.0,167.2,3,19,5,0.0,1.5,21,False,False,21.75
2021-05-19,22,21,21,25,26,23,0,18.2,0.4,75,0.0,167.2,3,19,5,0.0,1.5,22,False,False,23.25
2021-05-19,23,22,20,20,20,21,0,17.8,0.3,77,0.0,167.2,3,19,5,0.0,1.5,23,False,False,20.5
2021-05-20,0,20,20,20,20,20,0,17.9,0.9,77,0.0,167.2,4,20,5,0.0,1.5,0,False,False,20.0
2021-05-20,1,20,20,20,22,21,0,17.5,0.7,86,0.0,167.2,4,20,5,0.0,1.5,1,False,False,20.5
2021-05-20,2,25,22,20,20,22,0,17.4,1.4,80,0.0,167.2,4,20,5,0.0,1.5,2,False,False,21.75
2021-05-20,3,20,20,20,20,20,0,16.7,0.4,80,0.0,167.2,4,20,5,0.0,1.5,3,False,False,20.0
2021-05-20,4,20,20,20,20,20,0,17.0,0.8,78,0.0,167.2,4,20,5,0.0,1.5,4,False,False,20.0
2021-05-20,5,25,25,22,20,23,0,16.5,1.2,90,0.0,167.2,4,20,5,0.0,1.5,5,False,False,23.0
2021-05-20,6,20,20,20,21,20,0,16.4,0.6,89,0.0,167.2,4,20,5,0.0,1.5,6,False,False,20.25
2021-05-20,7,26,46,80,105,64,0,17.6,0.4,88,0.0,167.2,4,20,5,0.0,1.5,7,False,False,64.25
2021-05-20,8,157,173,176,174,170,174,17.8,1.3,90,0.0,167.2,4,20,5,0.255882353,1.5,8,False,False,170.0
2021-05-20,9,162,159,158,167,162,1145,17.1,0.8,95,1.4,167.2,4,20,5,1.77244582,1.0,9,False,False,161.5
2021-05-20,10,129,166,169,162,157,631,17.2,1.9,98,2.8,167.2,4,20,5,1.00798722,1.0,10,False,False,156.5
2021-05-20,11,170,168,178,171,172,1881,16.9,2.0,98,5.3,167.2,4,20,5,2.737991266,1.0,11,False,False,171.75
2021-05-20,12,115,87,90,130,106,124,16.6,2.6,98,8.4,167.2,4,20,5,0.293838863,1.0,12,False,False,105.5
2021-05-20,13,181,166,154,162,166,1467,16.5,2.1,98,15.1,167.2,4,20,5,2.212669683,1.0,13,False,False,165.75
2021-05-20,14,166,156,167,164,163,1175,16.0,2.9,97,15.4,167.2,4,20,5,1.799387443,1.0,14,False,False,163.25
2021-05-20,15,120,161,159,158,150,809,15.6,3.2,97,15.6,167.2,4,20,5,1.352842809,1.0,15,False,False,149.5
2021-05-20,16,139,156,155,159,152,2581,15.5,2.7,98,15.9,167.2,4,20,5,4.238095238,1.0,16,False,False,152.25
2021-05-20,17,104,86,102,110,101,977,15.9,2.1,98,16.1,167.2,4,20,5,2.430348259,1.0,17,False,False,100.5
2021-05-20,18,112,112,100,100,106,2010,16.2,2.0,98,16.3,167.2,4,20,5,4.740566038,1.5,18,False,False,106.0
2021-05-20,19,106,107,114,108,109,2901,16.2,1.2,98,16.3,167.2,4,20,5,6.668965517,1.5,19,False,False,108.75
2021-05-20,20,104,106,117,111,110,3,15.8,1.7,98,16.3,167.2,4,20,5,0.006849315,1.5,20,False,False,109.5
2021-05-20,21,107,105,101,99,103,2,15.5,1.3,98,16.3,167.2,4,20,5,0.004854369,1.5,21,False,False,103.0
2021-05-20,22,89,108,111,94,101,10,15.0,0.9,98,16.3,167.2,4,20,5,0.024875622,1.5,22,False,False,100.5
2021-05-20,23,103,102,98,68,93,0,14.9,0.7,98,16.5,167.2,4,20,5,0.0,1.5,23,False,False,92.75
2021-05-21,0,62,64,59,57,61,820,14.7,0.6,98,16.7,167.2,5,21,5,3.388429752,1.5,0,False,False,60.5
2021-05-21,1,91,100,93,92,94,219,14.7,0.8,98,0.0,167.2,5,21,5,0.582446809,1.5,1,False,False,94.0
2021-05-21,2,105,105,108,108,107,498,14.7,0.7,98,0.0,167.2,5,21,5,1.169014085,1.5,2,False,False,106.5
2021-05-21,3,84,107,100,100,98,393,14.9,0.1,98,0.1,167.2,5,21,5,1.00511509,1.5,3,False,False,97.75
2021-05-21,4,100,89,97,93,95,31,14.6,0.8,98,0.1,167.2,5,21,5,0.081794195,1.5,4,False,False,94.75
2021-05-21,5,77,67,89,95,82,344,14.7,1.4,98,0.1,167.2,5,21,5,1.048780488,1.5,5,False,False,82.0
2021-05-21,6,102,105,98,102,102,40,14.8,1.1,98,0.1,167.2,5,21,5,0.098280098,1.5,6,False,False,101.75
2021-05-21,7,100,114,135,135,121,1028,16.2,0.6,98,0.1,167.2,5,21,5,2.123966942,1.5,7,False,False,121.0
2021-05-21,8,144,160,155,154,153,935,17.9,1.2,88,0.1,167.2,5,21,5,1.525285481,1.5,8,False,False,153.25
2021-05-21,9,145,146,143,141,144,1816,18.4,2.9,74,0.1,167.2,5,21,5,3.15826087,1.0,9,False,False,143.75
2021-05-21,10,115,139,147,157,140,1580,20.2,3.0,64,0.1,167.2,5,21,5,2.831541219,1.0,10,False,False,139.5
2021-05-21,11,156,158,160,148,156,1787,20.6,2.4,63,0.1,167.2,5,21,5,2.872990354,1.0,11,False,False,155.5
2021-05-21,12,96,79,79,116,93,4406,20.2,2.2,63,0.1,167.2,5,21,5,11.90810811,1.0,12,False,False,92.5
2021-05-21,13,149,147,145,153,149,1126,20.9,2.7,58,0.1,167.2,5,21,5,1.895622896,1.0,13,False,False,148.5
2021-05-21,14,149,148,158,155,153,1679,20.3,2.6,61,0.1,167.2,5,21,5,2.752459016,1.0,14,False,False,152.5
2021-05-21,15,115,137,142,135,132,1636,20.5,1.3,63,0.1,167.2,5,21,5,3.092627599,1.0,15,False,False,132.25
2021-05-21,16,138,144,147,146,144,2311,17.2,2.2,88,0.1,167.2,5,21,5,4.019130435,1.0,16,False,False,143.75
2021-05-21,17,100,102,140,140,121,205,17.7,0.6,88,0.1,167.2,5,21,5,0.425311203,1.0,17,False,False,120.5
2021-05-21,18,126,126,134,140,132,775,17.8,2.0,74,0.1,167.2,5,21,5,1.47338403,1.5,18,False,False,131.5
2021-05-21,19,140,133,121,101,124,2344,17.5,1.5,74,0.1,167.2,5,21,5,4.735353535,1.5,19,False,False,123.75
2021-05-21,20,98,105,99,111,103,0,16.3,1.6,86,0.1,167.2,5,21,5,0.0,1.5,20,False,False,103.25
2021-05-21,21,109,99,109,104,105,117,16.3,1.3,86,0.1,167.2,5,21,5,0.277909739,1.5,21,False,False,105.25
2021-05-21,22,85,107,103,109,101,0,15.4,0.4,95,0.2,167.2,5,21,5,0.0,1.5,22,False,False,101.0
2021-05-21,23,106,102,98,66,93,426,15.1,1.1,98,0.3,167.2,5,21,5,1.14516129,1.5,23,False,False,93.0
2021-05-22,0,57,56,60,61,59,0,15.5,1.3,98,0.0,167.2,6,22,5,0.0,1.5,0,False,False,58.5
2021-05-22,1,91,104,105,103,101,0,15.1,1.5,98,0.0,167.2,6,22,5,0.0,1.5,1,False,False,100.75
2021-05-22,2,100,99,88,95,96,9,15.0,1.1,98,0.0,167.2,6,22,5,0.023560209,1.5,2,False,False,95.5
2021-05-22,3,83,104,104,103,99,510,14.5,1.5,93,0.0,167.2,6,22,5,1.294416244,1.5,3,False,False,98.5
2021-05-22,4,100,105,104,96,101,38,13.3,0.2,96,0.0,167.2,6,22,5,0.09382716,1.5,4,False,False,101.25
2021-05-22,5,72,62,95,107,84,0,14.4,2.7,93,0.0,167.2,6,22,5,0.0,1.5,5,False,False,84.0
2021-05-22,6,112,105,98,93,102,530,15.8,2.3,83,0.0,167.2,6,22,5,1.299019608,1.5,6,False,False,102.0
2021-05-22,7,82,72,43,28,56,1456,17.5,2.3,74,0.0,167.2,6,22,5,6.471111111,1.5,7,False,False,56.25
2021-05-22,8,21,20,20,20,20,0,19.2,1.4,66,0.0,167.2,6,22,5,0.0,1.5,8,False,False,20.25
2021-05-22,9,20,20,20,21,20,0,20.3,3.5,59,0.0,167.2,6,22,5,0.0,1.0,9,False,False,20.25
2021-05-22,10,21,21,25,24,23,0,22.1,2.3,58,0.0,167.2,6,22,5,0.0,1.0,10,False,False,22.75
2021-05-22,11,21,21,21,21,21,0,23.2,1.7,50,0.0,167.2,6,22,5,0.0,1.0,11,False,False,21.0
2021-05-22,12,20,21,20,20,20,0,23.1,1.9,54,0.0,167.2,6,22,5,0.0,1.0,12,False,False,20.25
2021-05-22,13,20,20,23,25,22,0,22.9,2.3,54,0.0,167.2,6,22,5,0.0,1.0,13,False,False,22.0
2021-05-22,14,22,20,20,21,21,0,22.8,1.9,59,0.0,167.2,6,22,5,0.0,1.0,14,False,False,20.75
2021-05-22,15,20,20,20,20,20,0,21.8,2.5,63,0.0,167.2,6,22,5,0.0,1.0,15,False,False,20.0
2021-05-22,16,20,20,21,23,21,0,22.3,1.8,60,0.0,167.2,6,22,5,0.0,1.0,16,False,False,21.0
2021-05-22,17,25,21,20,21,22,0,21.9,1.1,65,0.0,167.2,6,22,5,0.0,1.0,17,False,False,21.75
2021-05-22,18,20,20,20,20,20,0,20.3,0.4,72,0.0,167.2,6,22,5,0.0,1.5,18,False,False,20.0
2021-05-22,19,20,20,20,20,20,0,19.3,0.1,81,0.0,167.2,6,22,5,0.0,1.5,19,False,False,20.0
2021-05-22,20,24,24,21,21,23,0,21.9,1.5,64,0.0,167.2,6,22,5,0.0,1.5,20,False,False,22.5
2021-05-22,21,21,21,20,20,21,0,20.5,1.5,73,0.0,167.2,6,22,5,0.0,1.5,21,False,False,20.5
2021-05-22,22,20,20,20,20,20,0,20.7,2.2,72,0.0,167.2,6,22,5,0.0,1.5,22,False,False,20.0
2021-05-22,23,20,21,25,24,23,0,19.6,2.4,76,0.0,167.2,6,22,5,0.0,1.5,23,False,False,22.5
2021-05-23,0,21,21,21,21,21,0,19.0,1.5,77,0.0,167.2,7,23,5,0.0,1.5,0,False,False,21.0
2021-05-23,1,21,20,21,21,21,0,18.4,2.3,79,0.0,167.2,7,23,5,0.0,1.5,1,False,False,20.75
2021-05-23,2,21,21,23,25,23,0,18.6,2.2,75,0.0,167.2,7,23,5,0.0,1.5,2,False,False,22.5
2021-05-23,3,22,21,21,21,21,0,18.1,1.6,74,0.0,167.2,7,23,5,0.0,1.5,3,False,False,21.25
2021-05-23,4,21,21,21,21,21,0,17.2,1.5,76,0.0,167.2,7,23,5,0.0,1.5,4,False,False,21.0
2021-05-23,5,21,21,21,24,22,0,17.9,2.0,75,0.0,167.2,7,23,5,0.0,1.5,5,False,False,21.75
2021-05-23,6,25,22,21,21,22,0,19.4,2.4,70,0.0,167.2,7,23,5,0.0,1.5,6,False,False,22.25
2021-05-23,7,20,20,21,20,20,0,21.0,1.9,63,0.0,167.2,7,23,5,0.0,1.5,7,False,False,20.25
2021-05-23,8,20,20,20,21,20,0,23.4,1.5,58,0.0,167.2,7,23,5,0.0,1.5,8,False,False,20.25
2021-05-23,9,21,25,24,20,23,0,25.0,1.4,54,0.0,167.2,7,23,5,0.0,1.0,9,False,False,22.5
2021-05-23,10,20,20,20,20,20,0,25.8,1.5,53,0.0,167.2,7,23,5,0.0,1.0,10,False,False,20.0
2021-05-23,11,21,21,20,20,21,0,27.6,1.6,45,0.0,167.2,7,23,5,0.0,1.0,11,False,False,20.5
2021-05-23,12,21,22,25,24,23,0,26.6,1.6,50,0.0,167.2,7,23,5,0.0,1.0,12,False,False,23.0
2021-05-23,13,20,21,21,21,21,0,27.3,1.4,51,0.0,167.2,7,23,5,0.0,1.0,13,False,False,20.75
2021-05-23,14,20,20,20,21,20,0,29.0,2.1,35,0.0,167.2,7,23,5,0.0,1.0,14,False,False,20.25
2021-05-23,15,20,21,21,23,21,0,29.0,3.2,29,0.0,167.2,7,23,5,0.0,1.0,15,False,False,21.25
2021-05-23,16,25,21,21,21,22,0,28.0,3.3,31,0.0,167.2,7,23,5,0.0,1.0,16,False,False,22.0
2021-05-23,17,20,20,20,20,20,0,27.0,3.1,37,0.0,167.2,7,23,5,0.0,1.0,17,False,False,20.0
2021-05-23,18,21,20,20,23,21,0,26.1,2.5,45,0.0,167.2,7,23,5,0.0,1.5,18,False,False,21.0
2021-05-23,19,25,21,20,20,22,0,24.7,1.1,54,0.0,167.2,7,23,5,0.0,1.5,19,False,False,21.5
2021-05-23,20,20,20,20,20,20,0,23.2,0.6,64,0.0,167.2,7,23,5,0.0,1.5,20,False,False,20.0
2021-05-23,21,21,20,21,21,21,0,23.0,1.2,62,0.0,167.2,7,23,5,0.0,1.5,21,False,False,20.75
2021-05-23,22,25,24,21,21,23,0,23.3,2.1,57,0.0,167.2,7,23,5,0.0,1.5,22,False,False,22.75
2021-05-23,23,21,20,20,21,21,0,22.5,2.1,57,0.0,167.2,7,23,5,0.0,1.5,23,False,False,20.5
2021-05-24,0,21,20,20,20,20,0,22.3,1.0,52,0.0,167.2,1,24,5,0.0,1.5,0,False,False,20.25
2021-05-24,1,23,25,22,20,23,0,21.6,1.2,55,0.0,167.2,1,24,5,0.0,1.5,1,False,False,22.5
2021-05-24,2,20,20,20,21,20,0,20.4,0.6,67,0.0,167.2,1,24,5,0.0,1.5,2,False,False,20.25
2021-05-24,3,21,20,20,20,20,0,19.6,0.4,79,0.0,167.2,1,24,5,0.0,1.5,3,False,False,20.25
2021-05-24,4,21,23,25,22,23,0,19.9,0.8,74,0.0,167.2,1,24,5,0.0,1.5,4,False,False,22.75
2021-05-24,5,20,20,20,20,20,0,20.7,1.3,62,0.0,167.2,1,24,5,0.0,1.5,5,False,False,20.0
2021-05-24,6,20,20,20,20,20,0,19.3,0.3,77,0.0,167.2,1,24,5,0.0,1.5,6,False,False,20.0
2021-05-24,7,26,31,58,101,54,0,18.3,1.2,86,0.3,167.2,1,24,5,0.0,1.5,7,False,False,54.0
2021-05-24,8,146,152,172,171,160,321,18.1,1.3,87,0.7,167.2,1,24,5,0.500780031,1.5,8,False,False,160.25
2021-05-24,9,167,157,165,162,163,751,18.0,1.1,91,0.9,167.2,1,24,5,1.153609831,1.0,9,False,False,162.75
2021-05-24,10,132,162,165,159,155,290,18.5,0.3,86,0.9,167.2,1,24,5,0.469255663,1.0,10,False,False,154.5
2021-05-24,11,168,158,163,168,164,2479,19.3,1.4,83,0.9,167.2,1,24,5,3.773211568,1.0,11,False,False,164.25
2021-05-24,12,114,89,89,123,104,98,21.1,1.1,67,0.9,167.2,1,24,5,0.236144578,1.0,12,False,False,103.75
2021-05-24,13,147,159,160,152,155,1982,23.4,1.7,60,0.9,167.2,1,24,5,3.207119741,1.0,13,False,False,154.5
2021-05-24,14,153,159,160,164,159,1083,22.4,2.8,59,0.9,167.2,1,24,5,1.702830189,1.0,14,False,False,159.0
2021-05-24,15,132,165,162,157,154,1428,21.6,2.7,65,0.9,167.2,1,24,5,2.318181818,1.0,15,False,False,154.0
2021-05-24,16,152,144,141,150,147,970,20.8,1.8,72,0.9,167.2,1,24,5,1.652470187,1.0,16,False,False,146.75
2021-05-24,17,106,99,147,163,129,1942,19.3,1.3,75,0.9,167.2,1,24,5,3.770873786,1.0,17,False,False,128.75
2021-05-24,18,152,147,148,140,147,1279,19.0,0.8,82,0.9,167.2,1,24,5,2.178875639,1.5,18,False,False,146.75
2021-05-24,19,131,146,134,110,130,3527,17.9,0.9,88,0.9,167.2,1,24,5,6.769673704,1.5,19,False,False,130.25
2021-05-24,20,102,108,110,104,106,1,18.1,1.5,85,0.9,167.2,1,24,5,0.002358491,1.5,20,False,False,106.0
2021-05-24,21,106,109,107,103,106,384,18.9,2.5,78,0.9,167.2,1,24,5,0.903529412,1.5,21,False,False,106.25
2021-05-24,22,82,112,109,115,105,50,18.9,2.6,62,0.9,167.2,1,24,5,0.119617225,1.5,22,False,False,104.5
2021-05-24,23,112,104,99,77,98,0,18.3,2.7,48,0.9,167.2,1,24,5,0.0,1.5,23,False,False,98.0
2021-05-25,0,62,58,56,57,58,636,18.7,2.3,39,0.0,167.2,2,25,5,2.729613734,1.5,0,False,False,58.25
2021-05-25,1,82,106,104,104,99,258,18.3,2.3,34,0.0,167.2,2,25,5,0.651515152,1.5,1,False,False,99.0
2021-05-25,2,98,107,104,95,101,206,18.0,2.0,36,0.0,167.2,2,25,5,0.50990099,1.5,2,False,False,101.0
2021-05-25,3,81,104,103,103,98,112,17.5,2.2,39,0.0,167.2,2,25,5,0.286445013,1.5,3,False,False,97.75
2021-05-25,4,91,106,111,107,104,133,13.9,0.3,58,0.0,167.2,2,25,5,0.320481928,1.5,4,False,False,103.75
2021-05-25,5,80,69,97,110,89,0,14.8,0.8,58,0.0,167.2,2,25,5,0.0,1.5,5,False,False,89.0
2021-05-25,6,112,108,102,103,106,281,15.0,0.9,64,0.0,167.2,2,25,5,0.661176471,1.5,6,False,False,106.25
2021-05-25,7,104,108,137,140,122,1788,16.1,1.2,66,0.0,167.2,2,25,5,3.656441718,1.5,7,False,False,122.25
2021-05-25,8,162,174,164,153,163,531,17.3,0.6,60,0.0,167.2,2,25,5,0.813169985,1.5,8,False,False,163.25
2021-05-25,9,163,143,152,152,153,696,19.7,1.3,55,0.0,167.2,2,25,5,1.140983607,1.0,9,False,False,152.5
2021-05-25,10,125,173,172,172,161,272,20.8,4.4,39,0.3,167.2,2,25,5,0.423676012,1.0,10,False,False,160.5
2021-05-25,11,165,161,155,143,156,1617,22.9,4.3,44,0.3,167.2,2,25,5,2.591346154,1.0,11,False,False,156.0
2021-05-25,12,102,77,77,110,92,34,23.4,4.3,39,0.0,167.2,2,25,5,0.092896175,1.0,12,False,False,91.5
2021-05-25,13,145,146,154,158,151,1870,23.9,3.9,33,0.0,167.2,2,25,5,3.101160862,1.0,13,False,False,150.75
2021-05-25,14,156,167,163,158,161,986,23.2,4.3,34,0.0,167.2,2,25,5,1.531055901,1.0,14,False,False,161.0
2021-05-25,15,123,151,161,156,148,1093,23.8,4.2,30,0.0,167.2,2,25,5,1.849407783,1.0,15,False,False,147.75
2021-05-25,16,155,155,152,142,151,3956,23.3,3.4,26,0.0,167.2,2,25,5,6.549668874,1.0,16,False,False,151.0
2021-05-25,17,107,85,120,134,112,608,22.7,3.1,25,0.0,167.2,2,25,5,1.3632287,1.0,17,False,False,111.5
2021-05-25,18,130,146,138,148,141,1607,20.6,1.4,29,0.0,167.2,2,25,5,2.859430605,1.5,18,False,False,140.5
2021-05-25,19,138,139,131,113,130,4666,19.1,2.2,30,0.0,167.2,2,25,5,8.955854127,1.5,19,False,False,130.25
2021-05-25,20,106,108,127,136,119,21,17.3,2.1,36,0.0,167.2,2,25,5,0.044025157,1.5,20,False,False,119.25
2021-05-25,21,122,124,117,113,119,227,16.0,1.3,38,0.0,167.2,2,25,5,0.476890756,1.5,21,False,False,119.0
2021-05-25,22,85,118,113,108,106,271,14.6,1.3,42,0.0,167.2,2,25,5,0.639150943,1.5,22,False,False,106.0
2021-05-25,23,117,113,94,77,100,152,15.4,2.4,41,0.0,167.2,2,25,5,0.379052369,1.5,23,False,False,100.25
2021-05-26,0,62,57,57,57,58,140,14.8,1.9,41,0.0,167.2,3,26,5,0.600858369,1.5,0,False,False,58.25
2021-05-26,1,85,100,104,103,98,159,13.1,1.2,51,0.0,167.2,3,26,5,0.405612245,1.5,1,False,False,98.0
2021-05-26,2,102,105,95,103,101,268,12.3,0.6,61,0.0,167.2,3,26,5,0.661728395,1.5,2,False,False,101.25
2021-05-26,3,93,105,106,106,103,228,13.2,0.9,50,0.0,167.2,3,26,5,0.556097561,1.5,3,False,False,102.5
2021-05-26,4,104,88,103,103,100,78,13.5,1.3,47,0.0,167.2,3,26,5,0.195979899,1.5,4,False,False,99.5
2021-05-26,5,87,68,101,119,94,123,13.2,0.2,53,0.0,167.2,3,26,5,0.328,1.5,5,False,False,93.75
2021-05-26,6,103,96,102,100,100,554,13.9,0.9,54,0.0,167.2,3,26,5,1.381546135,1.5,6,False,False,100.25
2021-05-26,7,100,111,140,131,121,1505,14.8,3.1,51,0.0,167.2,3,26,5,3.122406639,1.5,7,False,False,120.5
2021-05-26,8,141,156,158,165,155,1027,17.3,1.1,53,0.0,167.2,3,26,5,1.656451613,1.5,8,False,False,155.0
2021-05-26,9,148,159,160,147,154,824,19.2,1.6,37,0.0,167.2,3,26,5,1.342019544,1.0,9,False,False,153.5
2021-05-26,10,115,148,159,164,147,2179,21.2,1.3,34,0.0,167.2,3,26,5,3.718430034,1.0,10,False,False,146.5
2021-05-26,11,149,151,166,160,157,608,22.1,2.1,33,0.0,167.2,3,26,5,0.971246006,1.0,11,False,False,156.5
2021-05-26,12,96,74,75,118,91,12,22.6,2.2,39,0.0,167.2,3,26,5,0.033057851,1.0,12,False,False,90.75
2021-05-26,13,161,166,159,140,157,2094,23.2,1.8,43,0.0,167.2,3,26,5,3.345047923,1.0,13,False,False,156.5
2021-05-26,14,151,163,163,151,157,2331,23.1,2.6,39,0.0,167.2,3,26,5,3.711783439,1.0,14,False,False,157.0
2021-05-26,15,123,145,150,160,145,1622,22.4,3.5,30,0.0,167.2,3,26,5,2.806228374,1.0,15,False,False,144.5
2021-05-26,16,144,133,136,134,137,1630,22.0,3.3,27,0.0,167.2,3,26,5,2.979890311,1.0,16,False,False,136.75
2021-05-26,17,102,93,124,148,117,135,21.6,2.9,28,0.0,167.2,3,26,5,0.289079229,1.0,17,False,False,116.75
2021-05-26,18,143,130,132,127,133,1712,20.8,4.4,29,0.0,167.2,3,26,5,3.218045113,1.5,18,False,False,133.0
2021-05-26,19,132,128,137,126,131,2100,20.0,4.0,29,0.0,167.2,3,26,5,4.015296367,1.5,19,False,False,130.75
2021-05-26,20,119,118,110,113,115,8,19.6,2.9,42,0.0,167.2,3,26,5,0.017391304,1.5,20,False,False,115.0
2021-05-26,21,100,107,103,106,104,226,19.3,3.4,52,0.0,167.2,3,26,5,0.543269231,1.5,21,False,False,104.0
2021-05-26,22,91,102,97,97,97,381,18.5,3.5,66,0.0,167.2,3,26,5,0.984496124,1.5,22,False,False,96.75
2021-05-26,23,96,103,107,85,98,0,16.8,3.8,71,0.0,167.2,3,26,5,0.0,1.5,23,False,False,97.75
2021-05-27,0,68,61,59,58,62,209,16.6,3.5,72,0.0,167.2,4,27,5,0.849593496,1.5,0,False,False,61.5
2021-05-27,1,86,92,102,101,95,119,15.9,3.3,80,0.0,167.2,4,27,5,0.312335958,1.5,1,False,False,95.25
2021-05-27,2,105,100,90,107,101,142,15.7,2.8,82,0.0,167.2,4,27,5,0.353233831,1.5,2,False,False,100.5
2021-05-27,3,87,102,93,94,94,213,15.3,2.5,85,0.0,167.2,4,27,5,0.566489362,1.5,3,False,False,94.0
2021-05-27,4,95,94,102,105,99,176,15.0,1.2,90,0.0,167.2,4,27,5,0.444444444,1.5,4,False,False,99.0
2021-05-27,5,79,69,94,101,86,116,15.0,0.9,91,0.0,167.2,4,27,5,0.33819242,1.5,5,False,False,85.75
2021-05-27,6,105,104,89,84,96,357,15.2,0.3,90,0.0,167.2,4,27,5,0.934554974,1.5,6,False,False,95.5
2021-05-27,7,100,115,140,149,126,2019,15.9,0.6,87,0.0,167.2,4,27,5,4.005952381,1.5,7,False,False,126.0
2021-05-27,8,145,176,121,166,152,427,16.4,1.5,85,0.0,167.2,4,27,5,0.702302632,1.5,8,False,False,152.0
2021-05-27,9,167,156,166,165,164,2079,17.6,1.5,83,0.0,167.2,4,27,5,3.178899083,1.0,9,False,False,163.5
2021-05-27,10,116,155,156,165,148,4955,18.7,3.3,74,0.0,167.2,4,27,5,8.369932432,1.0,10,False,False,148.0
2021-05-27,11,165,162,163,168,165,1339,21.1,3.4,68,0.0,167.2,4,27,5,2.034954407,1.0,11,False,False,164.5
2021-05-27,12,99,74,75,111,90,156,20.8,4.0,67,0.0,167.2,4,27,5,0.43454039,1.0,12,False,False,89.75
2021-05-27,13,164,164,165,161,164,811,22.1,4.5,59,0.0,167.2,4,27,5,1.240061162,1.0,13,False,False,163.5
2021-05-27,14,143,144,163,158,152,2083,23.4,3.8,55,0.0,167.2,4,27,5,3.425986842,1.0,14,False,False,152.0
2021-05-27,15,131,152,148,144,144,906,23.8,4.1,52,0.0,167.2,4,27,5,1.575652174,1.0,15,False,False,143.75
2021-05-27,16,144,138,149,144,144,1851,23.7,4.1,51,0.0,167.2,4,27,5,3.219130435,1.0,16,False,False,143.75
2021-05-27,17,104,85,124,142,114,113,24.0,2.5,49,0.0,167.2,4,27,5,0.248351648,1.0,17,False,False,113.75
2021-05-27,18,140,137,116,103,124,1428,22.7,2.0,50,0.0,167.2,4,27,5,2.879032258,1.5,18,False,False,124.0
2021-05-27,19,101,91,95,109,99,374,20.8,1.8,57,0.0,167.2,4,27,5,0.944444444,1.5,19,False,False,99.0
2021-05-27,20,107,116,123,127,118,0,20.0,1.1,57,0.0,167.2,4,27,5,0.0,1.5,20,False,False,118.25
2021-05-27,21,117,114,106,115,113,30,18.8,1.7,63,0.0,167.2,4,27,5,0.066371681,1.5,21,False,False,113.0
2021-05-27,22,98,109,102,97,102,81,18.2,1.6,59,0.0,167.2,4,27,5,0.199507389,1.5,22,False,False,101.5
2021-05-27,23,99,107,107,76,97,633,17.1,1.5,63,0.0,167.2,4,27,5,1.627249357,1.5,23,False,False,97.25
2021-05-28,0,63,61,59,59,61,160,15.3,0.6,69,0.0,167.2,5,28,5,0.661157025,1.5,0,False,False,60.5
2021-05-28,1,85,98,107,109,100,108,14.1,1.0,73,0.0,167.2,5,28,5,0.270676692,1.5,1,False,False,99.75
2021-05-28,2,103,101,103,100,102,220,13.5,1.0,77,0.0,167.2,5,28,5,0.540540541,1.5,2,False,False,101.75
2021-05-28,3,83,97,101,113,99,93,13.2,0.8,77,0.0,167.2,5,28,5,0.236040609,1.5,3,False,False,98.5
2021-05-28,4,109,103,101,105,105,128,13.2,1.6,78,0.0,167.2,5,28,5,0.306220096,1.5,4,False,False,104.5
2021-05-28,5,81,71,100,114,92,27,14.2,1.5,77,0.0,167.2,5,28,5,0.073770492,1.5,5,False,False,91.5
2021-05-28,6,107,107,114,107,109,51,16.2,0.8,73,0.0,167.2,5,28,5,0.117241379,1.5,6,False,False,108.75
2021-05-28,7,98,100,134,128,115,2813,17.9,1.4,58,0.0,167.2,5,28,5,6.115217391,1.5,7,False,False,115.0
2021-05-28,8,151,175,166,164,164,100,20.8,2.0,50,0.0,167.2,5,28,5,0.152439024,1.5,8,False,False,164.0
2021-05-28,9,157,153,160,168,160,1462,23.6,4.6,35,0.0,167.2,5,28,5,2.29153605,1.0,9,False,False,159.5
2021-05-28,10,122,156,166,159,151,661,23.9,6.4,41,0.0,167.2,5,28,5,1.096185738,1.0,10,False,False,150.75
2021-05-28,11,160,172,169,168,167,1637,24.0,6.1,50,0.0,167.2,5,28,5,2.446935725,1.0,11,False,False,167.25
2021-05-28,12,107,83,83,118,98,498,25.5,4.2,50,0.0,167.2,5,28,5,1.273657289,1.0,12,False,False,97.75
2021-05-28,13,157,168,167,157,162,912,25.1,5.5,47,0.0,167.2,5,28,5,1.405238829,1.0,13,False,False,162.25
2021-05-28,14,151,150,150,152,151,170,23.2,5.4,58,0.0,167.2,5,28,5,0.281923715,1.0,14,False,False,150.75
2021-05-28,15,119,148,152,141,140,1078,14.4,3.7,84,3.6,167.2,5,28,5,1.925,1.0,15,False,False,140.0
2021-05-28,16,131,133,137,145,137,5505,13.6,1.0,98,28.9,167.2,5,28,5,10.08241758,1.0,16,False,False,136.5
2021-05-28,17,99,96,147,158,125,300,15.2,1.6,98,31.2,167.2,5,28,5,0.6,1.0,17,False,False,125.0
2021-05-28,18,157,155,146,134,148,1060,15.1,0.9,98,31.2,167.2,5,28,5,1.790540541,1.5,18,False,False,148.0
2021-05-28,19,122,123,114,108,117,1090,14.7,1.0,98,31.2,167.2,5,28,5,2.334047109,1.5,19,False,False,116.75
2021-05-28,20,96,105,107,112,105,80,14.7,1.4,98,31.2,167.2,5,28,5,0.19047619,1.5,20,False,False,105.0
2021-05-28,21,108,116,113,108,111,61,14.4,0.4,98,31.2,167.2,5,28,5,0.137078652,1.5,21,False,False,111.25
2021-05-28,22,89,111,107,104,103,617,13.9,0.1,98,31.2,167.2,5,28,5,1.501216545,1.5,22,False,False,102.75
2021-05-28,23,100,97,98,83,95,42,14.2,0.1,98,31.2,167.2,5,28,5,0.111111111,1.5,23,False,False,94.5
2021-05-29,0,67,62,59,57,61,32,13.2,0.7,98,0.0,167.2,6,29,5,0.130612245,1.5,0,False,False,61.25
2021-05-29,1,90,100,98,107,99,578,13.4,1.5,98,0.0,167.2,6,29,5,1.463291139,1.5,1,False,False,98.75
2021-05-29,2,103,90,92,95,95,111,13.1,0.1,98,0.0,167.2,6,29,5,0.292105263,1.5,2,False,False,95.0
2021-05-29,3,84,105,97,96,96,216,13.4,1.0,98,0.0,167.2,6,29,5,0.565445026,1.5,3,False,False,95.5
2021-05-29,4,106,104,96,100,102,230,12.1,0.0,98,0.0,167.2,6,29,5,0.566502463,1.5,4,False,False,101.5
2021-05-29,5,86,72,93,101,88,6,13.0,0.7,98,0.0,167.2,6,29,5,0.017045455,1.5,5,False,False,88.0
2021-05-29,6,105,103,100,90,100,368,15.1,0.7,95,0.0,167.2,6,29,5,0.924623116,1.5,6,False,False,99.5
2021-05-29,7,84,83,60,31,65,1530,17.5,1.4,66,0.0,167.2,6,29,5,5.930232558,1.5,7,False,False,64.5
2021-05-29,8,26,25,21,21,23,0,18.4,1.8,62,0.0,167.2,6,29,5,0.0,1.5,8,False,False,23.25
2021-05-29,9,21,21,21,21,21,0,20.4,2.7,50,0.0,167.2,6,29,5,0.0,1.0,9,False,False,21.0
2021-05-29,10,21,21,21,21,21,0,21.5,3.8,46,0.0,167.2,6,29,5,0.0,1.0,10,False,False,21.0
2021-05-29,11,21,25,26,21,23,0,23.1,3.1,42,0.0,167.2,6,29,5,0.0,1.0,11,False,False,23.25
2021-05-29,12,21,21,21,21,21,0,23.9,2.0,38,0.0,167.2,6,29,5,0.0,1.0,12,False,False,21.0
2021-05-29,13,21,20,20,21,21,0,25.1,2.6,34,0.0,167.2,6,29,5,0.0,1.0,13,False,False,20.5
2021-05-29,14,21,21,22,26,23,0,25.5,3.6,32,0.0,167.2,6,29,5,0.0,1.0,14,False,False,22.5
2021-05-29,15,23,21,21,21,22,0,24.9,2.8,32,0.0,167.2,6,29,5,0.0,1.0,15,False,False,21.5
2021-05-29,16,21,21,20,20,21,0,24.0,1.2,46,0.0,167.2,6,29,5,0.0,1.0,16,False,False,20.5
2021-05-29,17,21,21,21,24,22,0,22.6,0.7,48,0.0,167.2,6,29,5,0.0,1.0,17,False,False,21.75
2021-05-29,18,26,23,21,21,23,0,21.8,1.2,56,0.0,167.2,6,29,5,0.0,1.5,18,False,False,22.75
2021-05-29,19,21,21,21,21,21,0,21.6,2.2,55,0.0,167.2,6,29,5,0.0,1.5,19,False,False,21.0
2021-05-29,20,21,21,21,21,21,0,20.8,1.8,56,0.0,167.2,6,29,5,0.0,1.5,20,False,False,21.0
2021-05-29,21,21,25,26,21,23,0,19.7,1.8,61,0.0,167.2,6,29,5,0.0,1.5,21,False,False,23.25
2021-05-29,22,21,21,22,21,21,0,19.0,2.0,64,0.0,167.2,6,29,5,0.0,1.5,22,False,False,21.25
2021-05-29,23,21,21,21,21,21,0,17.6,1.9,72,0.0,167.2,6,29,5,0.0,1.5,23,False,False,21.0
2021-05-30,0,22,22,26,26,24,0,16.9,1.8,74,0.0,167.2,7,30,5,0.0,1.5,0,False,False,24.0
2021-05-30,1,21,21,21,22,21,0,16.0,1.4,77,0.0,167.2,7,30,5,0.0,1.5,1,False,False,21.25
2021-05-30,2,21,21,21,22,21,0,16.4,1.3,73,0.0,167.2,7,30,5,0.0,1.5,2,False,False,21.25
2021-05-30,3,22,22,22,24,23,0,15.8,1.6,75,0.0,167.2,7,30,5,0.0,1.5,3,False,False,22.5
2021-05-30,4,26,24,22,21,23,0,15.2,1.6,77,0.0,167.2,7,30,5,0.0,1.5,4,False,False,23.25
2021-05-30,5,21,21,21,22,21,0,15.7,1.5,79,0.0,167.2,7,30,5,0.0,1.5,5,False,False,21.25
2021-05-30,6,22,21,21,21,21,0,17.3,0.4,75,0.0,167.2,7,30,5,0.0,1.5,6,False,False,21.25
2021-05-30,7,21,26,26,22,24,0,19.2,1.4,63,0.0,167.2,7,30,5,0.0,1.5,7,False,False,23.75
2021-05-30,8,21,21,21,21,21,0,21.6,1.2,53,0.0,167.2,7,30,5,0.0,1.5,8,False,False,21.0
2021-05-30,9,21,21,21,21,21,0,23.5,1.1,47,0.0,167.2,7,30,5,0.0,1.0,9,False,False,21.0
2021-05-30,10,21,21,22,26,23,0,22.8,2.3,52,0.0,167.2,7,30,5,0.0,1.0,10,False,False,22.5
2021-05-30,11,25,21,21,21,22,0,23.3,2.2,47,0.0,167.2,7,30,5,0.0,1.0,11,False,False,22.0
2021-05-30,12,21,21,21,21,21,0,23.8,2.0,47,0.0,167.2,7,30,5,0.0,1.0,12,False,False,21.0
2021-05-30,13,21,21,21,21,21,0,22.5,3.5,45,0.0,167.2,7,30,5,0.0,1.0,13,False,False,21.0
2021-05-30,14,24,25,21,21,23,0,22.0,3.4,46,0.0,167.2,7,30,5,0.0,1.0,14,False,False,22.75
2021-05-30,15,21,21,21,21,21,0,22.8,1.8,51,0.0,167.2,7,30,5,0.0,1.0,15,False,False,21.0
2021-05-30,16,21,21,21,21,21,0,21.2,1.8,54,0.0,167.2,7,30,5,0.0,1.0,16,False,False,21.0
2021-05-30,17,24,26,22,21,23,0,20.7,1.4,60,0.0,167.2,7,30,5,0.0,1.0,17,False,False,23.25
2021-05-30,18,21,21,21,21,21,0,19.3,2.1,67,0.0,167.2,7,30,5,0.0,1.5,18,False,False,21.0
2021-05-30,19,21,21,21,21,21,0,17.9,0.2,80,0.0,167.2,7,30,5,0.0,1.5,19,False,False,21.0
2021-05-30,20,22,26,24,21,23,0,17.6,0.6,84,0.0,167.2,7,30,5,0.0,1.5,20,False,False,23.25
2021-05-30,21,21,21,21,22,21,0,17.3,0.8,85,0.0,167.2,7,30,5,0.0,1.5,21,False,False,21.25
2021-05-30,22,21,21,21,21,21,0,17.0,0.7,88,0.0,167.2,7,30,5,0.0,1.5,22,False,False,21.0
2021-05-30,23,21,24,26,25,24,0,16.0,0.3,93,0.0,167.2,7,30,5,0.0,1.5,23,False,False,24.0
2021-05-31,0,21,21,21,21,21,0,15.5,0.6,95,0.0,167.2,1,31,5,0.0,1.5,0,False,False,21.0
2021-05-31,1,21,21,21,21,21,0,15.3,0.0,98,0.0,167.2,1,31,5,0.0,1.5,1,False,False,21.0
2021-05-31,2,21,21,21,22,21,0,15.2,0.3,98,0.0,167.2,1,31,5,0.0,1.5,2,False,False,21.25
2021-05-31,3,26,24,21,22,23,0,15.5,1.6,98,0.0,167.2,1,31,5,0.0,1.5,3,False,False,23.25
2021-05-31,4,21,21,21,21,21,0,15.8,1.1,98,0.0,167.2,1,31,5,0.0,1.5,4,False,False,21.0
2021-05-31,5,21,21,20,21,21,0,16.1,1.3,98,0.2,167.2,1,31,5,0.0,1.5,5,False,False,20.75
2021-05-31,6,22,26,25,21,24,0,15.8,0.9,98,0.6,167.2,1,31,5,0.0,1.5,6,False,False,23.5
2021-05-31,7,22,35,56,83,49,0,15.6,2.3,98,0.6,167.2,1,31,5,0.0,1.5,7,False,False,49.0
2021-05-31,8,145,153,169,171,160,697,17.4,1.7,95,0.6,167.2,1,31,5,1.092476489,1.5,8,False,False,159.5
2021-05-31,9,168,170,171,168,169,901,21.5,0.6,61,0.6,167.2,1,31,5,1.330871492,1.0,9,False,False,169.25
2021-05-31,10,134,172,169,164,160,1373,22.1,1.8,62,0.6,167.2,1,31,5,2.148669797,1.0,10,False,False,159.75
2021-05-31,11,167,165,167,170,167,1278,24.4,2.1,47,0.6,167.2,1,31,5,1.910313901,1.0,11,False,False,167.25
2021-05-31,12,115,93,88,119,104,246,23.8,2.0,48,0.6,167.2,1,31,5,0.592771084,1.0,12,False,False,103.75
2021-05-31,13,157,164,157,159,159,647,24.7,2.0,48,0.6,167.2,1,31,5,1.015698587,1.0,13,False,False,159.25
2021-05-31,14,156,148,161,157,156,806,23.3,2.9,52,0.6,167.2,1,31,5,1.295819936,1.0,14,False,False,155.5
2021-05-31,15,119,145,151,154,142,2767,23.2,2.7,59,0.6,167.2,1,31,5,4.862917399,1.0,15,False,False,142.25
2021-05-31,16,146,141,149,150,147,2857,21.5,3.2,51,0.6,167.2,1,31,5,4.875426621,1.0,16,False,False,146.5
2021-05-31,17,111,93,135,162,125,705,20.8,1.8,55,0.6,167.2,1,31,5,1.407185629,1.0,17,False,False,125.25
2021-05-31,18,168,159,145,154,157,1370,19.9,2.8,73,0.6,167.2,1,31,5,2.188498403,1.5,18,False,False,156.5
2021-05-31,19,150,150,158,124,146,3082,18.7,1.6,86,0.6,167.2,1,31,5,5.295532646,1.5,19,False,False,145.5
2021-05-31,20,114,113,118,107,113,186,18.0,1.0,76,0.6,167.2,1,31,5,0.411504425,1.5,20,False,False,113.0
2021-05-31,21,102,114,121,116,113,130,17.1,0.4,78,0.6,167.2,1,31,5,0.286975717,1.5,21,False,False,113.25
2021-05-31,22,98,102,103,107,103,77,17.0,0.5,89,0.6,167.2,1,31,5,0.187804878,1.5,22,False,False,102.5
2021-05-31,23,109,110,105,71,99,154,16.6,0.6,95,0.6,167.2,1,31,5,0.389873418,1.5,23,False,False,98.75
2021-06-01,0,62,61,61,61,61,457,15.8,0.6,96,0.0,191.6,2,1,6,1.865306122,1.5,0,False,False,61.25
2021-06-01,1,89,94,106,105,99,80,15.3,0.63,98,0.0,191.6,2,1,6,0.203045685,1.5,1,False,False,98.5
2021-06-01,2,102,99,107,106,104,135,15.2,0.67,96,0.0,191.6,2,1,6,0.326086957,1.5,2,False,False,103.5
2021-06-01,3,98,104,101,107,103,51,14.4,0.7,97,0.0,191.6,2,1,6,0.124390244,1.5,3,False,False,102.5
2021-06-01,4,107,106,106,100,105,138,14.5,1.5,98,0.0,191.6,2,1,6,0.329355609,1.5,4,False,False,104.75
2021-06-01,5,84,78,93,103,90,64,14.8,1.3,98,0.0,191.6,2,1,6,0.17877095,1.5,5,False,False,89.5
2021-06-01,6,116,106,106,106,109,48,16.8,1.2,93,0.0,191.6,2,1,6,0.110599078,1.5,6,False,False,108.5
2021-06-01,7,101,109,139,139,122,1235,19.1,0.6,68,0.0,191.6,2,1,6,2.530737705,1.5,7,False,False,122.0
2021-06-01,8,165,178,179,195,179,1518,21.8,1.0,54,0.0,191.6,2,1,6,2.117154812,1.5,8,False,False,179.25
2021-06-01,9,175,167,168,182,173,966,22.3,0.9,48,0.0,191.6,2,1,6,1.395953757,1.0,9,False,False,173.0
2021-06-01,10,134,183,178,187,171,715,24.4,1.7,40,0.0,191.6,2,1,6,1.048387097,1.0,10,False,False,170.5
2021-06-01,11,184,180,177,156,174,330,24.4,2.3,38,0.0,191.6,2,1,6,0.473457676,1.0,11,False,False,174.25
2021-06-01,12,93,80,80,121,94,554,24.5,1.6,39,0.0,191.6,2,1,6,1.481283422,1.0,12,False,False,93.5
2021-06-01,13,163,175,177,163,170,476,25.0,2.2,38,0.0,191.6,2,1,6,0.702064897,1.0,13,False,False,169.5
2021-06-01,14,167,167,163,161,165,2349,25.2,2.0,37,0.0,191.6,2,1,6,3.569908815,1.0,14,False,False,164.5
2021-06-01,15,130,156,159,162,152,1584,24.9,1.8,37,0.0,191.6,2,1,6,2.609555189,1.0,15,False,False,151.75
2021-06-01,16,167,151,161,169,162,1645,23.1,1.9,43,0.0,191.6,2,1,6,2.538580247,1.0,16,False,False,162.0
2021-06-01,17,107,95,137,155,124,438,22.1,1.4,49,0.0,191.6,2,1,6,0.886639676,1.0,17,False,False,123.5
2021-06-01,18,161,139,143,143,147,1643,21.6,0.5,54,0.0,191.6,2,1,6,2.803754266,1.5,18,False,False,146.5
2021-06-01,19,140,141,158,135,144,2795,20.6,0.6,60,0.0,191.6,2,1,6,4.869337979,1.5,19,False,False,143.5
2021-06-01,20,124,123,116,120,121,112,20.0,0.2,66,0.0,191.6,2,1,6,0.231884058,1.5,20,False,False,120.75
2021-06-01,21,128,124,117,115,121,158,19.8,0.1,69,0.0,191.6,2,1,6,0.326446281,1.5,21,False,False,121.0
2021-06-01,22,97,113,101,112,106,140,19.5,0.1,71,0.0,191.6,2,1,6,0.330969267,1.5,22,False,False,105.75
2021-06-01,23,110,106,107,71,99,73,19.0,0.4,75,0.0,191.6,2,1,6,0.185279188,1.5,23,False,False,98.5
2021-06-02,0,63,62,62,62,62,0,18.6,1.0,83,0.0,191.6,3,2,6,0.0,1.5,0,False,False,62.25
2021-06-02,1,90,101,106,111,102,8,18.0,1.2,87,0.0,191.6,3,2,6,0.019607843,1.5,1,False,False,102.0
2021-06-02,2,107,105,113,110,109,322,17.7,1.2,88,0.0,191.6,3,2,6,0.740229885,1.5,2,False,False,108.75
2021-06-02,3,89,108,110,107,104,268,17.8,1.8,82,0.0,191.6,3,2,6,0.647342995,1.5,3,False,False,103.5
2021-06-02,4,107,100,99,93,100,102,18.0,1.8,84,0.0,191.6,3,2,6,0.255639098,1.5,4,False,False,99.75
2021-06-02,5,70,67,95,106,85,0,18.3,0.2,77,0.0,191.6,3,2,6,0.0,1.5,5,False,False,84.5
2021-06-02,6,116,99,96,99,103,160,19.5,0.4,73,0.0,191.6,3,2,6,0.390243902,1.5,6,False,False,102.5
2021-06-02,7,109,119,149,151,132,1339,21.0,0.7,70,0.0,191.6,3,2,6,2.535984848,1.5,7,False,False,132.0
2021-06-02,8,167,173,172,177,172,338,24.0,0.6,55,0.0,191.6,3,2,6,0.490566038,1.5,8,False,False,172.25
2021-06-02,9,169,180,179,178,177,1944,25.1,1.3,53,0.0,191.6,3,2,6,2.753541076,1.0,9,False,False,176.5
2021-06-02,10,133,177,191,190,173,764,25.8,1.4,48,0.0,191.6,3,2,6,1.105643994,1.0,10,False,False,172.75
2021-06-02,11,185,163,162,160,168,2183,23.8,2.3,70,0.0,191.6,3,2,6,3.258208955,1.0,11,False,False,167.5
2021-06-02,12,103,86,91,131,103,343,24.4,1.8,67,0.0,191.6,3,2,6,0.834549878,1.0,12,False,False,102.75
2021-06-02,13,177,189,179,182,182,5882,25.7,1.5,55,0.0,191.6,3,2,6,8.090784044,1.0,13,False,False,181.75
2021-06-02,14,175,174,180,179,177,1072,25.1,1.6,58,0.0,191.6,3,2,6,1.514124294,1.0,14,False,False,177.0
2021-06-02,15,152,166,157,147,156,822,24.2,1.5,59,0.0,191.6,3,2,6,1.321543408,1.0,15,False,False,155.5
2021-06-02,16,159,172,171,166,167,2146,23.2,1.3,68,0.0,191.6,3,2,6,3.21257485,1.0,16,False,False,167.0
2021-06-02,17,130,114,143,158,136,860,22.0,1.1,78,0.0,191.6,3,2,6,1.577981651,1.0,17,False,False,136.25
2021-06-02,18,154,153,154,145,152,1840,21.4,1.2,85,0.0,191.6,3,2,6,3.03630363,1.5,18,False,False,151.5
2021-06-02,19,142,135,122,111,128,2444,20.0,0.6,95,0.0,191.6,3,2,6,4.792156863,1.5,19,False,False,127.5
2021-06-02,20,104,118,114,114,113,0,18.9,0.1,94,0.0,191.6,3,2,6,0.0,1.5,20,False,False,112.5
2021-06-02,21,108,110,114,113,111,34,19.2,1.2,90,0.0,191.6,3,2,6,0.076404494,1.5,21,False,False,111.25
2021-06-02,22,92,106,100,104,101,77,18.5,0.4,91,0.0,191.6,3,2,6,0.191542289,1.5,22,False,False,100.5
2021-06-02,23,109,108,95,72,96,672,17.5,0.4,95,0.0,191.6,3,2,6,1.75,1.5,23,False,False,96.0
2021-06-03,0,69,65,64,66,66,0,17.1,0.3,96,0.0,191.6,4,3,6,0.0,1.5,0,False,False,66.0
2021-06-03,1,90,104,115,111,105,286,17.5,1.2,92,0.0,191.6,4,3,6,0.680952381,1.5,1,False,False,105.0
2021-06-03,2,113,113,115,109,113,120,17.3,0.3,95,0.0,191.6,4,3,6,0.266666667,1.5,2,False,False,112.5
2021-06-03,3,99,105,107,110,105,200,16.6,0.4,95,0.0,191.6,4,3,6,0.475059382,1.5,3,False,False,105.25
2021-06-03,4,109,108,102,104,106,232,16.3,0.2,94,0.0,191.6,4,3,6,0.548463357,1.5,4,False,False,105.75
2021-06-03,5,82,77,99,107,91,87,17.4,0.9,91,0.0,191.6,4,3,6,0.238356164,1.5,5,False,False,91.25
2021-06-03,6,118,113,109,108,112,48,18.4,0.3,89,0.0,191.6,4,3,6,0.107142857,1.5,6,False,False,112.0
2021-06-03,7,106,119,140,149,129,935,19.0,1.1,84,0.0,191.6,4,3,6,1.819066148,1.5,7,False,False,128.5
2021-06-03,8,159,181,174,167,170,1187,20.0,0.4,79,0.0,191.6,4,3,6,1.743024963,1.5,8,False,False,170.25
2021-06-03,9,170,169,171,169,170,1096,18.6,0.1,97,3.8,191.6,4,3,6,1.614138439,1.0,9,False,False,169.75
2021-06-03,10,132,156,164,170,156,956,19.3,1.3,98,5.0,191.6,4,3,6,1.536977492,1.0,10,False,False,155.5
2021-06-03,11,172,153,163,160,162,1969,18.4,2.0,98,7.9,191.6,4,3,6,3.038580247,1.0,11,False,False,162.0
2021-06-03,12,106,89,90,121,102,50,18.7,1.2,98,8.3,191.6,4,3,6,0.123152709,1.0,12,False,False,101.5
2021-06-03,13,152,156,165,159,158,1064,19.1,1.7,98,9.3,191.6,4,3,6,1.683544304,1.0,13,False,False,158.0
2021-06-03,14,158,156,158,163,159,2090,19.2,1.4,98,11.4,191.6,4,3,6,3.291338583,1.0,14,False,False,158.75
2021-06-03,15,135,153,156,161,151,1680,19.3,1.8,98,14.5,191.6,4,3,6,2.776859504,1.0,15,False,False,151.25
2021-06-03,16,156,162,163,159,160,1547,19.0,2.6,98,18.7,191.6,4,3,6,2.4171875,1.0,16,False,False,160.0
2021-06-03,17,128,113,137,151,132,1830,19.0,2.6,98,20.2,191.6,4,3,6,3.459357278,1.0,17,False,False,132.25
2021-06-03,18,150,145,123,110,132,4404,19.3,1.4,98,21.1,191.6,4,3,6,8.340909091,1.5,18,False,False,132.0
2021-06-03,19,112,119,117,111,115,2523,19.2,2.3,98,21.4,191.6,4,3,6,5.496732026,1.5,19,False,False,114.75
2021-06-03,20,108,125,130,126,122,220,19.4,1.1,98,21.6,191.6,4,3,6,0.449897751,1.5,20,False,False,122.25
2021-06-03,21,132,123,120,116,123,128,19.3,1.0,98,21.6,191.6,4,3,6,0.260692464,1.5,21,False,False,122.75
2021-06-03,22,106,111,116,118,113,106,19.4,1.3,98,21.8,191.6,4,3,6,0.235033259,1.5,22,False,False,112.75
2021-06-03,23,114,114,109,81,105,56,19.0,1.1,98,22.7,191.6,4,3,6,0.133971292,1.5,23,False,False,104.5
2021-06-04,0,72,67,66,66,68,246,19.0,0.3,98,0.7,191.6,5,4,6,0.907749077,1.5,0,False,False,67.75
2021-06-04,1,96,108,119,109,108,38,18.7,1.8,98,1.2,191.6,5,4,6,0.087962963,1.5,1,False,False,108.0
2021-06-04,2,106,106,111,116,110,136,18.3,1.5,98,1.5,191.6,5,4,6,0.309794989,1.5,2,False,False,109.75
2021-06-04,3,104,105,104,113,107,86,17.8,1.4,98,1.9,191.6,5,4,6,0.201877934,1.5,3,False,False,106.5
2021-06-04,4,115,109,108,103,109,337,17.8,2.0,98,2.2,191.6,5,4,6,0.774712644,1.5,4,False,False,108.75
2021-06-04,5,85,78,91,107,90,14,16.9,0.8,98,4.7,191.6,5,4,6,0.038781163,1.5,5,False,False,90.25
2021-06-04,6,118,112,105,100,109,126,17.2,0.3,97,4.7,191.6,5,4,6,0.289655172,1.5,6,False,False,108.75
2021-06-04,7,110,125,142,136,128,749,18.6,1.4,81,4.7,191.6,5,4,6,1.460038986,1.5,7,False,False,128.25
2021-06-04,8,154,153,159,159,156,655,19.7,1.6,71,4.7,191.6,5,4,6,1.048,1.5,8,False,False,156.25
2021-06-04,9,158,158,159,166,160,1270,20.2,1.8,68,4.7,191.6,5,4,6,1.981279251,1.0,9,False,False,160.25
2021-06-04,10,127,158,173,168,157,1286,21.3,3.4,58,4.7,191.6,5,4,6,2.054313099,1.0,10,False,False,156.5
2021-06-04,11,141,150,155,149,149,809,23.0,2.5,50,4.7,191.6,5,4,6,1.359663866,1.0,11,False,False,148.75
2021-06-04,12,81,64,94,118,89,84,24.3,2.2,44,4.7,191.6,5,4,6,0.235294118,1.0,12,False,False,89.25
2021-06-04,13,158,158,154,151,155,616,25.0,2.4,38,4.7,191.6,5,4,6,0.99194847,1.0,13,False,False,155.25
2021-06-04,14,143,154,151,160,152,5176,26.0,2.4,37,4.7,191.6,5,4,6,8.513157895,1.0,14,False,False,152.0
2021-06-04,15,125,142,144,149,140,739,23.9,2.1,52,4.7,191.6,5,4,6,1.319642857,1.0,15,False,False,140.0
2021-06-04,16,140,141,145,140,142,1164,23.7,2.2,54,4.7,191.6,5,4,6,2.056537102,1.0,16,False,False,141.5
2021-06-04,17,105,103,138,143,122,306,24.6,1.0,48,4.7,191.6,5,4,6,0.625766871,1.0,17,False,False,122.25
2021-06-04,18,139,138,135,145,139,638,23.2,1.5,49,4.7,191.6,5,4,6,1.145421903,1.5,18,False,False,139.25
2021-06-04,19,135,119,103,94,113,1622,22.2,2.8,53,4.7,191.6,5,4,6,3.596452328,1.5,19,False,False,112.75
2021-06-04,20,91,96,105,111,101,94,21.7,2.0,57,4.7,191.6,5,4,6,0.23325062,1.5,20,False,False,100.75
2021-06-04,21,110,105,109,109,108,52,20.2,1.8,64,4.7,191.6,5,4,6,0.120092379,1.5,21,False,False,108.25
2021-06-04,22,96,111,111,109,107,200,20.5,2.5,63,4.7,191.6,5,4,6,0.468384075,1.5,22,False,False,106.75
2021-06-04,23,109,112,102,65,97,0,18.7,1.0,70,4.7,191.6,5,4,6,0.0,1.5,23,False,False,97.0
2021-06-05,0,63,63,64,63,63,25,19.9,1.7,66,0.0,191.6,6,5,6,0.098814229,1.5,0,False,False,63.25
2021-06-05,1,96,93,116,113,105,84,16.0,0.6,85,0.0,191.6,6,5,6,0.200956938,1.5,1,False,False,104.5
2021-06-05,2,106,96,106,107,104,84,15.9,0.5,79,0.0,191.6,6,5,6,0.202409639,1.5,2,False,False,103.75
2021-06-05,3,92,110,110,109,105,555,16.1,1.6,80,0.0,191.6,6,5,6,1.318289786,1.5,3,False,False,105.25
2021-06-05,4,108,105,106,108,107,40,15.9,0.8,76,0.0,191.6,6,5,6,0.093676815,1.5,4,False,False,106.75
2021-06-05,5,89,83,99,98,92,4,17.2,2.8,68,0.0,191.6,6,5,6,0.010840108,1.5,5,False,False,92.25
2021-06-05,6,102,111,110,103,107,20,17.5,0.8,75,0.0,191.6,6,5,6,0.046948357,1.5,6,False,False,106.5
2021-06-05,7,92,75,48,29,61,509,20.0,1.2,53,0.0,191.6,6,5,6,2.086065574,1.5,7,False,False,61.0
2021-06-05,8,27,25,22,22,24,0,21.9,2.1,47,0.0,191.6,6,5,6,0.0,1.5,8,False,False,24.0
2021-06-05,9,22,22,22,22,22,0,24.0,1.7,40,0.0,191.6,6,5,6,0.0,1.0,9,False,False,22.0
2021-06-05,10,22,22,22,22,22,0,25.7,3.6,35,0.0,191.6,6,5,6,0.0,1.0,10,False,False,22.0
2021-06-05,11,22,23,28,27,25,0,26.7,4.0,37,0.0,191.6,6,5,6,0.0,1.0,11,False,False,25.0
2021-06-05,12,22,23,22,22,22,0,27.4,4.7,38,0.0,191.6,6,5,6,0.0,1.0,12,False,False,22.25
2021-06-05,13,22,23,22,22,22,0,28.2,5.0,36,0.0,191.6,6,5,6,0.0,1.0,13,False,False,22.25
2021-06-05,14,22,23,22,23,23,0,28.5,4.0,41,0.0,191.6,6,5,6,0.0,1.0,14,False,False,22.5
2021-06-05,15,28,26,23,22,25,0,27.5,4.9,45,0.0,191.6,6,5,6,0.0,1.0,15,False,False,24.75
2021-06-05,16,23,23,22,23,23,0,26.2,4.9,56,0.0,191.6,6,5,6,0.0,1.0,16,False,False,22.75
2021-06-05,17,22,22,22,23,22,0,25.5,4.5,60,0.0,191.6,6,5,6,0.0,1.0,17,False,False,22.25
2021-06-05,18,22,23,27,27,25,0,24.5,4.1,65,0.0,191.6,6,5,6,0.0,1.5,18,False,False,24.75
2021-06-05,19,22,22,22,22,22,0,23.3,4.1,71,0.0,191.6,6,5,6,0.0,1.5,19,False,False,22.0
2021-06-05,20,22,22,22,22,22,0,21.1,1.5,83,0.0,191.6,6,5,6,0.0,1.5,20,False,False,22.0
2021-06-05,21,23,22,22,27,24,0,21.8,2.8,77,0.0,191.6,6,5,6,0.0,1.5,21,False,False,23.5
2021-06-05,22,26,22,22,22,23,0,21.4,3.4,78,0.0,191.6,6,5,6,0.0,1.5,22,False,False,23.0
2021-06-05,23,22,22,22,22,22,0,20.8,1.8,76,0.0,191.6,6,5,6,0.0,1.5,23,False,False,22.0
2021-06-06,0,22,22,22,22,22,0,20.1,1.6,79,0.0,191.6,7,6,6,0.0,1.5,0,False,False,22.0
2021-06-06,1,24,27,24,24,25,0,19.8,1.1,75,0.0,191.6,7,6,6,0.0,1.5,1,False,False,24.75
2021-06-06,2,22,22,22,22,22,0,20.4,1.2,70,0.0,191.6,7,6,6,0.0,1.5,2,False,False,22.0
2021-06-06,3,22,22,22,22,22,0,17.7,0.1,83,0.0,191.6,7,6,6,0.0,1.5,3,False,False,22.0
2021-06-06,4,22,24,27,22,24,0,17.6,0.8,80,0.0,191.6,7,6,6,0.0,1.5,4,False,False,23.75
2021-06-06,5,22,22,22,22,22,0,17.9,0.2,85,0.0,191.6,7,6,6,0.0,1.5,5,False,False,22.0
2021-06-06,6,22,22,22,22,22,0,19.8,0.7,80,0.0,191.6,7,6,6,0.0,1.5,6,False,False,22.0
2021-06-06,7,21,23,26,25,24,0,21.9,0.7,70,0.0,191.6,7,6,6,0.0,1.5,7,False,False,23.75
2021-06-06,8,22,22,22,22,22,0,23.5,1.5,65,0.0,191.6,7,6,6,0.0,1.5,8,False,False,22.0
2021-06-06,9,24,22,22,22,23,0,24.8,1.8,56,0.0,191.6,7,6,6,0.0,1.0,9,False,False,22.5
2021-06-06,10,22,22,22,25,23,0,24.8,1.8,56,0.0,191.6,7,6,6,0.0,1.0,10,False,False,22.75
2021-06-06,11,27,24,22,22,24,0,26.4,2.1,61,0.0,191.6,7,6,6,0.0,1.0,11,False,False,23.75
2021-06-06,12,22,22,22,22,22,0,26.7,2.1,60,0.0,191.6,7,6,6,0.0,1.0,12,False,False,22.0
2021-06-06,13,22,22,22,22,22,0,27.6,1.9,54,0.0,191.6,7,6,6,0.0,1.0,13,False,False,22.0
2021-06-06,14,22,24,27,24,24,0,23.9,3.2,68,0.0,191.6,7,6,6,0.0,1.0,14,False,False,24.25
2021-06-06,15,22,22,22,22,22,0,25.5,1.8,65,0.0,191.6,7,6,6,0.0,1.0,15,False,False,22.0
2021-06-06,16,24,22,23,22,23,0,26.1,1.1,64,0.0,191.6,7,6,6,0.0,1.0,16,False,False,22.75
2021-06-06,17,22,22,22,25,23,0,27.0,3.1,53,0.0,191.6,7,6,6,0.0,1.0,17,False,False,22.75
2021-06-06,18,27,22,22,22,23,0,24.5,0.9,64,0.0,191.6,7,6,6,0.0,1.5,18,False,False,23.25
2021-06-06,19,22,22,22,22,22,0,24.1,1.9,64,0.0,191.6,7,6,6,0.0,1.5,19,False,False,22.0
2021-06-06,20,22,22,22,22,22,0,23.5,2.8,66,0.0,191.6,7,6,6,0.0,1.5,20,False,False,22.0
2021-06-06,21,26,27,25,22,25,0,21.7,0.7,77,0.0,191.6,7,6,6,0.0,1.5,21,False,False,25.0
2021-06-06,22,23,23,23,22,23,0,21.6,0.8,75,0.0,191.6,7,6,6,0.0,1.5,22,False,False,22.75
2021-06-06,23,24,22,22,22,23,0,22.7,2.0,70,0.0,191.6,7,6,6,0.0,1.5,23,False,False,22.5
2021-06-07,0,22,22,22,25,23,0,22.4,1.6,70,0.0,191.6,1,7,6,0.0,1.5,0,False,False,22.75
2021-06-07,1,26,22,22,22,23,0,21.8,2.7,71,0.0,191.6,1,7,6,0.0,1.5,1,False,False,23.0
2021-06-07,2,22,21,21,22,22,0,21.0,1.8,74,0.0,191.6,1,7,6,0.0,1.5,2,False,False,21.5
2021-06-07,3,22,22,22,23,22,0,20.5,2.1,74,0.0,191.6,1,7,6,0.0,1.5,3,False,False,22.25
2021-06-07,4,22,26,26,23,24,0,18.7,0.6,82,0.0,191.6,1,7,6,0.0,1.5,4,False,False,24.25
2021-06-07,5,22,22,22,22,22,0,19.2,0.8,80,0.0,191.6,1,7,6,0.0,1.5,5,False,False,22.0
2021-06-07,6,24,21,22,22,22,0,21.8,0.5,70,0.0,191.6,1,7,6,0.0,1.5,6,False,False,22.25
2021-06-07,7,24,44,67,90,56,0,23.4,1.5,68,0.0,191.6,1,7,6,0.0,1.5,7,False,False,56.25
2021-06-07,8,151,169,182,182,171,876,25.8,1.1,51,0.0,191.6,1,7,6,1.280701754,1.5,8,False,False,171.0
2021-06-07,9,179,166,157,162,166,490,27.3,2.3,41,0.0,191.6,1,7,6,0.737951807,1.0,9,False,False,166.0
2021-06-07,10,137,176,159,171,161,1661,28.8,2.0,44,0.0,191.6,1,7,6,2.583203733,1.0,10,False,False,160.75
2021-06-07,11,169,170,166,168,168,2549,27.5,2.0,51,0.0,191.6,1,7,6,3.787518574,1.0,11,False,False,168.25
2021-06-07,12,120,105,106,129,115,100,26.7,2.3,54,0.0,191.6,1,7,6,0.217391304,1.0,12,False,False,115.0
2021-06-07,13,169,173,182,175,175,1242,27.8,2.3,50,0.0,191.6,1,7,6,1.776824034,1.0,13,False,False,174.75
2021-06-07,14,165,176,180,177,175,1430,29.2,1.3,45,0.0,191.6,1,7,6,2.048710602,1.0,14,False,False,174.5
2021-06-07,15,135,166,175,174,163,3211,27.3,1.9,55,0.0,191.6,1,7,6,4.94,1.0,15,False,False,162.5
2021-06-07,16,158,166,164,173,165,826,25.4,1.6,60,0.0,191.6,1,7,6,1.249621785,1.0,16,False,False,165.25
2021-06-07,17,123,118,151,151,136,98,25.9,1.3,61,0.0,191.6,1,7,6,0.180478821,1.0,17,False,False,135.75
2021-06-07,18,154,158,154,143,152,2299,24.4,0.2,68,0.0,191.6,1,7,6,3.775041051,1.5,18,False,False,152.25
2021-06-07,19,141,147,131,99,130,1625,23.4,0.9,72,0.0,191.6,1,7,6,3.137065637,1.5,19,False,False,129.5
2021-06-07,20,101,114,108,110,108,36,22.5,0.6,78,0.0,191.6,1,7,6,0.083140878,1.5,20,False,False,108.25
2021-06-07,21,110,113,110,111,111,93,23.7,1.1,69,0.0,191.6,1,7,6,0.209459459,1.5,21,False,False,111.0
2021-06-07,22,84,100,98,97,95,87,23.2,0.8,70,0.0,191.6,1,7,6,0.229551451,1.5,22,False,False,94.75
2021-06-07,23,110,106,100,77,98,1,22.5,2.6,66,0.0,191.6,1,7,6,0.002544529,1.5,23,False,False,98.25
2021-06-08,0,64,63,63,62,63,400,21.3,0.5,72,0.0,191.6,2,8,6,1.587301587,1.5,0,False,False,63.0
2021-06-08,1,87,94,105,110,99,41,21.1,1.0,74,0.0,191.6,2,8,6,0.103535354,1.5,1,False,False,99.0
2021-06-08,2,104,98,98,111,103,79,21.4,0.6,75,0.0,191.6,2,8,6,0.192214112,1.5,2,False,False,102.75
2021-06-08,3,90,105,99,104,100,66,20.9,1.1,76,0.0,191.6,2,8,6,0.165829146,1.5,3,False,False,99.5
2021-06-08,4,105,105,100,110,105,461,20.8,0.6,80,0.0,191.6,2,8,6,1.097619048,1.5,4,False,False,105.0
2021-06-08,5,82,72,94,101,87,166,21.5,1.0,81,0.0,191.6,2,8,6,0.475644699,1.5,5,False,False,87.25
2021-06-08,6,109,104,96,81,98,231,23.6,2.0,68,0.0,191.6,2,8,6,0.592307692,1.5,6,False,False,97.5
2021-06-08,7,72,77,107,117,93,826,24.9,1.4,65,0.0,191.6,2,8,6,2.214477212,1.5,7,False,False,93.25
2021-06-08,8,141,154,161,160,154,1348,27.6,1.4,60,0.0,191.6,2,8,6,2.188311688,1.5,8,False,False,154.0
2021-06-08,9,165,160,160,156,160,2186,28.0,1.3,55,0.0,191.6,2,8,6,3.410296412,1.0,9,False,False,160.25
2021-06-08,10,127,153,138,150,142,582,28.6,1.9,51,0.0,191.6,2,8,6,1.024647887,1.0,10,False,False,142.0
2021-06-08,11,159,160,167,171,164,1904,28.0,2.8,50,0.0,191.6,2,8,6,2.898021309,1.0,11,False,False,164.25
2021-06-08,12,106,87,94,124,103,154,27.5,3.7,47,0.0,191.6,2,8,6,0.374695864,1.0,12,False,False,102.75
2021-06-08,13,157,174,168,160,165,938,27.1,3.2,42,0.0,191.6,2,8,6,1.423368741,1.0,13,False,False,164.75
2021-06-08,14,156,164,167,176,166,1321,26.8,3.5,43,0.0,191.6,2,8,6,1.992458522,1.0,14,False,False,165.75
2021-06-08,15,139,173,153,180,161,1058,26.3,2.8,45,0.0,191.6,2,8,6,1.640310078,1.0,15,False,False,161.25
2021-06-08,16,150,166,164,152,158,1570,25.4,2.5,46,0.0,191.6,2,8,6,2.484177215,1.0,16,False,False,158.0
2021-06-08,17,127,110,147,161,136,485,24.6,1.7,48,0.0,191.6,2,8,6,0.889908257,1.0,17,False,False,136.25
2021-06-08,18,150,156,152,157,154,1743,23.5,2.0,51,0.0,191.6,2,8,6,2.834146341,1.5,18,False,False,153.75
2021-06-08,19,155,144,140,128,142,915,22.9,1.4,52,0.0,191.6,2,8,6,1.613756614,1.5,19,False,False,141.75
2021-06-08,20,134,132,117,132,129,103,22.4,0.9,53,0.0,191.6,2,8,6,0.2,1.5,20,False,False,128.75
2021-06-08,21,132,123,116,114,121,10,21.3,0.4,57,0.0,191.6,2,8,6,0.020618557,1.5,21,False,False,121.25
2021-06-08,22,91,109,115,113,107,430,20.9,0.2,57,0.0,191.6,2,8,6,1.004672897,1.5,22,False,False,107.0
2021-06-08,23,105,114,104,82,101,140,21.3,1.2,57,0.0,191.6,2,8,6,0.345679012,1.5,23,False,False,101.25
2021-06-09,0,72,69,65,65,68,4,20.2,0.5,65,0.0,191.6,3,9,6,0.014760148,1.5,0,False,False,67.75
2021-06-09,1,92,97,103,103,99,21,19.6,0.2,71,0.0,191.6,3,9,6,0.053164557,1.5,1,False,False,98.75
2021-06-09,2,107,106,99,103,104,600,19.6,0.3,72,0.0,191.6,3,9,6,1.445783133,1.5,2,False,False,103.75
2021-06-09,3,92,109,113,99,103,54,18.9,1.6,74,0.0,191.6,3,9,6,0.130750605,1.5,3,False,False,103.25
2021-06-09,4,96,101,100,101,100,50,18.6,0.2,79,0.0,191.6,3,9,6,0.125628141,1.5,4,False,False,99.5
2021-06-09,5,84,73,90,91,85,0,19.0,1.3,84,0.0,191.6,3,9,6,0.0,1.5,5,False,False,84.5
2021-06-09,6,102,100,106,105,103,246,20.4,0.7,76,0.0,191.6,3,9,6,0.595641646,1.5,6,False,False,103.25
2021-06-09,7,105,115,150,140,128,746,22.5,0.9,70,0.0,191.6,3,9,6,1.462745098,1.5,7,False,False,127.5
2021-06-09,8,158,169,174,174,169,648,25.0,1.0,52,0.0,191.6,3,9,6,0.96,1.5,8,False,False,168.75
2021-06-09,9,168,179,178,164,172,1219,25.8,1.7,50,0.0,191.6,3,9,6,1.769230769,1.0,9,False,False,172.25
2021-06-09,10,135,180,178,172,166,5042,26.5,2.3,43,0.0,191.6,3,9,6,7.581954887,1.0,10,False,False,166.25
2021-06-09,11,168,166,178,174,172,777,26.8,3.1,45,0.0,191.6,3,9,6,1.132653061,1.0,11,False,False,171.5
2021-06-09,12,119,102,96,122,110,0,27.6,2.3,40,0.0,191.6,3,9,6,0.0,1.0,12,False,False,109.75
2021-06-09,13,159,162,175,181,169,1455,26.6,2.8,44,0.0,191.6,3,9,6,2.149187592,1.0,13,False,False,169.25
2021-06-09,14,168,160,163,170,165,567,26.8,2.6,46,0.0,191.6,3,9,6,0.857791225,1.0,14,False,False,165.25
2021-06-09,15,129,170,168,164,158,733,25.6,2.5,53,0.0,191.6,3,9,6,1.161648177,1.0,15,False,False,157.75
2021-06-09,16,159,146,144,154,151,1098,24.8,1.4,56,0.0,191.6,3,9,6,1.820895522,1.0,16,False,False,150.75
2021-06-09,17,108,104,144,161,129,705,24.3,0.9,55,0.0,191.6,3,9,6,1.363636364,1.0,17,False,False,129.25
2021-06-09,18,156,156,161,145,155,181,22.1,1.1,65,0.0,191.6,3,9,6,0.292880259,1.5,18,False,False,154.5
2021-06-09,19,148,136,131,111,132,2022,20.8,1.0,69,0.0,191.6,3,9,6,3.844106464,1.5,19,False,False,131.5
2021-06-09,20,106,112,106,113,109,44,20.4,0.8,72,0.0,191.6,3,9,6,0.100686499,1.5,20,False,False,109.25
2021-06-09,21,107,110,100,103,105,104,20.0,0.1,75,0.0,191.6,3,9,6,0.247619048,1.5,21,False,False,105.0
2021-06-09,22,87,102,106,109,101,219,19.6,0.8,75,0.0,191.6,3,9,6,0.542079208,1.5,22,False,False,101.0
2021-06-09,23,106,95,98,79,95,135,18.6,0.6,86,0.0,191.6,3,9,6,0.357142857,1.5,23,False,False,94.5
2021-06-10,0,64,64,64,67,65,0,18.6,1.3,86,0.0,191.6,4,10,6,0.0,1.5,0,False,False,64.75
2021-06-10,1,96,107,104,103,103,0,18.1,1.2,86,0.0,191.6,4,10,6,0.0,1.5,1,False,False,102.5
2021-06-10,2,103,109,101,104,104,0,17.7,2.0,85,0.0,191.6,4,10,6,0.0,1.5,2,False,False,104.25
2021-06-10,3,89,104,100,104,99,43,17.3,1.1,84,0.0,191.6,4,10,6,0.108312343,1.5,3,False,False,99.25
2021-06-10,4,108,106,106,104,106,133,17.3,1.4,84,0.0,191.6,4,10,6,0.313679245,1.5,4,False,False,106.0
2021-06-10,5,94,81,91,98,91,61,17.8,0.3,85,0.0,191.6,4,10,6,0.167582418,1.5,5,False,False,91.0
2021-06-10,6,106,100,102,107,104,80,19.8,0.9,80,0.0,191.6,4,10,6,0.192771084,1.5,6,False,False,103.75
2021-06-10,7,106,106,131,131,119,738,20.7,0.8,76,0.0,191.6,4,10,6,1.556962025,1.5,7,False,False,118.5
2021-06-10,8,142,157,156,165,155,493,22.1,1.1,60,0.0,191.6,4,10,6,0.79516129,1.5,8,False,False,155.0
2021-06-10,9,166,163,169,166,166,32,24.2,1.0,62,0.0,191.6,4,10,6,0.048192771,1.0,9,False,False,166.0
2021-06-10,10,134,169,177,175,164,2032,25.7,1.5,58,0.0,191.6,4,10,6,3.102290076,1.0,10,False,False,163.75
2021-06-10,11,161,149,168,165,161,829,27.2,2.0,59,0.0,191.6,4,10,6,1.289269051,1.0,11,False,False,160.75
2021-06-10,12,116,101,102,125,111,1000,26.4,1.9,66,0.0,191.6,4,10,6,2.252252252,1.0,12,False,False,111.0
2021-06-10,13,158,145,156,151,153,1013,25.1,2.1,72,0.0,191.6,4,10,6,1.660655738,1.0,13,False,False,152.5
2021-06-10,14,153,162,169,165,162,481,23.9,1.7,78,0.0,191.6,4,10,6,0.741140216,1.0,14,False,False,162.25
2021-06-10,15,128,162,161,158,152,364,23.5,1.5,83,0.0,191.6,4,10,6,0.597701149,1.0,15,False,False,152.25
2021-06-10,16,154,156,150,150,153,2990,23.0,1.1,84,0.0,191.6,4,10,6,4.901639344,1.0,16,False,False,152.5
2021-06-10,17,123,118,143,135,130,669,23.1,0.6,84,0.0,191.6,4,10,6,1.289017341,1.0,17,False,False,129.75
2021-06-10,18,122,123,123,121,122,529,22.2,1.5,90,0.0,191.6,4,10,6,1.081799591,1.5,18,False,False,122.25
2021-06-10,19,120,123,122,128,123,1095,22.2,1.1,91,0.0,191.6,4,10,6,2.221095335,1.5,19,False,False,123.25
2021-06-10,20,122,124,142,145,133,31,22.7,0.8,86,0.0,191.6,4,10,6,0.058161351,1.5,20,False,False,133.25
2021-06-10,21,141,132,128,115,129,300,22.5,1.3,83,0.0,191.6,4,10,6,0.581395349,1.5,21,False,False,129.0
2021-06-10,22,108,124,122,116,118,201,22.6,0.9,83,0.0,191.6,4,10,6,0.427659574,1.5,22,False,False,117.5
2021-06-10,23,115,113,103,88,105,153,23.6,2.0,77,0.0,191.6,4,10,6,0.365155131,1.5,23,False,False,104.75
2021-06-11,0,72,70,69,68,70,52,23.5,1.7,78,0.0,191.6,5,11,6,0.186379928,1.5,0,False,False,69.75
2021-06-11,1,100,103,112,113,107,176,22.3,0.4,88,0.2,191.6,5,11,6,0.411214953,1.5,1,False,False,107.0
2021-06-11,2,106,95,105,111,104,180,21.5,0.6,94,0.6,191.6,5,11,6,0.431654676,1.5,2,False,False,104.25
2021-06-11,3,98,107,103,96,101,20,21.5,2.0,97,1.1,191.6,5,11,6,0.04950495,1.5,3,False,False,101.0
2021-06-11,4,113,114,110,108,111,0,20.9,0.9,98,1.4,191.6,5,11,6,0.0,1.5,4,False,False,111.25
2021-06-11,5,83,76,97,103,90,496,21.2,2.8,98,2.1,191.6,5,11,6,1.381615599,1.5,5,False,False,89.75
2021-06-11,6,107,107,107,100,105,110,20.3,1.5,98,5.2,191.6,5,11,6,0.26128266,1.5,6,False,False,105.25
2021-06-11,7,113,127,149,143,133,1170,20.9,3.6,98,6.6,191.6,5,11,6,2.19924812,1.5,7,False,False,133.0
2021-06-11,8,155,175,171,169,168,497,20.7,4.2,95,6.6,191.6,5,11,6,0.741791045,1.5,8,False,False,167.5
2021-06-11,9,172,157,168,175,168,569,20.4,4.0,98,7.5,191.6,5,11,6,0.84672619,1.0,9,False,False,168.0
2021-06-11,10,127,165,168,164,156,921,20.6,3.8,98,8.5,191.6,5,11,6,1.475961538,1.0,10,False,False,156.0
2021-06-11,11,174,165,168,164,168,3102,19.9,3.2,98,10.5,191.6,5,11,6,4.62295082,1.0,11,False,False,167.75
2021-06-11,12,108,93,93,122,104,436,20.4,1.7,98,11.3,191.6,5,11,6,1.048076923,1.0,12,False,False,104.0
2021-06-11,13,160,149,155,150,154,1017,20.5,2.6,98,11.5,191.6,5,11,6,1.656351792,1.0,13,False,False,153.5
2021-06-11,14,160,157,160,157,159,829,20.6,1.0,98,11.8,191.6,5,11,6,1.307570978,1.0,14,False,False,158.5
2021-06-11,15,126,159,160,153,150,972,20.6,1.0,98,11.8,191.6,5,11,6,1.62541806,1.0,15,False,False,149.5
2021-06-11,16,153,151,163,160,157,1834,20.8,0.8,98,12.6,191.6,5,11,6,2.925039872,1.0,16,False,False,156.75
2021-06-11,17,119,107,158,159,136,1114,20.7,0.5,98,13.3,191.6,5,11,6,2.051565378,1.0,17,False,False,135.75
2021-06-11,18,152,143,145,139,145,986,20.8,0.7,98,19.2,191.6,5,11,6,1.702936097,1.5,18,False,False,144.75
2021-06-11,19,142,135,142,125,136,1237,20.7,0.8,98,27.8,191.6,5,11,6,2.273897059,1.5,19,False,False,136.0
2021-06-11,20,113,120,130,120,121,237,20.4,0.9,98,29.9,191.6,5,11,6,0.49068323,1.5,20,False,False,120.75
2021-06-11,21,116,106,111,104,109,108,20.3,0.0,98,30.1,191.6,5,11,6,0.247139588,1.5,21,False,False,109.25
2021-06-11,22,92,105,110,109,104,42,20.4,0.1,98,30.3,191.6,5,11,6,0.100961538,1.5,22,False,False,104.0
2021-06-11,23,101,110,105,83,100,16,20.4,0.2,98,30.3,191.6,5,11,6,0.040100251,1.5,23,False,False,99.75
2021-06-12,0,71,64,65,65,66,0,20.3,0.4,98,0.1,191.6,6,12,6,0.0,1.5,0,False,False,66.25
2021-06-12,1,97,106,111,110,106,77,20.6,0.8,98,0.1,191.6,6,12,6,0.181603774,1.5,1,False,False,106.0
2021-06-12,2,107,100,98,111,104,1424,20.5,1.3,98,0.1,191.6,6,12,6,3.423076923,1.5,2,False,False,104.0
2021-06-12,3,95,112,112,107,107,98,20.5,0.7,98,0.1,191.6,6,12,6,0.230046948,1.5,3,False,False,106.5
2021-06-12,4,105,108,113,109,109,56,20.6,1.1,98,0.1,191.6,6,12,6,0.128735632,1.5,4,False,False,108.75
2021-06-12,5,80,73,97,110,90,44,20.8,0.9,98,0.1,191.6,6,12,6,0.122222222,1.5,5,False,False,90.0
2021-06-12,6,104,96,106,103,102,658,20.9,0.1,98,1.5,191.6,6,12,6,1.608801956,1.5,6,False,False,102.25
2021-06-12,7,92,90,68,32,71,65,21.0,0.6,98,3.2,191.6,6,12,6,0.230496454,1.5,7,False,False,70.5
2021-06-12,8,22,22,24,23,23,0,21.2,1.4,98,4.6,191.6,6,12,6,0.0,1.5,8,False,False,22.75
2021-06-12,9,24,24,24,28,25,0,21.6,1.2,98,6.1,191.6,6,12,6,0.0,1.0,9,False,False,25.0
2021-06-12,10,29,25,25,25,26,0,22.0,1.3,98,6.1,191.6,6,12,6,0.0,1.0,10,False,False,26.0
2021-06-12,11,24,25,29,27,26,0,22.5,1.2,98,6.1,191.6,6,12,6,0.0,1.0,11,False,False,26.25
2021-06-12,12,25,25,24,24,25,0,22.0,1.3,98,6.1,191.6,6,12,6,0.0,1.0,12,False,False,24.5
2021-06-12,13,27,22,22,21,23,0,21.5,1.9,98,6.1,191.6,6,12,6,0.0,1.0,13,False,False,23.0
2021-06-12,14,22,23,22,22,22,0,21.7,0.8,98,6.5,191.6,6,12,6,0.0,1.0,14,False,False,22.25
2021-06-12,15,22,23,23,22,23,0,21.6,0.9,98,7.3,191.6,6,12,6,0.0,1.0,15,False,False,22.5
2021-06-12,16,26,27,23,23,25,0,21.7,1.0,98,7.6,191.6,6,12,6,0.0,1.0,16,False,False,24.75
2021-06-12,17,23,22,22,23,23,0,21.5,0.6,98,7.7,191.6,6,12,6,0.0,1.0,17,False,False,22.5
2021-06-12,18,22,22,22,22,22,0,21.3,1.0,98,7.7,191.6,6,12,6,0.0,1.5,18,False,False,22.0
2021-06-12,19,23,22,26,27,25,0,20.9,0.5,98,7.8,191.6,6,12,6,0.0,1.5,19,False,False,24.5
2021-06-12,20,23,22,22,23,23,0,21.0,0.7,98,7.8,191.6,6,12,6,0.0,1.5,20,False,False,22.5
2021-06-12,21,23,23,22,23,23,0,20.7,0.8,98,7.8,191.6,6,12,6,0.0,1.5,21,False,False,22.75
2021-06-12,22,23,23,22,22,23,0,20.6,0.4,98,7.8,191.6,6,12,6,0.0,1.5,22,False,False,22.5
2021-06-12,23,26,27,22,22,24,0,20.7,0.1,98,7.8,191.6,6,12,6,0.0,1.5,23,False,False,24.25
2021-06-13,0,23,22,23,22,23,0,20.7,0.9,98,0.0,191.6,7,13,6,0.0,1.5,0,False,False,22.5
2021-06-13,1,22,22,22,21,22,0,20.8,1.0,98,0.0,191.6,7,13,6,0.0,1.5,1,False,False,21.75
2021-06-13,2,22,24,27,25,25,0,20.7,1.4,98,0.0,191.6,7,13,6,0.0,1.5,2,False,False,24.5
2021-06-13,3,22,22,22,22,22,0,20.8,0.9,98,0.0,191.6,7,13,6,0.0,1.5,3,False,False,22.0
2021-06-13,4,22,22,23,23,23,0,20.9,1.0,98,0.0,191.6,7,13,6,0.0,1.5,4,False,False,22.5
2021-06-13,5,22,22,22,23,22,0,20.8,1.4,98,0.0,191.6,7,13,6,0.0,1.5,5,False,False,22.25
2021-06-13,6,25,26,22,22,24,0,22.2,0.6,98,0.0,191.6,7,13,6,0.0,1.5,6,False,False,23.75
2021-06-13,7,22,22,22,21,22,0,22.4,0.8,98,0.0,191.6,7,13,6,0.0,1.5,7,False,False,21.75
2021-06-13,8,21,22,21,22,22,0,23.7,0.4,94,0.0,191.6,7,13,6,0.0,1.5,8,False,False,21.5
2021-06-13,9,22,24,26,24,24,0,24.4,0.9,85,0.0,191.6,7,13,6,0.0,1.0,9,False,False,24.0
2021-06-13,10,22,22,22,23,22,0,25.2,2.0,86,0.0,191.6,7,13,6,0.0,1.0,10,False,False,22.25
2021-06-13,11,22,22,22,22,22,0,24.8,1.7,86,0.0,191.6,7,13,6,0.0,1.0,11,False,False,22.0
2021-06-13,12,23,23,23,27,24,0,26.3,1.6,78,0.0,191.6,7,13,6,0.0,1.0,12,False,False,24.0
2021-06-13,13,25,22,23,22,23,0,26.9,2.3,73,0.0,191.6,7,13,6,0.0,1.0,13,False,False,23.0
2021-06-13,14,22,22,23,22,22,0,26.5,2.2,74,0.0,191.6,7,13,6,0.0,1.0,14,False,False,22.25
2021-06-13,15,22,22,23,22,22,0,26.3,1.9,77,0.0,191.6,7,13,6,0.0,1.0,15,False,False,22.25
2021-06-13,16,27,27,23,23,25,0,23.9,2.7,86,0.0,191.6,7,13,6,0.0,1.0,16,False,False,25.0
2021-06-13,17,22,22,22,22,22,0,23.5,1.5,88,0.0,191.6,7,13,6,0.0,1.0,17,False,False,22.0
2021-06-13,18,22,22,22,22,22,0,22.7,1.2,92,0.0,191.6,7,13,6,0.0,1.5,18,False,False,22.0
2021-06-13,19,22,23,26,24,24,0,22.6,1.0,92,0.0,191.6,7,13,6,0.0,1.5,19,False,False,23.75
2021-06-13,20,22,22,22,22,22,0,22.3,2.2,94,0.0,191.6,7,13,6,0.0,1.5,20,False,False,22.0
2021-06-13,21,23,22,23,22,23,0,22.1,1.1,95,0.0,191.6,7,13,6,0.0,1.5,21,False,False,22.5
2021-06-13,22,22,22,22,25,23,0,21.8,0.6,97,0.0,191.6,7,13,6,0.0,1.5,22,False,False,22.75
2021-06-13,23,26,23,22,23,24,0,21.0,0.1,98,0.0,191.6,7,13,6,0.0,1.5,23,False,False,23.5
2021-06-14,0,22,22,22,22,22,0,20.8,0.5,98,0.0,191.6,1,14,6,0.0,1.5,0,False,False,22.0
2021-06-14,1,22,23,22,22,22,0,20.7,0.9,98,0.0,191.6,1,14,6,0.0,1.5,1,False,False,22.25
2021-06-14,2,22,27,26,22,24,0,20.6,0.2,98,0.0,191.6,1,14,6,0.0,1.5,2,False,False,24.25
2021-06-14,3,22,22,22,22,22,0,20.0,0.2,98,0.0,191.6,1,14,6,0.0,1.5,3,False,False,22.0
2021-06-14,4,22,24,23,22,23,0,20.3,0.7,98,0.0,191.6,1,14,6,0.0,1.5,4,False,False,22.75
2021-06-14,5,22,22,23,27,24,0,20.0,0.9,98,0.0,191.6,1,14,6,0.0,1.5,5,False,False,23.5
2021-06-14,6,25,22,22,22,23,0,20.6,1.1,98,0.0,191.6,1,14,6,0.0,1.5,6,False,False,22.75
2021-06-14,7,26,38,71,112,62,0,21.5,1.5,98,0.0,191.6,1,14,6,0.0,1.5,7,False,False,61.75
2021-06-14,8,154,175,197,204,183,218,23.0,1.9,90,0.0,191.6,1,14,6,0.298630137,1.5,8,False,False,182.5
2021-06-14,9,185,178,170,180,178,701,25.1,1.5,75,0.0,191.6,1,14,6,0.983169705,1.0,9,False,False,178.25
2021-06-14,10,157,180,180,167,171,434,23.8,3.5,79,0.0,191.6,1,14,6,0.634502924,1.0,10,False,False,171.0
2021-06-14,11,173,190,187,175,181,1351,24.4,3.8,78,0.0,191.6,1,14,6,1.863448276,1.0,11,False,False,181.25
2021-06-14,12,123,104,108,140,119,0,23.9,3.3,80,0.0,191.6,1,14,6,0.0,1.0,12,False,False,118.75
2021-06-14,13,175,187,192,188,186,2839,22.4,3.1,88,0.0,191.6,1,14,6,3.826145553,1.0,13,False,False,185.5
2021-06-14,14,185,174,172,176,177,984,23.2,2.7,83,0.0,191.6,1,14,6,1.391796322,1.0,14,False,False,176.75
2021-06-14,15,148,181,190,192,178,960,23.0,3.0,86,0.0,191.6,1,14,6,1.35021097,1.0,15,False,False,177.75
2021-06-14,16,180,168,169,168,171,744,22.3,3.0,90,0.0,191.6,1,14,6,1.086131387,1.0,16,False,False,171.25
2021-06-14,17,130,117,159,179,146,1417,21.9,2.6,89,0.0,191.6,1,14,6,2.422222222,1.0,17,False,False,146.25
2021-06-14,18,182,182,169,158,173,829,21.3,2.4,91,0.0,191.6,1,14,6,1.199710564,1.5,18,False,False,172.75
2021-06-14,19,164,158,157,122,150,2256,20.8,2.0,94,0.0,191.6,1,14,6,3.75374376,1.5,19,False,False,150.25
2021-06-14,20,109,121,121,126,119,2,20.8,1.1,94,0.0,191.6,1,14,6,0.004192872,1.5,20,False,False,119.25
2021-06-14,21,120,122,125,125,123,380,21.0,1.1,93,0.0,191.6,1,14,6,0.772357724,1.5,21,False,False,123.0
2021-06-14,22,100,108,109,129,112,0,20.9,1.9,94,0.0,191.6,1,14,6,0.0,1.5,22,False,False,111.5
2021-06-14,23,118,113,106,90,107,18,20.6,1.1,97,0.0,191.6,1,14,6,0.042154567,1.5,23,False,False,106.75
2021-06-15,0,83,77,72,72,76,468,20.4,0.9,98,0.0,191.6,2,15,6,1.539473684,1.5,0,False,False,76.0
2021-06-15,1,100,110,115,116,110,0,20.4,0.6,98,0.0,191.6,2,15,6,0.0,1.5,1,False,False,110.25
2021-06-15,2,114,117,121,117,117,110,20.6,1.0,96,0.0,191.6,2,15,6,0.234541578,1.5,2,False,False,117.25
2021-06-15,3,104,119,117,123,116,69,20.4,1.2,94,0.0,191.6,2,15,6,0.149028078,1.5,3,False,False,115.75
2021-06-15,4,122,111,100,106,110,69,20.4,1.2,94,0.0,191.6,2,15,6,0.157175399,1.5,4,False,False,109.75
2021-06-15,5,94,87,96,112,97,0,20.4,0.9,95,0.0,191.6,2,15,6,0.0,1.5,5,False,False,97.25
2021-06-15,6,121,118,117,117,118,128,20.7,0.8,96,0.0,191.6,2,15,6,0.270613108,1.5,6,False,False,118.25
2021-06-15,7,116,119,144,150,132,1228,22.0,1.3,90,0.0,191.6,2,15,6,2.321361059,1.5,7,False,False,132.25
2021-06-15,8,176,196,198,181,188,2120,22.0,2.2,88,0.0,191.6,2,15,6,2.822902796,1.5,8,False,False,187.75
2021-06-15,9,184,195,176,188,186,1455,21.5,2.2,90,0.0,191.6,2,15,6,1.958277254,1.0,9,False,False,185.75
2021-06-15,10,138,174,181,164,164,1189,21.9,2.4,88,0.0,191.6,2,15,6,1.809741248,1.0,10,False,False,164.25
2021-06-15,11,162,180,167,184,173,1370,21.8,2.5,90,0.0,191.6,2,15,6,1.976911977,1.0,11,False,False,173.25
2021-06-15,12,128,105,92,122,112,274,21.7,1.6,90,0.0,191.6,2,15,6,0.612975391,1.0,12,False,False,111.75
2021-06-15,13,168,177,170,170,171,2845,21.4,2.4,92,0.0,191.6,2,15,6,4.153284672,1.0,13,False,False,171.25
2021-06-15,14,182,181,173,172,177,923,21.2,1.9,93,0.0,191.6,2,15,6,1.303672316,1.0,14,False,False,177.0
2021-06-15,15,137,168,171,176,163,994,21.0,2.1,97,0.0,191.6,2,15,6,1.524539877,1.0,15,False,False,163.0
2021-06-15,16,166,172,181,160,170,3214,20.6,1.9,98,0.3,191.6,2,15,6,4.733431517,1.0,16,False,False,169.75
2021-06-15,17,118,108,149,159,134,602,20.7,0.6,98,1.0,191.6,2,15,6,1.127340824,1.0,17,False,False,133.5
2021-06-15,18,161,161,153,170,161,2017,20.6,1.0,98,1.1,191.6,2,15,6,3.127131783,1.5,18,False,False,161.25
2021-06-15,19,162,159,154,147,156,1905,20.5,3.2,98,2.7,191.6,2,15,6,3.062700965,1.5,19,False,False,155.5
2021-06-15,20,133,131,127,120,128,1,20.0,2.6,98,4.1,191.6,2,15,6,0.001956947,1.5,20,False,False,127.75
2021-06-15,21,124,131,129,124,127,338,19.5,2.3,98,5.5,191.6,2,15,6,0.665354331,1.5,21,False,False,127.0
2021-06-15,22,108,111,116,123,115,24,18.4,3.1,98,6.2,191.6,2,15,6,0.052401747,1.5,22,False,False,114.5
2021-06-15,23,116,120,110,85,108,191,18.3,2.2,98,7.6,191.6,2,15,6,0.443155452,1.5,23,False,False,107.75
2021-06-16,0,76,73,71,72,73,550,18.7,2.6,98,0.2,191.6,3,16,6,1.883561644,1.5,0,False,False,73.0
2021-06-16,1,100,115,120,109,111,22,18.2,2.8,98,1.0,191.6,3,16,6,0.04954955,1.5,1,False,False,111.0
2021-06-16,2,106,117,116,117,114,175,18.3,3.1,98,3.7,191.6,3,16,6,0.38377193,1.5,2,False,False,114.0
2021-06-16,3,106,113,114,113,112,453,18.5,2.9,98,5.8,191.6,3,16,6,1.015695067,1.5,3,False,False,111.5
2021-06-16,4,118,115,113,102,112,85,18.7,2.8,98,6.4,191.6,3,16,6,0.189732143,1.5,4,False,False,112.0
2021-06-16,5,79,75,102,111,92,226,18.9,2.9,98,7.5,191.6,3,16,6,0.615803815,1.5,5,False,False,91.75
2021-06-16,6,114,119,121,105,115,194,18.9,2.9,98,8.9,191.6,3,16,6,0.422657952,1.5,6,False,False,114.75
2021-06-16,7,96,116,148,161,130,682,19.2,2.7,98,10.6,191.6,3,16,6,1.309021113,1.5,7,False,False,130.25
2021-06-16,8,170,185,180,173,177,1140,19.3,3.2,98,11.4,191.6,3,16,6,1.610169492,1.5,8,False,False,177.0
2021-06-16,9,171,168,187,192,180,1405,19.2,2.2,98,14.3,191.6,3,16,6,1.956824513,1.0,9,False,False,179.5
2021-06-16,10,150,179,193,190,178,873,19.3,3.1,98,15.4,191.6,3,16,6,1.226123596,1.0,10,False,False,178.0
2021-06-16,11,186,172,175,170,176,376,19.5,3.4,98,15.4,191.6,3,16,6,0.53485064,1.0,11,False,False,175.75
2021-06-16,12,120,104,95,116,109,776,19.8,3.7,96,15.4,191.6,3,16,6,1.783908046,1.0,12,False,False,108.75
2021-06-16,13,158,175,172,171,169,908,19.8,3.5,95,15.4,191.6,3,16,6,1.343195266,1.0,13,False,False,169.0
2021-06-16,14,167,169,172,174,171,2028,19.7,4.1,97,15.4,191.6,3,16,6,2.973607038,1.0,14,False,False,170.5
2021-06-16,15,138,177,180,157,163,1068,19.9,3.7,96,15.4,191.6,3,16,6,1.63803681,1.0,15,False,False,163.0
2021-06-16,16,165,171,177,160,168,1631,19.4,2.4,98,15.4,191.6,3,16,6,2.423476969,1.0,16,False,False,168.25
2021-06-16,17,133,139,166,177,154,69,19.4,3.2,98,15.9,191.6,3,16,6,0.112195122,1.0,17,False,False,153.75
2021-06-16,18,177,169,163,162,168,914,19.2,4.2,98,15.9,191.6,3,16,6,1.362146051,1.5,18,False,False,167.75
2021-06-16,19,152,145,142,117,139,2889,19.3,4.1,98,15.9,191.6,3,16,6,5.196043165,1.5,19,False,False,139.0
2021-06-16,20,108,112,120,115,114,289,18.9,3.4,98,15.9,191.6,3,16,6,0.635164835,1.5,20,False,False,113.75
2021-06-16,21,110,120,117,123,118,31,18.9,3.3,97,16.0,191.6,3,16,6,0.065957447,1.5,21,False,False,117.5
2021-06-16,22,102,102,99,107,103,201,18.4,3.2,98,16.2,191.6,3,16,6,0.490243902,1.5,22,False,False,102.5
2021-06-16,23,107,119,111,85,106,0,18.1,3.1,98,16.2,191.6,3,16,6,0.0,1.5,23,False,False,105.5
2021-06-17,0,72,72,72,71,72,0,17.6,2.4,98,0.4,191.6,4,17,6,0.0,1.5,0,False,False,71.75
2021-06-17,1,96,104,108,118,107,29,17.3,2.4,98,0.7,191.6,4,17,6,0.068075117,1.5,1,False,False,106.5
2021-06-17,2,115,117,107,110,112,141,17.1,2.3,98,0.9,191.6,4,17,6,0.31403118,1.5,2,False,False,112.25
2021-06-17,3,112,118,120,115,116,36,17.1,2.1,98,1.0,191.6,4,17,6,0.077419355,1.5,3,False,False,116.25
2021-06-17,4,111,110,114,115,113,160,16.9,2.5,98,1.2,191.6,4,17,6,0.355555556,1.5,4,False,False,112.5
2021-06-17,5,98,83,96,112,97,16,16.9,2.0,98,1.3,191.6,4,17,6,0.041131105,1.5,5,False,False,97.25
2021-06-17,6,118,116,126,122,121,231,17.4,2.9,98,1.3,191.6,4,17,6,0.479253112,1.5,6,False,False,120.5
2021-06-17,7,120,124,162,158,141,591,18.0,2.5,98,1.3,191.6,4,17,6,1.04787234,1.5,7,False,False,141.0
2021-06-17,8,178,193,197,193,190,1191,18.3,2.8,97,1.3,191.6,4,17,6,1.565045992,1.5,8,False,False,190.25
2021-06-17,9,188,180,173,179,180,987,18.6,2.4,95,1.3,191.6,4,17,6,1.370833333,1.0,9,False,False,180.0
2021-06-17,10,142,170,177,175,166,711,19.2,1.6,93,1.3,191.6,4,17,6,1.070783133,1.0,10,False,False,166.0
2021-06-17,11,188,190,177,177,183,3403,19.6,2.2,92,1.3,191.6,4,17,6,4.648907104,1.0,11,False,False,183.0
2021-06-17,12,116,88,85,123,103,202,19.4,2.2,91,1.3,191.6,4,17,6,0.490291262,1.0,12,False,False,103.0
2021-06-17,13,169,188,192,182,183,1735,20.2,1.5,89,1.3,191.6,4,17,6,2.373461012,1.0,13,False,False,182.75
2021-06-17,14,171,179,176,189,179,802,20.2,1.8,88,1.3,191.6,4,17,6,1.121678322,1.0,14,False,False,178.75
2021-06-17,15,147,179,179,174,170,1135,20.7,1.5,85,1.3,191.6,4,17,6,1.671575847,1.0,15,False,False,169.75
2021-06-17,16,166,164,170,174,169,358,20.0,1.4,86,1.3,191.6,4,17,6,0.53115727,1.0,16,False,False,168.5
2021-06-17,17,132,118,144,158,138,991,19.6,1.1,89,1.3,191.6,4,17,6,1.795289855,1.0,17,False,False,138.0
2021-06-17,18,171,166,177,167,170,1558,19.0,1.0,92,1.3,191.6,4,17,6,2.287812041,1.5,18,False,False,170.25
2021-06-17,19,160,160,169,147,159,2358,18.8,1.1,92,1.3,191.6,4,17,6,3.70754717,1.5,19,False,False,159.0
2021-06-17,20,133,143,143,135,139,6,18.7,1.0,93,1.3,191.6,4,17,6,0.010830325,1.5,20,False,False,138.5
2021-06-17,21,125,134,125,123,127,2,18.7,0.0,95,1.3,191.6,4,17,6,0.003944773,1.5,21,False,False,126.75
2021-06-17,22,119,128,126,127,125,28,18.8,0.7,96,1.3,191.6,4,17,6,0.056,1.5,22,False,False,125.0
2021-06-17,23,125,120,105,94,111,10,18.8,0.7,96,1.3,191.6,4,17,6,0.022522523,1.5,23,False,False,111.0
2021-06-18,0,90,82,75,73,80,200,18.5,0.7,98,0.2,191.6,5,18,6,0.625,1.5,0,False,False,80.0
2021-06-18,1,98,117,117,115,112,191,18.3,0.2,98,0.5,191.6,5,18,6,0.427293065,1.5,1,False,False,111.75
2021-06-18,2,117,121,117,105,115,98,18.3,0.4,98,0.5,191.6,5,18,6,0.213043478,1.5,2,False,False,115.0
2021-06-18,3,101,118,126,111,114,185,18.1,0.3,98,0.7,191.6,5,18,6,0.405701754,1.5,3,False,False,114.0
2021-06-18,4,104,110,117,115,112,0,17.9,0.6,98,1.5,191.6,5,18,6,0.0,1.5,4,False,False,111.5
2021-06-18,5,96,90,100,120,102,0,17.9,0.5,98,2.6,191.6,5,18,6,0.0,1.5,5,False,False,101.5
2021-06-18,6,123,122,123,114,121,460,18.4,0.1,98,2.8,191.6,5,18,6,0.954356846,1.5,6,False,False,120.5
2021-06-18,7,112,125,138,157,133,1086,18.8,0.7,98,2.9,191.6,5,18,6,2.041353383,1.5,7,False,False,133.0
2021-06-18,8,166,153,150,177,162,470,19.6,0.4,98,2.9,191.6,5,18,6,0.72755418,1.5,8,False,False,161.5
2021-06-18,9,168,162,166,186,171,680,20.3,0.9,98,2.9,191.6,5,18,6,0.997067449,1.0,9,False,False,170.5
2021-06-18,10,156,179,168,156,165,771,22.7,0.9,92,2.9,191.6,5,18,6,1.169954476,1.0,10,False,False,164.75
2021-06-18,11,165,185,182,177,177,982,23.2,1.3,80,2.9,191.6,5,18,6,1.385049365,1.0,11,False,False,177.25
2021-06-18,12,104,88,90,124,102,235,23.4,1.0,83,2.9,191.6,5,18,6,0.578817734,1.0,12,False,False,101.5
2021-06-18,13,170,180,176,171,174,2310,25.0,1.6,77,2.9,191.6,5,18,6,3.31420373,1.0,13,False,False,174.25
2021-06-18,14,170,166,153,165,164,1500,24.7,1.2,78,2.9,191.6,5,18,6,2.293577982,1.0,14,False,False,163.5
2021-06-18,15,130,170,168,154,156,805,23.1,1.6,83,2.9,191.6,5,18,6,1.294212219,1.0,15,False,False,155.5
2021-06-18,16,156,161,174,156,162,1065,22.5,1.5,87,2.9,191.6,5,18,6,1.646058733,1.0,16,False,False,161.75
2021-06-18,17,140,133,153,164,148,527,22.2,1.0,90,2.9,191.6,5,18,6,0.893220339,1.0,17,False,False,147.5
2021-06-18,18,154,146,150,151,150,766,22.4,0.3,90,2.9,191.6,5,18,6,1.274542429,1.5,18,False,False,150.25
2021-06-18,19,139,138,142,131,138,3528,21.8,0.0,95,2.9,191.6,5,18,6,6.414545455,1.5,19,False,False,137.5
2021-06-18,20,119,124,114,112,117,322,21.6,1.8,94,2.9,191.6,5,18,6,0.686567164,1.5,20,False,False,117.25
2021-06-18,21,108,115,110,121,114,92,21.2,0.6,93,2.9,191.6,5,18,6,0.202643172,1.5,21,False,False,113.5
2021-06-18,22,117,115,116,108,114,33,21.3,1.3,95,2.9,191.6,5,18,6,0.072368421,1.5,22,False,False,114.0
2021-06-18,23,116,120,109,80,106,70,21.1,1.5,96,2.9,191.6,5,18,6,0.164705882,1.5,23,False,False,106.25
2021-06-19,0,70,67,65,65,67,104,20.5,1.3,98,0.0,191.6,6,19,6,0.389513109,1.5,0,False,False,66.75
2021-06-19,1,95,114,114,118,110,102,20.5,2.1,95,0.0,191.6,6,19,6,0.231292517,1.5,1,False,False,110.25
2021-06-19,2,119,116,111,114,115,6,20.2,1.4,91,0.0,191.6,6,19,6,0.013043478,1.5,2,False,False,115.0
2021-06-19,3,92,109,99,98,100,50,19.4,1.7,88,0.0,191.6,6,19,6,0.125628141,1.5,3,False,False,99.5
2021-06-19,4,105,108,114,110,109,0,20.2,2.1,82,0.0,191.6,6,19,6,0.0,1.5,4,False,False,109.25
2021-06-19,5,85,76,90,102,88,3,20.6,2.5,80,0.0,191.6,6,19,6,0.008498584,1.5,5,False,False,88.25
2021-06-19,6,109,105,103,94,103,450,22.1,2.8,73,0.0,191.6,6,19,6,1.094890511,1.5,6,False,False,102.75
2021-06-19,7,82,74,41,32,57,844,23.3,2.0,72,0.0,191.6,6,19,6,3.68558952,1.5,7,False,False,57.25
2021-06-19,8,25,22,22,22,23,0,24.2,3.1,63,0.0,191.6,6,19,6,0.0,1.5,8,False,False,22.75
2021-06-19,9,22,22,22,22,22,0,25.2,3.1,54,0.0,191.6,6,19,6,0.0,1.0,9,False,False,22.0
2021-06-19,10,22,22,22,22,22,0,26.5,2.2,50,0.0,191.6,6,19,6,0.0,1.0,10,False,False,22.0
2021-06-19,11,24,27,23,22,24,0,26.6,1.6,52,0.0,191.6,6,19,6,0.0,1.0,11,False,False,24.0
2021-06-19,12,22,22,22,22,22,0,26.3,3.9,46,0.0,191.6,6,19,6,0.0,1.0,12,False,False,22.0
2021-06-19,13,22,21,22,22,22,0,27.0,3.5,47,0.0,191.6,6,19,6,0.0,1.0,13,False,False,21.75
2021-06-19,14,22,23,27,26,25,0,26.9,2.7,48,0.0,191.6,6,19,6,0.0,1.0,14,False,False,24.5
2021-06-19,15,22,22,23,22,22,0,26.5,2.3,46,0.0,191.6,6,19,6,0.0,1.0,15,False,False,22.25
2021-06-19,16,22,22,22,22,22,0,25.6,2.0,51,0.0,191.6,6,19,6,0.0,1.0,16,False,False,22.0
2021-06-19,17,23,22,22,23,23,0,24.1,1.3,47,0.0,191.6,6,19,6,0.0,1.0,17,False,False,22.5
2021-06-19,18,23,27,25,22,24,0,23.5,1.2,61,0.0,191.6,6,19,6,0.0,1.5,18,False,False,24.25
2021-06-19,19,22,22,22,22,22,0,22.4,0.8,70,0.0,191.6,6,19,6,0.0,1.5,19,False,False,22.0
2021-06-19,20,22,22,22,22,22,0,21.9,0.3,76,0.0,191.6,6,19,6,0.0,1.5,20,False,False,22.0
2021-06-19,21,22,22,23,27,24,0,21.0,0.9,82,0.0,191.6,6,19,6,0.0,1.5,21,False,False,23.5
2021-06-19,22,25,23,22,22,23,0,19.9,0.1,82,0.0,191.6,6,19,6,0.0,1.5,22,False,False,23.0
2021-06-19,23,22,22,22,22,22,0,19.6,0.5,83,0.0,191.6,6,19,6,0.0,1.5,23,False,False,22.0
2021-06-20,0,22,22,22,22,22,0,19.3,1.2,88,0.0,191.6,7,20,6,0.0,1.5,0,False,False,22.0
2021-06-20,1,24,27,24,22,24,0,18.6,1.0,88,0.0,191.6,7,20,6,0.0,1.5,1,False,False,24.25
2021-06-20,2,22,22,22,22,22,0,18.4,0.1,90,0.0,191.6,7,20,6,0.0,1.5,2,False,False,22.0
2021-06-20,3,22,22,22,22,22,0,18.2,0.9,94,0.0,191.6,7,20,6,0.0,1.5,3,False,False,22.0
2021-06-20,4,22,22,23,27,24,0,17.5,0.5,95,0.0,191.6,7,20,6,0.0,1.5,4,False,False,23.5
2021-06-20,5,26,22,22,22,23,0,18.0,0.7,94,0.0,191.6,7,20,6,0.0,1.5,5,False,False,23.0
2021-06-20,6,22,22,22,22,22,0,20.1,1.3,86,0.0,191.6,7,20,6,0.0,1.5,6,False,False,22.0
2021-06-20,7,21,21,22,22,22,0,21.8,1.6,79,0.0,191.6,7,20,6,0.0,1.5,7,False,False,21.5
2021-06-20,8,23,26,24,22,24,0,23.5,1.1,70,0.0,191.6,7,20,6,0.0,1.5,8,False,False,23.75
2021-06-20,9,22,22,22,22,22,0,25.5,1.0,61,0.0,191.6,7,20,6,0.0,1.0,9,False,False,22.0
2021-06-20,10,22,22,22,22,22,0,25.9,1.6,67,0.0,191.6,7,20,6,0.0,1.0,10,False,False,22.0
2021-06-20,11,22,23,27,25,24,0,26.9,2.0,63,0.0,191.6,7,20,6,0.0,1.0,11,False,False,24.25
2021-06-20,12,22,22,22,22,22,0,26.8,2.2,64,0.0,191.6,7,20,6,0.0,1.0,12,False,False,22.0
2021-06-20,13,23,22,22,22,22,0,26.2,2.3,62,0.0,191.6,7,20,6,0.0,1.0,13,False,False,22.25
2021-06-20,14,22,22,23,24,23,0,27.0,1.9,67,0.0,191.6,7,20,6,0.0,1.0,14,False,False,22.75
2021-06-20,15,28,24,23,23,25,0,27.6,1.8,61,0.0,191.6,7,20,6,0.0,1.0,15,False,False,24.5
2021-06-20,16,23,22,24,24,23,0,28.0,1.7,58,0.0,191.6,7,20,6,0.0,1.0,16,False,False,23.25
2021-06-20,17,24,23,23,22,23,0,27.6,1.2,58,0.0,191.6,7,20,6,0.0,1.0,17,False,False,23.0
2021-06-20,18,22,26,26,23,24,0,25.9,1.2,63,0.0,191.6,7,20,6,0.0,1.5,18,False,False,24.25
2021-06-20,19,23,22,23,22,23,0,23.7,0.7,76,0.0,191.6,7,20,6,0.0,1.5,19,False,False,22.5
2021-06-20,20,22,22,22,22,22,0,22.5,1.2,84,0.0,191.6,7,20,6,0.0,1.5,20,False,False,22.0
2021-06-20,21,23,23,26,27,25,0,22.0,0.0,86,0.0,191.6,7,20,6,0.0,1.5,21,False,False,24.75
2021-06-20,22,23,23,22,22,23,0,21.7,0.2,87,0.0,191.6,7,20,6,0.0,1.5,22,False,False,22.5
2021-06-20,23,23,22,22,23,23,0,21.1,0.1,90,0.0,191.6,7,20,6,0.0,1.5,23,False,False,22.5
2021-06-21,0,23,22,23,25,23,0,20.6,0.6,92,0.0,191.6,1,21,6,0.0,1.5,0,False,False,23.25
2021-06-21,1,28,23,22,22,24,0,19.9,0.0,96,0.0,191.6,1,21,6,0.0,1.5,1,False,False,23.75
2021-06-21,2,23,22,22,22,22,0,20.1,0.4,95,0.0,191.6,1,21,6,0.0,1.5,2,False,False,22.25
2021-06-21,3,23,22,23,22,23,0,19.3,0.5,96,0.0,191.6,1,21,6,0.0,1.5,3,False,False,22.5
2021-06-21,4,24,27,24,23,25,0,19.6,2.0,86,0.0,191.6,1,21,6,0.0,1.5,4,False,False,24.5
2021-06-21,5,23,22,22,22,22,0,21.2,2.4,69,0.0,191.6,1,21,6,0.0,1.5,5,False,False,22.25
2021-06-21,6,22,22,22,23,22,0,22.7,1.1,57,0.0,191.6,1,21,6,0.0,1.5,6,False,False,22.25
2021-06-21,7,29,38,62,101,58,0,24.0,1.5,61,0.0,191.6,1,21,6,0.0,1.5,7,False,False,57.5
2021-06-21,8,148,196,208,206,190,180,25.2,2.1,55,0.0,191.6,1,21,6,0.237467018,1.5,8,False,False,189.5
2021-06-21,9,192,194,184,187,189,1350,26.9,2.2,46,0.0,191.6,1,21,6,1.78335535,1.0,9,False,False,189.25
2021-06-21,10,164,202,196,178,185,1175,27.4,2.8,43,0.0,191.6,1,21,6,1.587837838,1.0,10,False,False,185.0
2021-06-21,11,174,170,191,189,181,2287,27.8,3.1,41,0.0,191.6,1,21,6,3.158839779,1.0,11,False,False,181.0
2021-06-21,12,132,102,98,126,115,24,25.2,3.7,62,0.0,191.6,1,21,6,0.052401747,1.0,12,False,False,114.5
2021-06-21,13,178,190,191,199,190,642,24.8,3.9,68,0.0,191.6,1,21,6,0.846965699,1.0,13,False,False,189.5
2021-06-21,14,178,182,201,196,189,1038,22.6,3.7,76,0.0,191.6,1,21,6,1.371202114,1.0,14,False,False,189.25
2021-06-21,15,151,174,184,165,169,1258,21.1,2.8,82,0.0,191.6,1,21,6,1.866468843,1.0,15,False,False,168.5
2021-06-21,16,164,154,160,162,160,955,22.2,1.9,79,0.0,191.6,1,21,6,1.4921875,1.0,16,False,False,160.0
2021-06-21,17,117,109,148,162,134,1810,21.3,3.3,83,0.0,191.6,1,21,6,3.376865672,1.0,17,False,False,134.0
2021-06-21,18,155,156,157,157,156,2438,21.0,2.9,79,0.0,191.6,1,21,6,3.9008,1.5,18,False,False,156.25
2021-06-21,19,145,159,150,119,143,2118,20.2,2.0,80,0.0,191.6,1,21,6,3.696335079,1.5,19,False,False,143.25
2021-06-21,20,115,133,134,125,127,137,19.9,2.5,78,0.0,191.6,1,21,6,0.270216963,1.5,20,False,False,126.75
2021-06-21,21,121,122,133,131,127,72,19.4,2.1,81,0.0,191.6,1,21,6,0.142011834,1.5,21,False,False,126.75
2021-06-21,22,100,118,117,121,114,100,19.0,1.9,81,0.0,191.6,1,21,6,0.219298246,1.5,22,False,False,114.0
2021-06-21,23,124,130,113,82,112,56,18.9,1.6,86,0.0,191.6,1,21,6,0.124721604,1.5,23,False,False,112.25
2021-06-22,0,69,71,74,71,71,226,18.3,1.2,85,0.0,191.6,2,22,6,0.792982456,1.5,0,False,False,71.25
2021-06-22,1,93,112,109,118,108,24,17.8,1.2,89,0.0,191.6,2,22,6,0.055555556,1.5,1,False,False,108.0
2021-06-22,2,118,110,103,120,113,0,17.3,1.4,93,0.0,191.6,2,22,6,0.0,1.5,2,False,False,112.75
2021-06-22,3,96,123,117,116,113,606,16.8,1.7,95,0.0,191.6,2,22,6,1.340707965,1.5,3,False,False,113.0
2021-06-22,4,113,112,121,120,117,40,17.2,1.4,93,0.0,191.6,2,22,6,0.08583691,1.5,4,False,False,116.5
2021-06-22,5,86,76,100,112,94,850,17.9,1.8,89,0.0,191.6,2,22,6,2.272727273,1.5,5,False,False,93.5
2021-06-22,6,117,117,114,108,114,157,18.7,1.7,87,0.0,191.6,2,22,6,0.344298246,1.5,6,False,False,114.0
2021-06-22,7,105,128,162,159,139,1039,19.6,2.1,78,0.0,191.6,2,22,6,1.875451264,1.5,7,False,False,138.5
2021-06-22,8,165,167,174,178,171,433,20.7,2.1,72,0.0,191.6,2,22,6,0.633040936,1.5,8,False,False,171.0
2021-06-22,9,170,176,160,160,167,4451,20.9,1.4,73,0.0,191.6,2,22,6,6.683183183,1.0,9,False,False,166.5
2021-06-22,10,140,175,189,185,172,1033,20.4,2.6,77,0.0,191.6,2,22,6,1.499274311,1.0,10,False,False,172.25
2021-06-22,11,169,172,180,168,172,1559,21.7,1.4,74,0.0,191.6,2,22,6,2.262699565,1.0,11,False,False,172.25
2021-06-22,12,116,104,101,122,111,351,22.6,2.2,70,0.0,191.6,2,22,6,0.792325056,1.0,12,False,False,110.75
2021-06-22,13,156,155,168,186,166,628,22.3,2.4,70,0.0,191.6,2,22,6,0.944360902,1.0,13,False,False,166.25
2021-06-22,14,172,151,140,163,157,1159,22.0,3.1,71,0.0,191.6,2,22,6,1.8514377,1.0,14,False,False,156.5
2021-06-22,15,125,171,168,161,156,953,20.7,2.3,76,0.0,191.6,2,22,6,1.5248,1.0,15,False,False,156.25
2021-06-22,16,148,175,162,154,160,1619,20.3,2.0,80,0.0,191.6,2,22,6,2.533646322,1.0,16,False,False,159.75
2021-06-22,17,104,87,129,159,120,276,19.6,1.6,85,0.1,191.6,2,22,6,0.576200418,1.0,17,False,False,119.75
2021-06-22,18,164,150,147,149,153,907,19.2,1.1,88,0.1,191.6,2,22,6,1.486885246,1.5,18,False,False,152.5
2021-06-22,19,153,142,174,154,156,2535,19.3,1.8,85,0.1,191.6,2,22,6,4.069020867,1.5,19,False,False,155.75
2021-06-22,20,133,134,129,134,133,59,19.3,1.7,85,0.1,191.6,2,22,6,0.111320755,1.5,20,False,False,132.5
2021-06-22,21,123,128,128,123,126,112,19.5,1.5,84,0.1,191.6,2,22,6,0.22310757,1.5,21,False,False,125.5
2021-06-22,22,98,122,118,116,114,123,19.0,1.9,88,0.1,191.6,2,22,6,0.27092511,1.5,22,False,False,113.5
2021-06-22,23,131,120,114,88,113,144,18.9,1.1,89,0.1,191.6,2,22,6,0.317880795,1.5,23,False,False,113.25
2021-06-23,0,70,69,69,68,69,126,18.6,1.8,92,0.0,191.6,3,23,6,0.456521739,1.5,0,False,False,69.0
2021-06-23,1,97,105,102,106,103,61,18.2,1.8,92,0.0,191.6,3,23,6,0.148780488,1.5,1,False,False,102.5
2021-06-23,2,119,123,123,113,120,46,18.2,1.6,93,0.0,191.6,3,23,6,0.09623431,1.5,2,False,False,119.5
2021-06-23,3,92,99,108,113,103,150,17.4,1.6,97,0.0,191.6,3,23,6,0.36407767,1.5,3,False,False,103.0
2021-06-23,4,116,111,109,111,112,41,17.2,1.1,98,0.0,191.6,3,23,6,0.091722595,1.5,4,False,False,111.75
2021-06-23,5,86,72,98,125,95,1006,17.1,2.1,98,0.0,191.6,3,23,6,2.640419948,1.5,5,False,False,95.25
2021-06-23,6,125,115,108,119,117,106,18.3,1.5,95,0.0,191.6,3,23,6,0.226980728,1.5,6,False,False,116.75
2021-06-23,7,120,134,158,149,140,1090,19.2,1.1,89,0.0,191.6,3,23,6,1.942959002,1.5,7,False,False,140.25
2021-06-23,8,151,174,165,160,163,898,19.9,0.4,84,0.0,191.6,3,23,6,1.381538462,1.5,8,False,False,162.5
2021-06-23,9,162,160,161,156,160,1005,20.1,1.4,81,0.0,191.6,3,23,6,1.572769953,1.0,9,False,False,159.75
2021-06-23,10,127,149,156,160,148,4520,20.5,1.7,83,0.0,191.6,3,23,6,7.635135135,1.0,10,False,False,148.0
2021-06-23,11,166,152,152,153,156,1185,20.7,1.7,80,0.0,191.6,3,23,6,1.902086677,1.0,11,False,False,155.75
2021-06-23,12,97,85,86,104,93,16,21.2,3.1,77,0.0,191.6,3,23,6,0.043010753,1.0,12,False,False,93.0
2021-06-23,13,153,149,150,161,153,854,21.0,3.1,80,0.0,191.6,3,23,6,1.39314845,1.0,13,False,False,153.25
2021-06-23,14,149,146,156,153,151,1068,20.9,3.8,78,0.0,191.6,3,23,6,1.768211921,1.0,14,False,False,151.0
2021-06-23,15,132,165,161,142,150,1057,21.1,3.2,77,0.0,191.6,3,23,6,1.761666667,1.0,15,False,False,150.0
2021-06-23,16,142,165,168,163,160,668,20.8,2.2,80,0.0,191.6,3,23,6,1.047021944,1.0,16,False,False,159.5
2021-06-23,17,102,98,142,170,128,1183,20.5,2.9,79,0.0,191.6,3,23,6,2.310546875,1.0,17,False,False,128.0
2021-06-23,18,166,161,161,158,162,1462,20.1,1.8,83,0.0,191.6,3,23,6,2.263157895,1.5,18,False,False,161.5
2021-06-23,19,146,141,143,117,137,1696,19.7,1.5,84,0.0,191.6,3,23,6,3.100548446,1.5,19,False,False,136.75
2021-06-23,20,126,123,125,136,128,133,19.5,1.7,84,0.0,191.6,3,23,6,0.260784314,1.5,20,False,False,127.5
2021-06-23,21,126,124,127,126,126,68,19.1,1.5,84,0.0,191.6,3,23,6,0.135188867,1.5,21,False,False,125.75
2021-06-23,22,91,120,123,122,114,75,19.3,1.2,84,0.0,191.6,3,23,6,0.164473684,1.5,22,False,False,114.0
2021-06-23,23,103,120,116,101,110,381,19.3,1.5,84,0.0,191.6,3,23,6,0.865909091,1.5,23,False,False,110.0
2021-06-24,0,73,70,69,69,70,200,19.2,1.0,85,0.0,191.6,4,24,6,0.711743772,1.5,0,False,False,70.25
2021-06-24,1,98,106,119,121,111,204,18.8,1.2,86,0.0,191.6,4,24,6,0.459459459,1.5,1,False,False,111.0
2021-06-24,2,126,120,113,113,118,207,18.6,0.9,86,0.0,191.6,4,24,6,0.438559322,1.5,2,False,False,118.0
2021-06-24,3,106,117,121,123,117,77,18.0,1.0,89,0.0,191.6,4,24,6,0.164882227,1.5,3,False,False,116.75
2021-06-24,4,118,114,121,112,116,64,17.8,1.1,91,0.0,191.6,4,24,6,0.137634409,1.5,4,False,False,116.25
2021-06-24,5,99,83,106,116,101,10,18.3,1.6,91,0.0,191.6,4,24,6,0.024752475,1.5,5,False,False,101.0
2021-06-24,6,124,122,112,113,118,116,19.6,0.9,85,0.0,191.6,4,24,6,0.246284501,1.5,6,False,False,117.75
2021-06-24,7,120,136,169,172,149,1695,20.3,0.9,82,0.0,191.6,4,24,6,2.83919598,1.5,7,False,False,149.25
2021-06-24,8,171,188,185,184,182,429,20.8,1.0,81,0.0,191.6,4,24,6,0.589285714,1.5,8,False,False,182.0
2021-06-24,9,154,165,172,156,162,902,21.7,0.7,76,0.0,191.6,4,24,6,1.394126739,1.0,9,False,False,161.75
2021-06-24,10,123,154,168,171,154,2375,23.3,1.1,68,0.0,191.6,4,24,6,3.855519481,1.0,10,False,False,154.0
2021-06-24,11,163,165,170,156,164,2152,24.1,1.5,68,0.0,191.6,4,24,6,3.290519878,1.0,11,False,False,163.5
2021-06-24,12,113,93,99,116,105,328,25.1,1.3,62,0.0,191.6,4,24,6,0.779097387,1.0,12,False,False,105.25
2021-06-24,13,147,163,182,190,171,814,24.0,2.1,67,0.0,191.6,4,24,6,1.193548387,1.0,13,False,False,170.5
2021-06-24,14,175,169,151,158,163,1221,23.7,2.0,69,0.0,191.6,4,24,6,1.869831547,1.0,14,False,False,163.25
2021-06-24,15,114,141,166,180,150,2131,23.7,2.0,70,0.0,191.6,4,24,6,3.545757072,1.0,15,False,False,150.25
2021-06-24,16,163,157,165,164,162,959,23.0,1.5,74,0.0,191.6,4,24,6,1.477657935,1.0,16,False,False,162.25
2021-06-24,17,123,107,145,164,135,232,22.8,1.3,76,0.0,191.6,4,24,6,0.430426716,1.0,17,False,False,134.75
2021-06-24,18,152,146,142,159,150,1270,21.5,1.3,79,0.0,191.6,4,24,6,2.120200334,1.5,18,False,False,149.75
2021-06-24,19,160,154,168,155,159,2119,20.9,1.0,85,0.0,191.6,4,24,6,3.326530612,1.5,19,False,False,159.25
2021-06-24,20,128,131,141,142,136,31,20.3,0.8,88,0.0,191.6,4,24,6,0.057195572,1.5,20,False,False,135.5
2021-06-24,21,140,142,122,120,131,21,20.0,0.9,90,0.0,191.6,4,24,6,0.040076336,1.5,21,False,False,131.0
2021-06-24,22,104,124,122,135,121,0,19.1,0.7,94,0.0,191.6,4,24,6,0.0,1.5,22,False,False,121.25
2021-06-24,23,129,122,119,89,115,86,19.6,0.4,95,0.0,191.6,4,24,6,0.187363834,1.5,23,False,False,114.75
2021-06-25,0,74,70,70,70,71,0,19.0,0.1,96,0.0,191.6,5,25,6,0.0,1.5,0,False,False,71.0
2021-06-25,1,104,123,128,121,119,13,19.1,0.4,97,0.0,191.6,5,25,6,0.027310924,1.5,1,False,False,119.0
2021-06-25,2,125,126,102,115,117,72,18.9,0.0,98,0.0,191.6,5,25,6,0.153846154,1.5,2,False,False,117.0
2021-06-25,3,98,124,127,128,119,1602,19.3,0.3,97,0.0,191.6,5,25,6,3.358490566,1.5,3,False,False,119.25
2021-06-25,4,116,116,122,119,118,72,18.4,0.7,98,0.0,191.6,5,25,6,0.152219873,1.5,4,False,False,118.25
2021-06-25,5,105,93,112,114,106,2078,18.7,0.7,98,0.0,191.6,5,25,6,4.900943396,1.5,5,False,False,106.0
2021-06-25,6,108,107,120,122,114,120,20.1,0.0,94,0.0,191.6,5,25,6,0.262582057,1.5,6,False,False,114.25
2021-06-25,7,122,124,152,142,135,1336,22.3,0.7,83,0.0,191.6,5,25,6,2.474074074,1.5,7,False,False,135.0
2021-06-25,8,135,154,166,168,156,1077,22.7,1.1,79,0.0,191.6,5,25,6,1.728731942,1.5,8,False,False,155.75
2021-06-25,9,162,170,178,169,170,620,25.2,1.4,66,0.0,191.6,5,25,6,0.913107511,1.0,9,False,False,169.75
2021-06-25,10,151,176,178,182,172,1426,25.9,1.7,68,0.0,191.6,5,25,6,2.075691412,1.0,10,False,False,171.75
2021-06-25,11,184,177,177,183,180,1382,26.0,2.0,67,0.0,191.6,5,25,6,1.916782247,1.0,11,False,False,180.25
2021-06-25,12,136,112,105,134,122,262,26.5,2.1,68,0.0,191.6,5,25,6,0.53798768,1.0,12,False,False,121.75
2021-06-25,13,185,184,174,174,179,1234,26.0,2.1,66,0.0,191.6,5,25,6,1.721059972,1.0,13,False,False,179.25
2021-06-25,14,184,177,169,178,177,705,25.1,2.3,71,0.0,191.6,5,25,6,0.995762712,1.0,14,False,False,177.0
2021-06-25,15,152,182,186,178,175,414,24.8,2.0,73,0.0,191.6,5,25,6,0.593123209,1.0,15,False,False,174.5
2021-06-25,16,165,155,169,176,166,790,25.0,1.7,68,0.0,191.6,5,25,6,1.187969925,1.0,16,False,False,166.25
2021-06-25,17,126,104,154,180,141,758,24.3,1.3,70,0.0,191.6,5,25,6,1.343971631,1.0,17,False,False,141.0
2021-06-25,18,164,148,130,124,142,1300,23.0,1.1,78,0.0,191.6,5,25,6,2.296819788,1.5,18,False,False,141.5
2021-06-25,19,127,111,107,96,110,2139,21.7,1.4,87,0.0,191.6,5,25,6,4.850340136,1.5,19,False,False,110.25
2021-06-25,20,100,109,111,115,109,10,21.7,1.8,89,0.0,191.6,5,25,6,0.022988506,1.5,20,False,False,108.75
2021-06-25,21,121,118,118,108,116,16,21.3,1.0,89,0.0,191.6,5,25,6,0.034408602,1.5,21,False,False,116.25
2021-06-25,22,108,116,136,132,123,303,21.0,0.4,89,0.0,191.6,5,25,6,0.615853659,1.5,22,False,False,123.0
2021-06-25,23,122,107,94,84,102,229,21.0,0.1,89,0.0,191.6,5,25,6,0.562653563,1.5,23,False,False,101.75
2021-06-26,0,71,71,71,71,71,0,21.1,0.3,90,0.0,191.6,6,26,6,0.0,1.5,0,False,False,71.0
2021-06-26,1,103,124,124,112,116,204,20.9,0.9,91,0.0,191.6,6,26,6,0.440604752,1.5,1,False,False,115.75
2021-06-26,2,107,103,109,125,111,875,20.3,0.3,94,0.0,191.6,6,26,6,1.970720721,1.5,2,False,False,111.0
2021-06-26,3,104,113,113,107,109,62,19.9,1.7,97,0.0,191.6,6,26,6,0.14187643,1.5,3,False,False,109.25
2021-06-26,4,120,131,124,126,125,205,19.9,1.2,97,0.0,191.6,6,26,6,0.409181637,1.5,4,False,False,125.25
2021-06-26,5,96,79,101,113,97,130,20.0,0.8,97,0.0,191.6,6,26,6,0.334190231,1.5,5,False,False,97.25
2021-06-26,6,119,127,119,107,118,0,20.5,0.2,97,0.0,191.6,6,26,6,0.0,1.5,6,False,False,118.0
2021-06-26,7,95,94,64,30,71,2337,20.4,0.8,98,0.0,191.6,6,26,6,8.25795053,1.5,7,False,False,70.75
2021-06-26,8,24,23,23,23,23,0,21.5,0.5,95,0.2,191.6,6,26,6,0.0,1.5,8,False,False,23.25
2021-06-26,9,23,23,23,23,23,0,21.8,1.2,91,0.2,191.6,6,26,6,0.0,1.0,9,False,False,23.0
2021-06-26,10,23,25,28,27,26,0,23.9,1.0,83,0.2,191.6,6,26,6,0.0,1.0,10,False,False,25.75
2021-06-26,11,23,24,24,24,24,0,26.4,1.5,59,0.2,191.6,6,26,6,0.0,1.0,11,False,False,23.75
2021-06-26,12,23,24,24,24,24,0,26.0,0.7,59,0.2,191.6,6,26,6,0.0,1.0,12,False,False,23.75
2021-06-26,13,23,23,27,28,25,0,27.2,1.9,63,0.2,191.6,6,26,6,0.0,1.0,13,False,False,25.25
2021-06-26,14,25,23,23,24,24,0,26.0,1.8,65,0.2,191.6,6,26,6,0.0,1.0,14,False,False,23.75
2021-06-26,15,23,23,23,24,23,0,25.2,2.5,70,0.2,191.6,6,26,6,0.0,1.0,15,False,False,23.25
2021-06-26,16,23,23,23,24,23,0,23.9,1.4,71,0.2,191.6,6,26,6,0.0,1.0,16,False,False,23.25
2021-06-26,17,28,28,23,24,26,0,23.6,1.1,72,0.2,191.6,6,26,6,0.0,1.0,17,False,False,25.75
2021-06-26,18,24,24,23,24,24,0,23.3,1.9,74,0.2,191.6,6,26,6,0.0,1.5,18,False,False,23.75
2021-06-26,19,24,23,24,24,24,0,22.3,0.6,80,0.2,191.6,6,26,6,0.0,1.5,19,False,False,23.75
2021-06-26,20,24,28,25,23,25,0,21.5,0.7,88,0.2,191.6,6,26,6,0.0,1.5,20,False,False,25.0
2021-06-26,21,23,24,23,24,24,0,20.7,0.2,91,0.2,191.6,6,26,6,0.0,1.5,21,False,False,23.5
2021-06-26,22,24,24,23,24,24,0,20.3,0.2,93,0.2,191.6,6,26,6,0.0,1.5,22,False,False,23.75
2021-06-26,23,23,24,28,27,26,0,20.1,1.5,91,0.2,191.6,6,26,6,0.0,1.5,23,False,False,25.5
2021-06-27,0,23,23,23,23,23,0,19.6,1.8,89,0.0,191.6,7,27,6,0.0,1.5,0,False,False,23.0
2021-06-27,1,23,23,23,23,23,0,19.3,1.6,88,0.0,191.6,7,27,6,0.0,1.5,1,False,False,23.0
2021-06-27,2,23,23,24,24,24,0,19.0,0.6,91,0.0,191.6,7,27,6,0.0,1.5,2,False,False,23.5
2021-06-27,3,27,24,23,24,25,0,18.2,0.7,95,0.0,191.6,7,27,6,0.0,1.5,3,False,False,24.5
2021-06-27,4,22,22,23,23,23,0,18.4,1.9,97,0.0,191.6,7,27,6,0.0,1.5,4,False,False,22.5
2021-06-27,5,22,23,23,24,23,0,18.6,0.4,98,0.0,191.6,7,27,6,0.0,1.5,5,False,False,23.0
2021-06-27,6,27,24,23,24,25,0,20.6,1.1,91,0.0,191.6,7,27,6,0.0,1.5,6,False,False,24.5
2021-06-27,7,23,23,23,23,23,0,22.0,2.6,85,0.0,191.6,7,27,6,0.0,1.5,7,False,False,23.0
2021-06-27,8,23,23,23,26,24,0,24.2,1.7,72,0.0,191.6,7,27,6,0.0,1.5,8,False,False,23.75
2021-06-27,9,28,26,24,24,26,0,25.7,3.2,61,0.0,191.6,7,27,6,0.0,1.0,9,False,False,25.5
2021-06-27,10,24,24,24,24,24,0,25.9,3.6,56,0.0,191.6,7,27,6,0.0,1.0,10,False,False,24.0
2021-06-27,11,24,24,24,24,24,0,26.0,3.5,61,0.0,191.6,7,27,6,0.0,1.0,11,False,False,24.0
2021-06-27,12,27,31,23,24,26,0,25.6,3.8,64,0.0,191.6,7,27,6,0.0,1.0,12,False,False,26.25
2021-06-27,13,24,24,24,24,24,0,25.6,3.7,64,0.0,191.6,7,27,6,0.0,1.0,13,False,False,24.0
2021-06-27,14,24,24,24,24,24,0,25.7,3.8,68,0.0,191.6,7,27,6,0.0,1.0,14,False,False,24.0
2021-06-27,15,24,29,28,24,26,0,25.1,2.8,70,0.0,191.6,7,27,6,0.0,1.0,15,False,False,26.25
2021-06-27,16,24,24,24,24,24,0,24.9,2.7,71,0.0,191.6,7,27,6,0.0,1.0,16,False,False,24.0
2021-06-27,17,24,24,24,24,24,0,23.9,2.9,73,0.0,191.6,7,27,6,0.0,1.0,17,False,False,24.0
2021-06-27,18,24,24,26,28,26,0,22.9,2.6,76,0.0,191.6,7,27,6,0.0,1.5,18,False,False,25.5
2021-06-27,19,25,25,24,23,24,0,22.3,2.8,84,0.0,191.6,7,27,6,0.0,1.5,19,False,False,24.25
2021-06-27,20,24,24,24,24,24,0,22.4,2.1,84,0.0,191.6,7,27,6,0.0,1.5,20,False,False,24.0
2021-06-27,21,24,24,24,24,24,0,21.9,1.0,87,0.0,191.6,7,27,6,0.0,1.5,21,False,False,24.0
2021-06-27,22,29,27,24,24,26,0,21.9,1.0,88,0.0,191.6,7,27,6,0.0,1.5,22,False,False,26.0
2021-06-27,23,24,24,24,24,24,0,22.0,0.9,88,0.0,191.6,7,27,6,0.0,1.5,23,False,False,24.0
2021-06-28,0,24,23,24,24,24,0,21.6,1.3,89,0.0,191.6,1,28,6,0.0,1.5,0,False,False,23.75
2021-06-28,1,23,26,28,25,26,0,21.3,1.3,92,0.0,191.6,1,28,6,0.0,1.5,1,False,False,25.5
2021-06-28,2,23,24,24,25,24,0,21.2,1.4,94,0.0,191.6,1,28,6,0.0,1.5,2,False,False,24.0
2021-06-28,3,23,24,24,23,24,0,21.0,1.2,94,0.0,191.6,1,28,6,0.0,1.5,3,False,False,23.5
2021-06-28,4,24,24,26,28,26,0,21.1,1.3,93,0.0,191.6,1,28,6,0.0,1.5,4,False,False,25.5
2021-06-28,5,24,23,24,23,24,0,21.1,0.9,94,0.0,191.6,1,28,6,0.0,1.5,5,False,False,23.5
2021-06-28,6,23,23,23,23,23,0,21.6,1.6,91,0.0,191.6,1,28,6,0.0,1.5,6,False,False,23.0
2021-06-28,7,28,42,66,92,57,0,22.7,2.4,85,0.0,191.6,1,28,6,0.0,1.5,7,False,False,57.0
2021-06-28,8,144,167,190,198,175,277,24.1,1.8,76,0.0,191.6,1,28,6,0.396280401,1.5,8,False,False,174.75
2021-06-28,9,185,182,174,172,178,767,24.5,3.0,70,0.0,191.6,1,28,6,1.075736325,1.0,9,False,False,178.25
2021-06-28,10,135,184,182,168,167,1376,25.3,3.7,71,0.0,191.6,1,28,6,2.056801196,1.0,10,False,False,167.25
2021-06-28,11,176,178,193,184,183,2873,25.8,3.6,70,0.0,191.6,1,28,6,3.930232558,1.0,11,False,False,182.75
2021-06-28,12,131,112,107,135,121,452,24.9,4.7,71,0.0,191.6,1,28,6,0.931958763,1.0,12,False,False,121.25
2021-06-28,13,169,189,191,191,185,1350,25.5,3.0,72,0.0,191.6,1,28,6,1.824324324,1.0,13,False,False,185.0
2021-06-28,14,183,171,178,189,180,1903,25.3,2.8,72,0.0,191.6,1,28,6,2.639389736,1.0,14,False,False,180.25
2021-06-28,15,155,188,194,189,182,372,25.1,2.8,67,0.0,191.6,1,28,6,0.512396694,1.0,15,False,False,181.5
2021-06-28,16,172,163,164,172,168,2416,24.4,2.9,70,0.0,191.6,1,28,6,3.600596125,1.0,16,False,False,167.75
2021-06-28,17,132,123,166,179,150,1626,23.4,2.8,72,0.0,191.6,1,28,6,2.71,1.0,17,False,False,150.0
2021-06-28,18,183,185,168,171,177,2365,22.7,2.2,78,0.0,191.6,1,28,6,3.345120226,1.5,18,False,False,176.75
2021-06-28,19,158,169,163,121,153,1463,22.4,1.8,83,0.0,191.6,1,28,6,2.394435352,1.5,19,False,False,152.75
2021-06-28,20,110,113,111,113,112,0,21.9,2.2,85,0.0,191.6,1,28,6,0.0,1.5,20,False,False,111.75
2021-06-28,21,115,120,123,113,118,259,21.0,1.1,89,0.0,191.6,1,28,6,0.549893843,1.5,21,False,False,117.75
2021-06-28,22,102,104,111,119,109,135,20.9,1.5,90,0.0,191.6,1,28,6,0.309633028,1.5,22,False,False,109.0
2021-06-28,23,126,111,111,81,107,173,21.3,1.3,88,0.0,191.6,1,28,6,0.403263403,1.5,23,False,False,107.25
2021-06-29,0,67,66,66,66,66,0,21.0,1.3,91,0.0,191.6,2,29,6,0.0,1.5,0,False,False,66.25
2021-06-29,1,94,101,112,110,104,91,21.0,1.5,92,0.0,191.6,2,29,6,0.21822542,1.5,1,False,False,104.25
2021-06-29,2,124,124,107,95,113,41,20.9,1.4,91,0.0,191.6,2,29,6,0.091111111,1.5,2,False,False,112.5
2021-06-29,3,90,100,109,115,104,2,20.8,1.5,90,0.0,191.6,2,29,6,0.004830918,1.5,3,False,False,103.5
2021-06-29,4,112,114,114,99,110,516,20.1,1.8,93,0.0,191.6,2,29,6,1.175398633,1.5,4,False,False,109.75
2021-06-29,5,76,72,102,110,90,106,20.4,0.8,94,0.0,191.6,2,29,6,0.294444444,1.5,5,False,False,90.0
2021-06-29,6,119,113,108,112,113,18,21.4,1.2,89,0.0,191.6,2,29,6,0.039823009,1.5,6,False,False,113.0
2021-06-29,7,113,120,154,160,137,1052,22.7,1.4,78,0.0,191.6,2,29,6,1.92321755,1.5,7,False,False,136.75
2021-06-29,8,190,222,207,189,202,893,23.3,1.7,77,0.0,191.6,2,29,6,1.10519802,1.5,8,False,False,202.0
2021-06-29,9,183,179,179,176,179,1026,25.0,2.9,71,0.0,191.6,2,29,6,1.430962343,1.0,9,False,False,179.25
2021-06-29,10,139,169,175,168,163,1301,25.6,3.0,68,0.0,191.6,2,29,6,1.998463902,1.0,10,False,False,162.75
2021-06-29,11,182,191,200,200,193,1340,25.0,3.6,69,0.0,191.6,2,29,6,1.733505821,1.0,11,False,False,193.25
2021-06-29,12,134,104,100,133,118,530,25.1,3.3,69,0.0,191.6,2,29,6,1.125265393,1.0,12,False,False,117.75
2021-06-29,13,179,194,186,187,187,1288,25.3,3.5,65,0.0,191.6,2,29,6,1.726541555,1.0,13,False,False,186.5
2021-06-29,14,168,181,183,177,177,6234,25.1,3.5,69,0.0,191.6,2,29,6,8.792665726,1.0,14,False,False,177.25
2021-06-29,15,139,179,170,165,163,695,24.3,3.1,68,0.0,191.6,2,29,6,1.06431853,1.0,15,False,False,163.25
2021-06-29,16,167,167,157,164,164,1124,24.2,3.3,73,0.0,191.6,2,29,6,1.716030534,1.0,16,False,False,163.75
2021-06-29,17,122,99,136,153,128,60,23.3,2.3,78,0.0,191.6,2,29,6,0.117647059,1.0,17,False,False,127.5
2021-06-29,18,160,163,164,175,166,773,22.7,2.0,83,0.0,191.6,2,29,6,1.167673716,1.5,18,False,False,165.5
2021-06-29,19,177,173,154,137,160,3860,22.4,1.4,86,0.0,191.6,2,29,6,6.021840874,1.5,19,False,False,160.25
2021-06-29,20,132,134,137,135,135,164,22.2,1.5,87,0.0,191.6,2,29,6,0.304832714,1.5,20,False,False,134.5
2021-06-29,21,125,126,125,119,124,3,22.2,0.8,84,0.0,191.6,2,29,6,0.006060606,1.5,21,False,False,123.75
2021-06-29,22,105,108,121,116,113,37,22.0,0.5,87,0.0,191.6,2,29,6,0.082222222,1.5,22,False,False,112.5
2021-06-29,23,110,113,109,82,104,42,21.6,1.2,89,0.0,191.6,2,29,6,0.101449275,1.5,23,False,False,103.5
2021-06-30,0,69,67,67,65,67,0,21.0,1.5,92,0.0,191.6,3,30,6,0.0,1.5,0,False,False,67.0
2021-06-30,1,90,102,112,112,104,791,20.4,0.4,94,0.0,191.6,3,30,6,1.901442308,1.5,1,False,False,104.0
2021-06-30,2,118,110,108,103,110,162,21.2,0.7,91,0.0,191.6,3,30,6,0.369020501,1.5,2,False,False,109.75
2021-06-30,3,101,110,120,117,112,83,21.3,0.2,91,0.0,191.6,3,30,6,0.185267857,1.5,3,False,False,112.0
2021-06-30,4,116,114,103,103,109,109,21.2,0.3,92,0.0,191.6,3,30,6,0.25,1.5,4,False,False,109.0
2021-06-30,5,93,82,103,115,98,52,21.3,0.3,94,0.0,191.6,3,30,6,0.132315522,1.5,5,False,False,98.25
2021-06-30,6,113,111,115,118,114,0,22.1,0.5,89,0.0,191.6,3,30,6,0.0,1.5,6,False,False,114.25
2021-06-30,7,116,125,142,143,132,1446,22.5,1.0,86,0.0,191.6,3,30,6,2.74904943,1.5,7,False,False,131.5
2021-06-30,8,164,177,185,193,180,808,23.7,1.3,78,0.0,191.6,3,30,6,1.123783032,1.5,8,False,False,179.75
2021-06-30,9,184,187,173,171,179,1437,24.0,1.6,70,0.0,191.6,3,30,6,2.00979021,1.0,9,False,False,178.75
2021-06-30,10,142,171,169,152,159,635,24.7,1.9,70,0.0,191.6,3,30,6,1.001577287,1.0,10,False,False,158.5
2021-06-30,11,146,139,141,150,144,1840,24.8,2.5,68,0.0,191.6,3,30,6,3.194444444,1.0,11,False,False,144.0
2021-06-30,12,119,104,99,109,108,203,26.1,2.4,62,0.0,191.6,3,30,6,0.47099768,1.0,12,False,False,107.75
2021-06-30,13,145,166,171,184,167,750,26.1,2.7,63,0.0,191.6,3,30,6,1.126126126,1.0,13,False,False,166.5
2021-06-30,14,177,160,161,165,166,1621,25.1,3.7,68,0.0,191.6,3,30,6,2.44494721,1.0,14,False,False,165.75
2021-06-30,15,133,175,178,168,164,1370,24.5,3.8,75,0.0,191.6,3,30,6,2.094801223,1.0,15,False,False,163.5
2021-06-30,16,163,165,152,162,161,774,23.3,3.4,77,0.0,191.6,3,30,6,1.205607477,1.0,16,False,False,160.5
2021-06-30,17,133,144,181,167,156,3212,23.4,3.3,76,0.0,191.6,3,30,6,5.1392,1.0,17,False,False,156.25
2021-06-30,18,153,156,164,165,160,1356,22.6,2.9,82,0.0,191.6,3,30,6,2.12539185,1.5,18,False,False,159.5
2021-06-30,19,162,155,141,107,141,1526,22.1,1.6,87,0.0,191.6,3,30,6,2.700884956,1.5,19,False,False,141.25
2021-06-30,20,100,109,115,112,109,227,21.5,0.6,88,0.0,191.6,3,30,6,0.520642202,1.5,20,False,False,109.0
2021-06-30,21,113,117,113,108,113,96,21.5,0.5,90,0.0,191.6,3,30,6,0.21286031,1.5,21,False,False,112.75
2021-06-30,22,88,103,114,118,106,77,20.8,0.9,93,0.0,191.6,3,30,6,0.182033097,1.5,22,False,False,105.75
2021-06-30,23,120,116,103,77,104,0,20.5,1.2,94,0.0,191.6,3,30,6,0.0,1.5,23,False,False,104.0
2021-07-01,0,69,69,67,67,68,76,19.9,1.3,96,0.0,191.6,4,1,7,0.279411765,1.5,0,False,False,68.0
2021-07-01,1,90,100,110,115,104,44,19.6,0.4,96,0.0,191.6,4,1,7,0.106024096,1.5,1,False,False,103.75
2021-07-01,2,116,113,111,112,113,240,19.3,1.0,97,0.0,191.6,4,1,7,0.530973451,1.5,2,False,False,113.0
2021-07-01,3,95,109,112,111,107,402,19.3,1.8,98,0.0,191.6,4,1,7,0.941451991,1.5,3,False,False,106.75
2021-07-01,4,111,106,97,100,104,185,19.5,1.7,97,0.0,191.6,4,1,7,0.446859903,1.5,4,False,False,103.5
2021-07-01,5,82,77,99,114,93,174,20.0,0.3,95,0.0,191.6,4,1,7,0.467741935,1.5,5,False,False,93.0
2021-07-01,6,110,104,115,112,110,23,21.1,1.6,91,0.0,191.6,4,1,7,0.052154195,1.5,6,False,False,110.25
2021-07-01,7,105,125,148,138,129,752,22.9,1.9,81,0.0,191.6,4,1,7,1.457364341,1.5,7,False,False,129.0
2021-07-01,8,163,180,190,194,182,676,23.8,1.7,76,0.0,191.6,4,1,7,0.929848693,1.5,8,False,False,181.75
2021-07-01,9,171,184,183,174,178,1028,24.4,2.7,77,0.0,191.6,4,1,7,1.443820225,1.0,9,False,False,178.0
2021-07-01,10,147,179,185,175,172,2373,26.0,2.7,73,0.0,191.6,4,1,7,3.459183673,1.0,10,False,False,171.5
2021-07-01,11,190,188,187,187,188,992,25.8,2.1,75,0.0,191.6,4,1,7,1.319148936,1.0,11,False,False,188.0
2021-07-01,12,115,105,110,115,111,340,27.3,2.8,69,0.0,191.6,4,1,7,0.764044944,1.0,12,False,False,111.25
2021-07-01,13,163,196,194,206,190,474,26.4,3.9,70,0.0,191.6,4,1,7,0.624505929,1.0,13,False,False,189.75
2021-07-01,14,191,192,190,173,187,3036,27.1,3.3,68,0.0,191.6,4,1,7,4.069705094,1.0,14,False,False,186.5
2021-07-01,15,135,144,179,197,164,354,26.4,2.9,71,0.0,191.6,4,1,7,0.540458015,1.0,15,False,False,163.75
2021-07-01,16,188,165,163,163,170,1794,25.1,3.3,76,0.0,191.6,4,1,7,2.642120766,1.0,16,False,False,169.75
2021-07-01,17,126,106,146,160,135,1125,24.6,1.7,76,0.0,191.6,4,1,7,2.091078067,1.0,17,False,False,134.5
2021-07-01,18,164,164,143,156,157,1767,23.8,1.7,75,0.0,191.6,4,1,7,2.818181818,1.5,18,False,False,156.75
2021-07-01,19,163,171,165,154,163,2064,22.9,2.2,76,0.0,191.6,4,1,7,3.160796325,1.5,19,False,False,163.25
2021-07-01,20,137,143,147,140,142,6,22.2,2.3,84,0.0,191.6,4,1,7,0.010582011,1.5,20,False,False,141.75
2021-07-01,21,139,141,138,140,140,66,21.2,0.8,80,0.0,191.6,4,1,7,0.11827957,1.5,21,False,False,139.5
2021-07-01,22,113,121,122,121,119,244,20.8,1.0,82,0.0,191.6,4,1,7,0.511530398,1.5,22,False,False,119.25
2021-07-01,23,124,120,110,79,108,118,20.9,1.3,88,0.0,191.6,4,1,7,0.272517321,1.5,23,False,False,108.25
2021-07-02,0,69,68,68,68,68,0,21.5,2.3,86,0.0,191.6,5,2,7,0.0,1.5,0,False,False,68.25
2021-07-02,1,97,104,109,115,106,309,20.8,1.3,88,0.0,191.6,5,2,7,0.727058824,1.5,1,False,False,106.25
2021-07-02,2,115,121,117,111,116,15,19.9,0.5,90,0.0,191.6,5,2,7,0.032327586,1.5,2,False,False,116.0
2021-07-02,3,92,112,115,113,108,101,20.1,2.0,93,0.0,191.6,5,2,7,0.233796296,1.5,3,False,False,108.0
2021-07-02,4,109,110,102,104,106,382,19.8,1.1,95,0.0,191.6,5,2,7,0.898823529,1.5,4,False,False,106.25
2021-07-02,5,83,79,103,120,96,698,20.4,1.1,95,0.0,191.6,5,2,7,1.812987013,1.5,5,False,False,96.25
2021-07-02,6,117,114,110,106,112,36,22.0,2.3,90,0.0,191.6,5,2,7,0.080536913,1.5,6,False,False,111.75
2021-07-02,7,118,130,143,139,133,938,22.4,2.8,86,0.0,191.6,5,2,7,1.769811321,1.5,7,False,False,132.5
2021-07-02,8,145,158,168,173,161,813,23.1,3.0,83,0.0,191.6,5,2,7,1.26242236,1.5,8,False,False,161.0
2021-07-02,9,187,175,172,165,175,852,23.4,1.8,82,0.0,191.6,5,2,7,1.21888412,1.0,9,False,False,174.75
2021-07-02,10,140,162,179,175,164,512,23.2,2.6,84,0.0,191.6,5,2,7,0.780487805,1.0,10,False,False,164.0
2021-07-02,11,184,177,186,167,179,1301,23.0,2.9,86,0.0,191.6,5,2,7,1.822128852,1.0,11,False,False,178.5
2021-07-02,12,113,98,103,117,108,0,24.1,3.3,80,0.0,191.6,5,2,7,0.0,1.0,12,False,False,107.75
2021-07-02,13,157,166,177,178,170,1376,24.1,2.8,80,0.0,191.6,5,2,7,2.029498525,1.0,13,False,False,169.5
2021-07-02,14,167,173,183,177,175,855,24.5,2.7,79,0.0,191.6,5,2,7,1.221428571,1.0,14,False,False,175.0
2021-07-02,15,138,133,142,160,143,5516,24.2,3.3,80,0.0,191.6,5,2,7,9.626527051,1.0,15,False,False,143.25
2021-07-02,16,164,153,158,158,158,1544,23.6,3.0,83,0.0,191.6,5,2,7,2.439178515,1.0,16,False,False,158.25
2021-07-02,17,120,126,168,175,147,795,23.2,2.7,83,0.0,191.6,5,2,7,1.349745331,1.0,17,False,False,147.25
2021-07-02,18,169,160,155,155,160,972,23.0,2.0,85,0.0,191.6,5,2,7,1.521126761,1.5,18,False,False,159.75
2021-07-02,19,149,137,136,120,136,2548,22.7,1.5,85,0.0,191.6,5,2,7,4.701107011,1.5,19,False,False,135.5
2021-07-02,20,116,118,130,123,122,21,22.6,2.3,87,0.0,191.6,5,2,7,0.04312115,1.5,20,False,False,121.75
2021-07-02,21,116,107,111,121,114,70,23.0,2.3,86,0.0,191.6,5,2,7,0.153846154,1.5,21,False,False,113.75
2021-07-02,22,107,117,113,106,111,119,22.9,1.7,86,0.0,191.6,5,2,7,0.268623025,1.5,22,False,False,110.75
2021-07-02,23,95,103,96,79,93,76,22.9,2.3,86,0.0,191.6,5,2,7,0.203753351,1.5,23,False,False,93.25
2021-07-03,0,76,65,64,63,67,154,22.8,1.9,87,0.0,191.6,6,3,7,0.574626866,1.5,0,False,False,67.0
2021-07-03,1,92,105,107,110,104,270,22.9,1.8,87,0.0,191.6,6,3,7,0.652173913,1.5,1,False,False,103.5
2021-07-03,2,107,106,105,105,106,0,22.4,1.2,91,0.0,191.6,6,3,7,0.0,1.5,2,False,False,105.75
2021-07-03,3,94,105,103,108,103,94,22.4,1.6,91,0.0,191.6,6,3,7,0.229268293,1.5,3,False,False,102.5
2021-07-03,4,112,106,100,99,104,36,22.4,1.7,90,0.0,191.6,6,3,7,0.086330935,1.5,4,False,False,104.25
2021-07-03,5,80,73,96,105,89,39,22.5,1.7,90,0.0,191.6,6,3,7,0.110169492,1.5,5,False,False,88.5
2021-07-03,6,105,101,95,91,98,0,22.6,2.7,88,0.0,191.6,6,3,7,0.0,1.5,6,False,False,98.0
2021-07-03,7,83,68,31,28,53,1142,22.8,2.2,87,0.0,191.6,6,3,7,5.438095238,1.5,7,False,False,52.5
2021-07-03,8,23,22,22,22,22,0,22.5,2.5,90,0.0,191.6,6,3,7,0.0,1.5,8,False,False,22.25
2021-07-03,9,23,27,25,23,25,0,22.9,2.8,87,0.0,191.6,6,3,7,0.0,1.0,9,False,False,24.5
2021-07-03,10,23,23,22,22,23,0,23.2,3.1,85,0.0,191.6,6,3,7,0.0,1.0,10,False,False,22.5
2021-07-03,11,22,23,22,23,23,0,23.0,2.8,86,0.0,191.6,6,3,7,0.0,1.0,11,False,False,22.5
2021-07-03,12,22,22,27,26,24,0,22.6,3.1,89,0.0,191.6,6,3,7,0.0,1.0,12,False,False,24.25
2021-07-03,13,22,22,22,22,22,0,22.4,3.6,92,0.1,191.6,6,3,7,0.0,1.0,13,False,False,22.0
2021-07-03,14,22,22,22,23,22,0,21.9,2.9,97,0.8,191.6,6,3,7,0.0,1.0,14,False,False,22.25
2021-07-03,15,21,22,22,25,23,0,21.5,1.4,98,5.2,191.6,6,3,7,0.0,1.0,15,False,False,22.5
2021-07-03,16,26,22,22,22,23,0,21.5,1.7,98,12.0,191.6,6,3,7,0.0,1.0,16,False,False,23.0
2021-07-03,17,22,22,22,22,22,0,21.7,2.4,98,15.3,191.6,6,3,7,0.0,1.0,17,False,False,22.0
2021-07-03,18,22,23,21,22,22,0,21.8,2.0,98,16.7,191.6,6,3,7,0.0,1.5,18,False,False,22.0
2021-07-03,19,26,27,22,22,24,0,21.6,1.1,98,18.1,191.6,6,3,7,0.0,1.5,19,False,False,24.25
2021-07-03,20,23,22,22,22,22,0,21.8,1.3,98,18.3,191.6,6,3,7,0.0,1.5,20,False,False,22.25
2021-07-03,21,23,23,23,22,23,0,21.8,0.4,98,19.1,191.6,6,3,7,0.0,1.5,21,False,False,22.75
2021-07-03,22,23,24,27,23,24,0,21.8,0.9,98,20.5,191.6,6,3,7,0.0,1.5,22,False,False,24.25
2021-07-03,23,23,22,22,22,22,0,21.8,0.5,98,23.4,191.6,6,3,7,0.0,1.5,23,False,False,22.25
2021-07-04,0,22,23,22,22,22,0,22.4,0.1,98,1.3,191.6,7,4,7,0.0,1.5,0,False,False,22.25
2021-07-04,1,22,22,27,27,25,0,23.6,2.7,98,9.4,191.6,7,4,7,0.0,1.5,1,False,False,24.5
2021-07-04,2,24,23,23,22,23,0,24.8,3.4,98,9.9,191.6,7,4,7,0.0,1.5,2,False,False,23.0
2021-07-04,3,22,23,23,22,23,0,24.9,3.8,98,11.0,191.6,7,4,7,0.0,1.5,3,False,False,22.5
2021-07-04,4,23,23,22,22,23,0,24.6,2.5,98,16.5,191.6,7,4,7,0.0,1.5,4,False,False,22.5
2021-07-04,5,23,27,23,23,24,0,24.8,1.8,98,19.6,191.6,7,4,7,0.0,1.5,5,False,False,24.0
2021-07-04,6,22,22,23,22,22,0,24.8,2.0,98,24.5,191.6,7,4,7,0.0,1.5,6,False,False,22.25
2021-07-04,7,21,22,23,22,22,0,25.8,2.2,98,24.7,191.6,7,4,7,0.0,1.5,7,False,False,22.0
2021-07-04,8,24,28,24,21,24,0,27.4,3.9,85,24.7,191.6,7,4,7,0.0,1.5,8,False,False,24.25
2021-07-04,9,22,22,22,22,22,0,28.7,4.5,71,24.7,191.6,7,4,7,0.0,1.0,9,False,False,22.0
2021-07-04,10,22,23,23,23,23,0,29.1,3.6,68,24.7,191.6,7,4,7,0.0,1.0,10,False,False,22.75
2021-07-04,11,24,26,28,25,26,0,29.7,4.1,64,24.7,191.6,7,4,7,0.0,1.0,11,False,False,25.75
2021-07-04,12,24,23,23,23,23,0,30.6,4.0,58,24.7,191.6,7,4,7,0.0,1.0,12,False,False,23.25
2021-07-04,13,23,24,23,23,23,0,31.3,3.4,59,24.7,191.6,7,4,7,0.0,1.0,13,False,False,23.25
2021-07-04,14,23,23,23,27,24,0,29.7,4.1,64,24.7,191.6,7,4,7,0.0,1.0,14,False,False,24.0
2021-07-04,15,27,23,23,23,24,0,28.1,3.3,70,24.7,191.6,7,4,7,0.0,1.0,15,False,False,24.0
2021-07-04,16,23,23,23,25,24,0,27.4,3.1,73,24.7,191.6,7,4,7,0.0,1.0,16,False,False,23.5
2021-07-04,17,22,22,22,22,22,0,27.0,2.8,75,24.7,191.6,7,4,7,0.0,1.0,17,False,False,22.0
2021-07-04,18,25,27,23,23,25,0,26.4,2.9,76,24.7,191.6,7,4,7,0.0,1.5,18,False,False,24.5
2021-07-04,19,23,22,22,23,23,0,25.9,2.5,78,24.7,191.6,7,4,7,0.0,1.5,19,False,False,22.5
2021-07-04,20,22,23,22,22,22,0,25.4,1.85,81,24.7,191.6,7,4,7,0.0,1.5,20,False,False,22.25
2021-07-04,21,24,24,28,25,25,0,23.6,1.2,94,24.9,191.6,7,4,7,0.0,1.5,21,False,False,25.25
2021-07-04,22,23,24,23,23,23,0,23.1,0.8,97,24.9,191.6,7,4,7,0.0,1.5,22,False,False,23.25
2021-07-04,23,23,23,22,22,23,0,22.8,0.4,98,24.9,191.6,7,4,7,0.0,1.5,23,False,False,22.5
2021-07-05,0,23,23,27,28,25,0,22.6,0.2,97,0.0,191.6,1,5,7,0.0,1.5,0,False,False,25.25
2021-07-05,1,23,23,23,22,23,0,23.5,1.6,89,0.0,191.6,1,5,7,0.0,1.5,1,False,False,22.75
2021-07-05,2,23,23,22,23,23,0,22.7,1.2,94,0.0,191.6,1,5,7,0.0,1.5,2,False,False,22.75
2021-07-05,3,23,23,23,25,24,0,22.7,1.2,93,0.0,191.6,1,5,7,0.0,1.5,3,False,False,23.5
2021-07-05,4,27,23,23,22,24,0,22.8,2.1,90,0.0,191.6,1,5,7,0.0,1.5,4,False,False,23.75
2021-07-05,5,23,23,22,22,23,0,23.1,1.0,88,0.0,191.6,1,5,7,0.0,1.5,5,False,False,22.5
2021-07-05,6,23,22,21,23,22,0,22.7,0.6,94,0.1,191.6,1,5,7,0.0,1.5,6,False,False,22.25
2021-07-05,7,33,46,69,104,63,0,22.4,0.6,96,0.1,191.6,1,5,7,0.0,1.5,7,False,False,63.0
2021-07-05,8,145,172,183,173,168,982,23.4,1.1,93,0.1,191.6,1,5,7,1.459138187,1.5,8,False,False,168.25
2021-07-05,9,172,170,175,163,170,2566,24.1,1.7,86,0.1,191.6,1,5,7,3.773529412,1.0,9,False,False,170.0
2021-07-05,10,148,180,179,185,173,814,24.6,0.7,87,0.1,191.6,1,5,7,1.176300578,1.0,10,False,False,173.0
2021-07-05,11,185,169,168,164,172,1097,24.9,1.3,87,0.1,191.6,1,5,7,1.599125364,1.0,11,False,False,171.5
2021-07-05,12,116,101,99,100,104,31,25.8,2.5,82,0.1,191.6,1,5,7,0.074519231,1.0,12,False,False,104.0
2021-07-05,13,148,165,176,181,168,613,26.0,1.8,78,0.1,191.6,1,5,7,0.914925373,1.0,13,False,False,167.5
2021-07-05,14,169,170,167,168,169,2781,25.7,1.9,75,0.1,191.6,1,5,7,4.12611276,1.0,14,False,False,168.5
2021-07-05,15,141,140,174,183,160,711,25.5,2.5,77,0.1,191.6,1,5,7,1.114420063,1.0,15,False,False,159.5
2021-07-05,16,173,156,151,153,158,2870,24.9,1.2,80,0.1,191.6,1,5,7,4.533965245,1.0,16,False,False,158.25
2021-07-05,17,128,115,133,140,129,224,23.9,0.9,85,0.1,191.6,1,5,7,0.434108527,1.0,17,False,False,129.0
2021-07-05,18,153,156,163,158,158,308,22.9,0.8,95,0.3,191.6,1,5,7,0.488888889,1.5,18,False,False,157.5
2021-07-05,19,153,141,141,122,139,1932,22.6,0.4,94,0.3,191.6,1,5,7,3.468581688,1.5,19,False,False,139.25
2021-07-05,20,113,111,126,130,120,9,22.1,0.5,98,1.1,191.6,1,5,7,0.01875,1.5,20,False,False,120.0
2021-07-05,21,124,122,110,110,117,356,21.5,1.2,98,6.9,191.6,1,5,7,0.763948498,1.5,21,False,False,116.5
2021-07-05,22,94,100,108,115,104,89,21.6,1.2,98,10.4,191.6,1,5,7,0.213429257,1.5,22,False,False,104.25
2021-07-05,23,116,107,100,83,102,332,22.1,1.0,98,18.7,191.6,1,5,7,0.81773399,1.5,23,False,False,101.5
2021-07-06,0,68,68,68,68,68,50,22.8,0.7,98,6.7,191.6,2,6,7,0.183823529,1.5,0,False,False,68.0
2021-07-06,1,86,108,111,108,103,434,23.8,1.5,98,8.7,191.6,2,6,7,1.050847458,1.5,1,False,False,103.25
2021-07-06,2,110,108,107,93,105,246,23.8,0.9,98,12.9,191.6,2,6,7,0.588516746,1.5,2,False,False,104.5
2021-07-06,3,88,102,114,116,105,236,23.8,0.9,98,15.0,191.6,2,6,7,0.561904762,1.5,3,False,False,105.0
2021-07-06,4,106,103,103,112,106,262,23.9,1.6,98,18.3,191.6,2,6,7,0.617924528,1.5,4,False,False,106.0
2021-07-06,5,94,89,98,110,98,2,23.7,3.0,98,23.7,191.6,2,6,7,0.00511509,1.5,5,False,False,97.75
2021-07-06,6,105,99,95,91,98,70,23.8,3.4,98,27.7,191.6,2,6,7,0.179487179,1.5,6,False,False,97.5
2021-07-06,7,93,105,132,145,119,2041,23.7,3.5,98,37.7,191.6,2,6,7,4.296842105,1.5,7,False,False,118.75
2021-07-06,8,166,177,182,193,180,313,24.2,2.5,98,41.4,191.6,2,6,7,0.435933148,1.5,8,False,False,179.5
2021-07-06,9,176,176,185,182,180,734,24.6,2.7,98,42.1,191.6,2,6,7,1.020862309,1.0,9,False,False,179.75
2021-07-06,10,150,176,172,175,168,792,23.1,2.8,98,44.2,191.6,2,6,7,1.176820208,1.0,10,False,False,168.25
2021-07-06,11,177,182,175,171,176,568,23.2,1.5,98,45.6,191.6,2,6,7,0.805673759,1.0,11,False,False,176.25
2021-07-06,12,132,106,106,97,110,0,22.5,1.4,98,47.6,191.6,2,6,7,0.0,1.0,12,False,False,110.25
2021-07-06,13,141,170,169,154,159,2227,22.9,2.4,95,47.7,191.6,2,6,7,3.512618297,1.0,13,False,False,158.5
2021-07-06,14,182,176,172,185,179,648,23.5,1.8,96,47.7,191.6,2,6,7,0.906293706,1.0,14,False,False,178.75
2021-07-06,15,147,144,173,169,158,1272,23.0,2.5,98,51.7,191.6,2,6,7,2.009478673,1.0,15,False,False,158.25
2021-07-06,16,177,172,167,168,171,985,22.7,2.0,98,56.8,191.6,2,6,7,1.44005848,1.0,16,False,False,171.0
2021-07-06,17,124,107,136,148,129,124,23.2,2.2,98,57.3,191.6,2,6,7,0.240776699,1.0,17,False,False,128.75
2021-07-06,18,146,161,153,153,153,1300,23.0,0.3,98,58.0,191.6,2,6,7,2.120717781,1.5,18,False,False,153.25
2021-07-06,19,153,157,146,147,151,3876,23.7,2.9,98,58.7,191.6,2,6,7,6.427860697,1.5,19,False,False,150.75
2021-07-06,20,131,133,138,133,134,10,23.7,1.2,98,58.9,191.6,2,6,7,0.018691589,1.5,20,False,False,133.75
2021-07-06,21,132,120,122,129,126,166,24.1,3.3,98,58.9,191.6,2,6,7,0.330019881,1.5,21,False,False,125.75
2021-07-06,22,109,114,110,115,112,150,24.1,3.0,98,58.9,191.6,2,6,7,0.334821429,1.5,22,False,False,112.0
2021-07-06,23,104,99,114,107,106,75,23.9,1.4,98,60.4,191.6,2,6,7,0.176886792,1.5,23,False,False,106.0
2021-07-07,0,89,72,71,70,76,250,23.6,1.1,98,0.0,191.6,3,7,7,0.82781457,1.5,0,False,False,75.5
2021-07-07,1,91,97,106,112,102,5,23.9,0.6,98,0.0,191.6,3,7,7,0.012315271,1.5,1,False,False,101.5
2021-07-07,2,106,106,107,105,106,42,23.6,0.3,98,0.0,191.6,3,7,7,0.099056604,1.5,2,False,False,106.0
2021-07-07,3,107,109,115,109,110,442,23.8,0.6,98,0.0,191.6,3,7,7,1.004545455,1.5,3,False,False,110.0
2021-07-07,4,108,105,104,108,106,90,23.9,0.1,98,0.0,191.6,3,7,7,0.211764706,1.5,4,False,False,106.25
2021-07-07,5,95,85,96,101,94,387,24.0,0.4,98,0.0,191.6,3,7,7,1.026525199,1.5,5,False,False,94.25
2021-07-07,6,101,106,101,100,102,38,24.2,0.0,98,0.4,191.6,3,7,7,0.093137255,1.5,6,False,False,102.0
2021-07-07,7,114,122,138,145,130,1847,25.4,2.2,98,0.4,191.6,3,7,7,3.558766859,1.5,7,False,False,129.75
2021-07-07,8,157,172,192,203,181,675,25.0,0.1,98,0.4,191.6,3,7,7,0.932320442,1.5,8,False,False,181.0
2021-07-07,9,187,182,168,175,178,1990,25.5,0.8,98,0.6,191.6,3,7,7,2.79494382,1.0,9,False,False,178.0
2021-07-07,10,152,185,186,171,174,3638,24.9,0.8,98,1.0,191.6,3,7,7,5.242074928,1.0,10,False,False,173.5
2021-07-07,11,172,183,181,174,178,954,23.3,1.4,98,10.9,191.6,3,7,7,1.343661972,1.0,11,False,False,177.5
2021-07-07,12,131,105,104,106,112,0,23.8,0.4,98,21.4,191.6,3,7,7,0.0,1.0,12,False,False,111.5
2021-07-07,13,146,178,185,182,173,320,23.8,0.5,98,24.3,191.6,3,7,7,0.463096961,1.0,13,False,False,172.75
2021-07-07,14,185,181,167,167,175,1323,24.2,1.8,98,26.1,191.6,3,7,7,1.89,1.0,14,False,False,175.0
2021-07-07,15,144,138,176,173,158,1208,23.4,2.4,98,29.9,191.6,3,7,7,1.914421553,1.0,15,False,False,157.75
2021-07-07,16,178,181,174,175,177,1579,23.6,1.5,98,33.7,191.6,3,7,7,2.230225989,1.0,16,False,False,177.0
2021-07-07,17,120,98,156,179,138,175,23.4,1.8,98,37.0,191.6,3,7,7,0.316455696,1.0,17,False,False,138.25
2021-07-07,18,169,173,165,167,169,1717,23.4,0.9,98,38.5,191.6,3,7,7,2.547477745,1.5,18,False,False,168.5
2021-07-07,19,164,169,159,134,157,2321,22.7,2.4,98,38.8,191.6,3,7,7,3.707667732,1.5,19,False,False,156.5
2021-07-07,20,106,127,124,109,117,162,22.5,3.7,98,38.8,191.6,3,7,7,0.347639485,1.5,20,False,False,116.5
2021-07-07,21,117,120,110,113,115,68,22.4,2.3,98,38.8,191.6,3,7,7,0.147826087,1.5,21,False,False,115.0
2021-07-07,22,87,105,112,113,104,104,22.3,1.1,98,38.8,191.6,3,7,7,0.24940048,1.5,22,False,False,104.25
2021-07-07,23,110,107,97,105,105,72,22.2,0.3,98,38.8,191.6,3,7,7,0.171837709,1.5,23,False,False,104.75
2021-07-08,0,78,72,73,70,73,242,22.0,0.3,98,0.0,191.6,4,8,7,0.825938567,1.5,0,False,False,73.25
2021-07-08,1,89,102,101,104,99,703,21.9,0.6,98,0.0,191.6,4,8,7,1.775252525,1.5,1,False,False,99.0
2021-07-08,2,106,98,110,102,104,192,21.9,0.1,98,0.0,191.6,4,8,7,0.461538462,1.5,2,False,False,104.0
2021-07-08,3,94,102,115,109,105,130,21.9,0.2,98,0.0,191.6,4,8,7,0.30952381,1.5,3,False,False,105.0
2021-07-08,4,100,105,108,109,106,208,22.1,0.4,98,0.0,191.6,4,8,7,0.492890995,1.5,4,False,False,105.5
2021-07-08,5,102,81,94,107,96,314,22.3,0.4,98,0.0,191.6,4,8,7,0.817708333,1.5,5,False,False,96.0
2021-07-08,6,109,109,107,115,110,58,22.8,2.6,98,0.0,191.6,4,8,7,0.131818182,1.5,6,False,False,110.0
2021-07-08,7,116,125,143,146,133,436,23.5,1.4,98,0.0,191.6,4,8,7,0.822641509,1.5,7,False,False,132.5
2021-07-08,8,150,154,173,187,166,560,23.7,2.4,98,0.1,191.6,4,8,7,0.843373494,1.5,8,False,False,166.0
2021-07-08,9,172,186,177,184,180,516,24.8,1.9,97,0.1,191.6,4,8,7,0.717663421,1.0,9,False,False,179.75
2021-07-08,10,159,186,190,201,184,112,26.0,2.2,89,0.1,191.6,4,8,7,0.152173913,1.0,10,False,False,184.0
2021-07-08,11,191,190,192,187,190,562,26.8,2.0,84,0.1,191.6,4,8,7,0.739473684,1.0,11,False,False,190.0
2021-07-08,12,131,112,116,120,120,0,25.5,1.9,89,0.1,191.6,4,8,7,0.0,1.0,12,False,False,119.75
2021-07-08,13,166,186,201,191,186,2140,24.1,2.9,95,0.7,191.6,4,8,7,2.876344086,1.0,13,False,False,186.0
2021-07-08,14,185,200,190,161,184,1434,23.4,2.3,98,0.9,191.6,4,8,7,1.948369565,1.0,14,False,False,184.0
2021-07-08,15,148,142,168,184,161,350,24.6,1.7,93,0.9,191.6,4,8,7,0.54517134,1.0,15,False,False,160.5
2021-07-08,16,177,183,186,149,174,2282,24.6,1.3,89,0.9,191.6,4,8,7,3.283453237,1.0,16,False,False,173.75
2021-07-08,17,118,102,138,155,128,86,23.2,0.9,97,2.7,191.6,4,8,7,0.167641326,1.0,17,False,False,128.25
2021-07-08,18,155,153,141,139,147,3577,22.7,1.2,98,6.0,191.6,4,8,7,6.083333333,1.5,18,False,False,147.0
2021-07-08,19,141,142,153,151,147,5585,22.2,1.0,98,16.2,191.6,4,8,7,9.514480409,1.5,19,False,False,146.75
2021-07-08,20,132,132,126,129,130,26,22.2,0.4,98,17.2,191.6,4,8,7,0.050096339,1.5,20,False,False,129.75
2021-07-08,21,127,128,123,120,125,6,22.0,0.7,98,17.2,191.6,4,8,7,0.012048193,1.5,21,False,False,124.5
2021-07-08,22,104,109,113,118,111,0,21.9,0.6,98,17.2,191.6,4,8,7,0.0,1.5,22,False,False,111.0
2021-07-08,23,119,115,116,103,113,0,21.9,0.4,98,17.2,191.6,4,8,7,0.0,1.5,23,False,False,113.25
2021-07-09,0,78,72,72,71,73,0,22.0,0.6,98,0.0,191.6,5,9,7,0.0,1.5,0,False,False,73.25
2021-07-09,1,94,105,104,105,102,37,22.1,0.7,98,0.0,191.6,5,9,7,0.090686275,1.5,1,False,False,102.0
2021-07-09,2,105,111,114,108,110,12,21.9,0.4,98,1.8,191.6,5,9,7,0.02739726,1.5,2,False,False,109.5
2021-07-09,3,86,101,98,109,99,0,21.9,0.4,98,2.5,191.6,5,9,7,0.0,1.5,3,False,False,98.5
2021-07-09,4,105,105,106,99,104,32,21.9,0.7,98,2.6,191.6,5,9,7,0.077108434,1.5,4,False,False,103.75
2021-07-09,5,99,85,104,105,98,0,22.0,0.8,98,2.9,191.6,5,9,7,0.0,1.5,5,False,False,98.25
2021-07-09,6,109,109,125,110,113,0,22.2,0.5,98,3.2,191.6,5,9,7,0.0,1.5,6,False,False,113.25
2021-07-09,7,113,128,150,156,137,536,22.3,1.1,98,3.3,191.6,5,9,7,0.979890311,1.5,7,False,False,136.75
2021-07-09,8,154,170,188,183,174,564,22.7,0.7,98,3.3,191.6,5,9,7,0.811510791,1.5,8,False,False,173.75
2021-07-09,9,168,163,168,165,166,565,22.7,1.1,98,3.3,191.6,5,9,7,0.850903614,1.0,9,False,False,166.0
2021-07-09,10,139,171,168,176,164,1753,23.3,1.1,98,3.3,191.6,5,9,7,2.680428135,1.0,10,False,False,163.5
2021-07-09,11,163,169,176,175,171,1082,24.7,0.1,96,3.3,191.6,5,9,7,1.584187408,1.0,11,False,False,170.75
2021-07-09,12,112,90,97,99,100,0,24.7,0.9,95,4.4,191.6,5,9,7,0.0,1.0,12,False,False,99.5
2021-07-09,13,156,186,185,168,174,1119,24.0,1.4,96,4.4,191.6,5,9,7,1.610071942,1.0,13,False,False,173.75
2021-07-09,14,165,182,185,192,181,2229,22.6,2.0,98,4.4,191.6,5,9,7,3.078729282,1.0,14,False,False,181.0
2021-07-09,15,153,149,179,188,167,774,22.7,1.4,98,4.8,191.6,5,9,7,1.156950673,1.0,15,False,False,167.25
2021-07-09,16,176,163,173,172,171,1881,22.9,1.2,98,4.8,191.6,5,9,7,2.75,1.0,16,False,False,171.0
2021-07-09,17,124,120,163,165,143,955,23.2,0.5,98,4.8,191.6,5,9,7,1.66958042,1.0,17,False,False,143.0
2021-07-09,18,168,174,173,163,170,1186,23.0,1.2,98,4.8,191.6,5,9,7,1.749262537,1.5,18,False,False,169.5
2021-07-09,19,140,134,139,123,134,3718,23.0,0.3,98,4.8,191.6,5,9,7,6.936567164,1.5,19,False,False,134.0
2021-07-09,20,97,101,106,111,104,36,22.9,0.3,98,4.8,191.6,5,9,7,0.086746988,1.5,20,False,False,103.75
2021-07-09,21,106,97,101,109,103,3,22.9,1.0,98,4.8,191.6,5,9,7,0.007263923,1.5,21,False,False,103.25
2021-07-09,22,91,102,111,104,102,45,22.9,0.7,98,4.8,191.6,5,9,7,0.110294118,1.5,22,False,False,102.0
2021-07-09,23,93,100,106,85,96,0,22.7,0.7,98,4.8,191.6,5,9,7,0.0,1.5,23,False,False,96.0
2021-07-10,0,70,62,64,64,65,0,22.3,0.3,98,0.0,191.6,6,10,7,0.0,1.5,0,False,False,65.0
2021-07-10,1,89,102,98,97,97,6,22.1,0.7,98,0.0,191.6,6,10,7,0.015544041,1.5,1,False,False,96.5
2021-07-10,2,100,97,96,94,97,41,22.5,1.4,98,0.0,191.6,6,10,7,0.105943152,1.5,2,False,False,96.75
2021-07-10,3,85,96,100,106,97,0,22.2,1.2,98,0.0,191.6,6,10,7,0.0,1.5,3,False,False,96.75
2021-07-10,4,106,96,99,98,100,30,22.0,0.6,98,0.0,191.6,6,10,7,0.07518797,1.5,4,False,False,99.75
2021-07-10,5,83,69,84,97,83,0,21.8,1.1,98,0.0,191.6,6,10,7,0.0,1.5,5,False,False,83.25
2021-07-10,6,103,102,104,94,101,120,22.4,1.2,98,0.0,191.6,6,10,7,0.297766749,1.5,6,False,False,100.75
2021-07-10,7,105,91,69,34,75,290,24.4,0.7,98,0.0,191.6,6,10,7,0.969899666,1.5,7,False,False,74.75
2021-07-10,8,26,27,26,26,26,0,26.3,0.8,93,0.0,191.6,6,10,7,0.0,1.5,8,False,False,26.25
2021-07-10,9,27,27,27,26,27,0,27.1,1.6,86,0.0,191.6,6,10,7,0.0,1.0,9,False,False,26.75
2021-07-10,10,27,32,30,29,30,0,27.9,1.5,80,0.0,191.6,6,10,7,0.0,1.0,10,False,False,29.5
2021-07-10,11,31,29,29,28,29,0,28.4,1.3,75,0.0,191.6,6,10,7,0.0,1.0,11,False,False,29.25
2021-07-10,12,26,25,26,25,26,0,29.5,3.6,66,0.0,191.6,6,10,7,0.0,1.0,12,False,False,25.5
2021-07-10,13,27,28,23,22,25,0,30.0,3.6,65,0.0,191.6,6,10,7,0.0,1.0,13,False,False,25.0
2021-07-10,14,23,22,22,23,23,0,29.6,3.8,65,0.0,191.6,6,10,7,0.0,1.0,14,False,False,22.5
2021-07-10,15,24,23,23,25,24,0,28.8,4.5,69,0.0,191.6,6,10,7,0.0,1.0,15,False,False,23.75
2021-07-10,16,24,27,24,22,24,0,28.9,3.3,71,0.0,191.6,6,10,7,0.0,1.0,16,False,False,24.25
2021-07-10,17,23,23,22,22,23,0,28.4,3.2,71,0.0,191.6,6,10,7,0.0,1.0,17,False,False,22.5
2021-07-10,18,22,22,22,22,22,0,27.6,1.2,74,0.0,191.6,6,10,7,0.0,1.5,18,False,False,22.0
2021-07-10,19,22,26,26,23,24,0,25.7,3.3,72,0.0,191.6,6,10,7,0.0,1.5,19,False,False,24.25
2021-07-10,20,21,22,23,22,22,0,21.6,1.4,95,0.2,191.6,6,10,7,0.0,1.5,20,False,False,22.0
2021-07-10,21,23,22,22,22,22,0,21.5,0.0,98,0.2,191.6,6,10,7,0.0,1.5,21,False,False,22.25
2021-07-10,22,23,26,26,23,25,0,21.6,1.6,98,0.2,191.6,6,10,7,0.0,1.5,22,False,False,24.5
2021-07-10,23,22,22,22,23,22,0,21.5,0.6,98,0.2,191.6,6,10,7,0.0,1.5,23,False,False,22.25
2021-07-11,0,22,22,23,23,23,0,21.9,0.3,98,0.0,191.6,7,11,7,0.0,1.5,0,False,False,22.5
2021-07-11,1,23,26,27,26,26,0,21.6,1.1,98,0.0,191.6,7,11,7,0.0,1.5,1,False,False,25.5
2021-07-11,2,23,23,22,22,23,0,21.8,0.1,98,0.0,191.6,7,11,7,0.0,1.5,2,False,False,22.5
2021-07-11,3,24,22,23,23,23,0,21.8,0.9,98,0.0,191.6,7,11,7,0.0,1.5,3,False,False,23.0
2021-07-11,4,23,22,24,23,23,0,22.2,1.3,98,0.0,191.6,7,11,7,0.0,1.5,4,False,False,23.0
2021-07-11,5,27,24,22,21,24,0,21.8,0.2,98,0.0,191.6,7,11,7,0.0,1.5,5,False,False,23.5
2021-07-11,6,22,22,22,22,22,0,23.6,0.0,98,0.0,191.6,7,11,7,0.0,1.5,6,False,False,22.0
2021-07-11,7,22,22,22,22,22,0,25.8,0.5,90,0.0,191.6,7,11,7,0.0,1.5,7,False,False,22.0
2021-07-11,8,22,27,24,22,24,0,27.3,1.2,79,0.0,191.6,7,11,7,0.0,1.5,8,False,False,23.75
2021-07-11,9,22,22,22,22,22,0,29.0,2.4,68,0.0,191.6,7,11,7,0.0,1.0,9,False,False,22.0
2021-07-11,10,23,22,23,22,23,0,30.4,2.4,68,0.0,191.6,7,11,7,0.0,1.0,10,False,False,22.5
2021-07-11,11,22,26,28,23,25,0,30.8,3.1,61,0.0,191.6,7,11,7,0.0,1.0,11,False,False,24.75
2021-07-11,12,23,23,24,22,23,0,31.2,3.6,57,0.0,191.6,7,11,7,0.0,1.0,12,False,False,23.0
2021-07-11,13,24,24,23,23,24,0,31.8,3.9,57,0.0,191.6,7,11,7,0.0,1.0,13,False,False,23.5
2021-07-11,14,24,24,28,27,26,0,31.3,3.1,57,0.0,191.6,7,11,7,0.0,1.0,14,False,False,25.75
2021-07-11,15,24,24,24,24,24,0,28.3,1.5,77,0.0,191.6,7,11,7,0.0,1.0,15,False,False,24.0
2021-07-11,16,24,24,24,26,25,0,28.6,1.3,80,0.0,191.6,7,11,7,0.0,1.0,16,False,False,24.5
2021-07-11,17,23,23,23,26,24,0,28.7,1.1,81,0.0,191.6,7,11,7,0.0,1.0,17,False,False,23.75
2021-07-11,18,26,23,22,22,23,0,27.7,0.8,83,0.0,191.6,7,11,7,0.0,1.5,18,False,False,23.25
2021-07-11,19,22,23,22,22,22,0,26.6,0.8,92,0.0,191.6,7,11,7,0.0,1.5,19,False,False,22.25
2021-07-11,20,23,23,22,23,23,0,26.7,1.3,94,0.0,191.6,7,11,7,0.0,1.5,20,False,False,22.75
2021-07-11,21,26,28,24,23,25,0,26.6,1.0,94,0.0,191.6,7,11,7,0.0,1.5,21,False,False,25.25
2021-07-11,22,23,22,24,23,23,0,25.2,1.9,89,0.0,191.6,7,11,7,0.0,1.5,22,False,False,23.0
2021-07-11,23,23,22,22,23,23,0,24.5,1.1,92,0.0,191.6,7,11,7,0.0,1.5,23,False,False,22.5
2021-07-12,0,23,26,26,23,25,0,23.6,1.1,95,0.0,191.6,1,12,7,0.0,1.5,0,False,False,24.5
2021-07-12,1,23,23,23,22,23,0,23.7,1.2,98,0.0,191.6,1,12,7,0.0,1.5,1,False,False,22.75
2021-07-12,2,23,22,23,22,23,0,23.5,1.5,98,0.0,191.6,1,12,7,0.0,1.5,2,False,False,22.5
2021-07-12,3,22,23,24,27,24,0,23.5,2.0,98,0.0,191.6,1,12,7,0.0,1.5,3,False,False,24.0
2021-07-12,4,23,21,22,22,22,0,23.8,1.6,95,0.0,191.6,1,12,7,0.0,1.5,4,False,False,22.0
2021-07-12,5,23,23,23,23,23,0,23.8,1.1,96,0.0,191.6,1,12,7,0.0,1.5,5,False,False,23.0
2021-07-12,6,23,23,23,25,24,0,25.9,1.1,87,0.0,191.6,1,12,7,0.0,1.5,6,False,False,23.5
2021-07-12,7,31,40,66,123,65,0,25.5,1.6,91,0.0,191.6,1,12,7,0.0,1.5,7,False,False,65.0
2021-07-12,8,153,196,198,195,186,522,28.4,1.3,81,0.0,191.6,1,12,7,0.703504043,1.5,8,False,False,185.5
2021-07-12,9,195,192,187,191,191,498,30.3,1.1,72,0.0,191.6,1,12,7,0.650980392,1.0,9,False,False,191.25
2021-07-12,10,149,180,183,186,175,1883,31.6,1.9,62,0.0,191.6,1,12,7,2.697707736,1.0,10,False,False,174.5
2021-07-12,11,188,187,187,180,186,1127,31.8,2.3,65,0.0,191.6,1,12,7,1.518867925,1.0,11,False,False,185.5
2021-07-12,12,134,115,107,103,115,194,32.0,2.3,67,0.0,191.6,1,12,7,0.422657952,1.0,12,False,False,114.75
2021-07-12,13,146,169,178,174,167,676,31.8,2.2,69,0.0,191.6,1,12,7,1.013493253,1.0,13,False,False,166.75
2021-07-12,14,177,184,185,190,184,5121,31.4,1.9,67,0.0,191.6,1,12,7,6.957880435,1.0,14,False,False,184.0
2021-07-12,15,143,143,182,188,164,1018,30.6,2.3,70,0.0,191.6,1,12,7,1.551829268,1.0,15,False,False,164.0
2021-07-12,16,177,164,177,177,174,1233,29.6,1.4,70,0.0,191.6,1,12,7,1.774100719,1.0,16,False,False,173.75
2021-07-12,17,125,105,147,173,138,509,29.7,1.0,71,0.0,191.6,1,12,7,0.925454545,1.0,17,False,False,137.5
2021-07-12,18,164,153,162,149,157,1047,28.0,1.1,82,0.0,191.6,1,12,7,1.667197452,1.5,18,False,False,157.0
2021-07-12,19,158,175,165,129,157,2885,27.0,0.5,88,0.0,191.6,1,12,7,4.601275917,1.5,19,False,False,156.75
2021-07-12,20,117,119,136,127,125,6,27.0,2.0,90,0.0,191.6,1,12,7,0.012024048,1.5,20,False,False,124.75
2021-07-12,21,119,133,120,106,120,217,26.3,2.0,93,0.0,191.6,1,12,7,0.453974895,1.5,21,False,False,119.5
2021-07-12,22,104,120,125,113,116,28,25.8,0.7,94,0.0,191.6,1,12,7,0.060606061,1.5,22,False,False,115.5
2021-07-12,23,112,115,105,79,103,79,25.3,1.7,97,0.0,191.6,1,12,7,0.192214112,1.5,23,False,False,102.75
2021-07-13,0,70,69,69,69,69,0,25.1,2.0,98,0.0,191.6,2,13,7,0.0,1.5,70,True,False,69.25
2021-07-13,1,77,93,119,94,96,0,25.0,1.3,97,0.0,191.6,2,13,7,0.0,1.5,89,True,False,95.75
2021-07-13,2,117,110,114,107,112,0,24.9,1.5,96,0.0,191.6,2,13,7,0.0,1.5,90,True,False,112.0
2021-07-13,3,115,107,112,107,110,0,24.7,0.4,96,0.0,191.6,2,13,7,0.0,1.5,97,True,False,110.25
2021-07-13,4,106,112,101,106,106,0,24.5,1.4,96,0.0,191.6,2,13,7,0.0,1.5,107,True,False,106.25
2021-07-13,5,121,153,162,136,143,0,24.7,0.2,96,0.0,191.6,2,13,7,0.0,1.5,108,True,False,143.0
2021-07-13,6,125,124,121,120,123,0,25.8,1.0,93,0.0,191.6,2,13,7,0.0,1.5,112,True,False,122.5
2021-07-13,7,112,107,113,111,111,0,27.5,1.0,84,0.0,191.6,2,13,7,0.0,1.5,113,True,False,110.75
2021-07-13,8,112,110,81,104,102,0,29.2,1.9,73,0.0,191.6,2,13,7,0.0,1.5,115,True,False,101.75
2021-07-13,9,105,118,112,113,112,0,29.3,3.0,69,0.0,191.6,2,13,7,0.0,1.5,118,True,False,112.0
2021-07-13,10,112,124,138,123,124,0,31.3,2.1,66,0.0,191.6,2,13,7,0.0,1.5,120,True,False,124.25
2021-07-13,11,108,144,167,135,139,0,31.6,3.0,63,0.0,191.6,2,13,7,0.0,1.5,121,True,False,138.5
2021-07-13,12,120,129,121,123,123,0,31.9,1.3,64,0.0,191.6,2,13,7,0.0,1.5,124,True,False,123.25
2021-07-13,13,108,98,110,112,107,0,30.1,1.9,74,0.0,191.6,2,13,7,0.0,1.5,133,True,False,107.0
2021-07-13,14,123,155,174,147,150,0,32.7,1.7,65,0.0,191.6,2,13,7,0.0,1.5,136,True,False,149.75
2021-07-13,15,181,186,181,174,181,0,30.5,2.3,74,0.0,191.6,2,13,7,0.0,1.5,148,True,False,180.5
2021-07-13,16,179,181,167,170,174,0,29.7,2.3,77,0.0,191.6,2,13,7,0.0,1.5,155,True,False,174.25
2021-07-13,17,144,136,147,146,143,0,28.4,1.1,82,0.0,191.6,2,13,7,0.0,1.5,159,True,False,143.25
2021-07-13,18,152,143,160,153,152,0,28.2,0.6,84,0.0,191.6,2,13,7,0.0,1.5,159,True,False,152.0
2021-07-13,19,170,168,187,172,174,0,27.5,0.7,87,0.0,191.6,2,13,7,0.0,1.5,165,True,False,174.25
2021-07-13,20,168,189,169,174,175,0,27.0,0.2,90,0.0,191.6,2,13,7,0.0,1.5,171,True,False,175.0
2021-07-13,21,165,178,179,173,174,0,27.3,1.5,87,0.0,191.6,2,13,7,0.0,1.5,172,True,False,173.75
2021-07-13,22,187,171,177,176,178,0,26.8,2.4,88,0.0,191.6,2,13,7,0.0,1.5,172,True,False,177.75
2021-07-13,23,190,188,187,188,188,0,26.3,1.6,90,0.0,191.6,2,13,7,0.0,1.5,188,True,False,188.25
2021-07-14,0,75,71,73,72,73,327,26.3,2.0,88,0.0,191.6,3,14,7,1.12371134,1.5,0,False,False,72.75
2021-07-14,1,90,112,107,99,102,166,26.1,1.9,87,0.0,191.6,3,14,7,0.406862745,1.5,1,False,False,102.0
2021-07-14,2,109,108,107,97,105,354,25.7,1.3,88,0.0,191.6,3,14,7,0.840855107,1.5,2,False,False,105.25
2021-07-14,3,86,100,114,109,102,111,25.6,2.1,88,0.0,191.6,3,14,7,0.271393643,1.5,3,False,False,102.25
2021-07-14,4,106,107,105,103,105,66,24.3,0.4,95,0.0,191.6,3,14,7,0.156769596,1.5,4,False,False,105.25
2021-07-14,5,81,73,88,115,89,0,25.3,0.3,97,0.0,191.6,3,14,7,0.0,1.5,5,False,False,89.25
2021-07-14,6,112,100,100,110,106,45,27.4,0.8,88,0.0,191.6,3,14,7,0.106635071,1.5,6,False,False,105.5
2021-07-14,7,111,126,154,137,132,582,28.9,0.5,76,0.0,191.6,3,14,7,1.102272727,1.5,7,False,False,132.0
2021-07-14,8,157,186,186,186,179,530,29.4,1.5,73,0.0,191.6,3,14,7,0.741258741,1.5,8,False,False,178.75
2021-07-14,9,177,180,195,188,185,1304,30.2,1.8,67,0.0,191.6,3,14,7,1.762162162,1.0,9,False,False,185.0
2021-07-14,10,158,182,185,173,175,1851,30.4,2.2,75,0.0,191.6,3,14,7,2.651862464,1.0,10,False,False,174.5
2021-07-14,11,182,193,189,177,185,1796,30.4,1.9,74,0.0,191.6,3,14,7,2.423751687,1.0,11,False,False,185.25
2021-07-14,12,110,94,96,97,99,88,31.5,1.9,74,0.0,191.6,3,14,7,0.221662469,1.0,12,False,False,99.25
2021-07-14,13,143,179,168,173,166,1564,31.4,2.6,71,0.0,191.6,3,14,7,2.358974359,1.0,13,False,False,165.75
2021-07-14,14,186,176,170,179,178,1154,32.1,2.0,71,0.0,191.6,3,14,7,1.623066104,1.0,14,False,False,177.75
2021-07-14,15,141,123,136,136,134,587,30.9,2.0,74,0.0,191.6,3,14,7,1.095149254,1.0,15,False,False,134.0
2021-07-14,16,155,150,156,156,154,1732,30.3,2.5,76,0.0,191.6,3,14,7,2.80713128,1.0,16,False,False,154.25
2021-07-14,17,125,110,145,179,140,2473,29.6,1.3,77,0.0,191.6,3,14,7,4.423971377,1.0,17,False,False,139.75
2021-07-14,18,169,164,163,163,165,283,28.2,0.6,84,0.0,191.6,3,14,7,0.429438543,1.5,18,False,False,164.75
2021-07-14,19,148,148,142,114,138,1793,27.6,0.3,88,0.0,191.6,3,14,7,3.248188406,1.5,19,False,False,138.0
2021-07-14,20,110,120,111,106,112,268,27.8,1.2,90,0.0,191.6,3,14,7,0.599552573,1.5,20,False,False,111.75
2021-07-14,21,113,110,112,111,112,58,27.2,1.3,91,0.0,191.6,3,14,7,0.130044843,1.5,21,False,False,111.5
2021-07-14,22,101,115,113,112,110,51,27.1,2.3,89,0.0,191.6,3,14,7,0.115646259,1.5,22,False,False,110.25
2021-07-14,23,109,112,112,83,104,70,26.3,0.9,93,0.0,191.6,3,14,7,0.168269231,1.5,23,False,False,104.0
2021-07-15,0,70,66,65,68,67,0,25.6,0.6,96,0.0,191.6,4,15,7,0.0,1.5,74,True,False,67.25
2021-07-15,1,75,90,106,89,90,0,25.8,0.9,95,0.0,191.6,4,15,7,0.0,1.5,86,True,False,90.0
2021-07-15,2,119,112,107,106,111,0,25.7,1.5,97,0.0,191.6,4,15,7,0.0,1.5,89,True,False,111.0
2021-07-15,3,111,109,110,107,109,0,24.9,0.6,98,0.0,191.6,4,15,7,0.0,1.5,98,True,False,109.25
2021-07-15,4,107,121,103,107,110,0,24.5,0.6,98,0.0,191.6,4,15,7,0.0,1.5,100,True,False,109.5
2021-07-15,5,96,88,76,92,88,0,24.7,0.5,98,0.0,191.6,4,15,7,0.0,1.5,110,True,False,88.0
2021-07-15,6,95,106,108,104,103,0,25.4,1.1,98,0.0,191.6,4,15,7,0.0,1.5,110,True,False,103.25
2021-07-15,7,110,106,105,108,107,0,26.6,1.0,95,0.0,191.6,4,15,7,0.0,1.5,111,True,False,107.25
2021-07-15,8,124,144,139,130,134,0,27.5,0.9,90,0.0,191.6,4,15,7,0.0,1.5,115,True,False,134.25
2021-07-15,9,117,102,120,113,113,0,29.3,1.6,81,0.0,191.6,4,15,7,0.0,1.5,115,True,False,113.0
2021-07-15,10,107,108,105,110,108,0,30.0,1.6,76,0.0,191.6,4,15,7,0.0,1.5,120,True,False,107.5
2021-07-15,11,100,138,168,131,134,0,29.8,2.4,76,0.0,191.6,4,15,7,0.0,1.5,120,True,False,134.25
2021-07-15,12,123,114,115,118,118,0,30.1,2.6,75,0.0,191.6,4,15,7,0.0,1.5,121,True,False,117.5
2021-07-15,13,130,122,114,122,122,0,30.3,2.3,75,0.0,191.6,4,15,7,0.0,1.5,125,True,False,122.0
2021-07-15,14,132,168,169,150,155,0,29.3,2.9,76,0.0,191.6,4,15,7,0.0,1.5,134,True,False,154.75
2021-07-15,15,148,159,149,150,152,0,28.7,1.0,75,0.0,191.6,4,15,7,0.0,1.5,147,True,False,151.5
2021-07-15,16,186,193,179,176,184,0,28.7,0.7,80,0.0,191.6,4,15,7,0.0,1.5,148,True,False,183.5
2021-07-15,17,173,173,174,169,172,0,27.1,1.2,87,0.0,191.6,4,15,7,0.0,1.5,159,True,False,172.25
2021-07-15,18,188,202,192,186,192,0,26.6,1.0,90,0.0,191.6,4,15,7,0.0,1.5,162,True,False,192.0
2021-07-15,19,160,160,157,162,160,0,25.8,0.7,92,0.0,191.6,4,15,7,0.0,1.5,172,True,False,159.75
2021-07-15,20,150,146,166,158,155,0,25.3,1.0,94,0.0,191.6,4,15,7,0.0,1.5,173,True,False,155.0
2021-07-15,21,186,188,190,185,187,0,25.3,1.0,94,0.0,191.6,4,15,7,0.0,1.5,178,True,False,187.25
2021-07-15,22,196,200,202,195,198,0,25.4,1.1,93,0.0,191.6,4,15,7,0.0,1.5,183,True,False,198.25
2021-07-15,23,178,190,193,186,187,0,24.9,0.8,93,0.0,191.6,4,15,7,0.0,1.5,184,True,False,186.75
2021-07-16,0,67,65,64,65,65,36,23.9,1.5,98,0.0,191.6,5,16,7,0.137931034,1.5,0,False,False,65.25
2021-07-16,1,95,96,100,92,96,74,24.4,1.1,97,0.0,191.6,5,16,7,0.193211488,1.5,1,False,False,95.75
2021-07-16,2,99,103,101,102,101,37,23.8,0.3,98,0.0,191.6,5,16,7,0.091358025,1.5,2,False,False,101.25
2021-07-16,3,98,114,106,108,107,175,23.4,1.1,98,0.0,191.6,5,16,7,0.410798122,1.5,3,False,False,106.5
2021-07-16,4,109,106,105,102,106,211,23.1,0.4,98,0.0,191.6,5,16,7,0.5,1.5,4,False,False,105.5
2021-07-16,5,80,74,89,107,88,92,23.3,1.4,98,0.0,191.6,5,16,7,0.262857143,1.5,5,False,False,87.5
2021-07-16,6,108,109,98,109,106,304,24.9,1.1,97,0.0,191.6,5,16,7,0.716981132,1.5,6,False,False,106.0
2021-07-16,7,107,120,157,157,135,563,27.0,0.9,87,0.0,191.6,5,16,7,1.040665434,1.5,7,False,False,135.25
2021-07-16,8,177,193,194,182,187,555,27.5,1.4,82,0.0,191.6,5,16,7,0.743967828,1.5,8,False,False,186.5
2021-07-16,9,190,173,188,189,185,1863,28.4,3.3,76,0.0,191.6,5,16,7,2.517567568,1.0,9,False,False,185.0
2021-07-16,10,130,171,187,187,169,4118,29.0,3.3,76,0.0,191.6,5,16,7,6.100740741,1.0,10,False,False,168.75
2021-07-16,11,177,182,194,197,188,1964,28.3,3.5,74,0.0,191.6,5,16,7,2.618666667,1.0,11,False,False,187.5
2021-07-16,12,128,108,110,119,116,248,29.0,3.0,72,0.0,191.6,5,16,7,0.533333333,1.0,12,False,False,116.25
2021-07-16,13,154,176,177,181,172,2135,28.5,3.6,76,0.0,191.6,5,16,7,3.103197674,1.0,13,False,False,172.0
2021-07-16,14,161,147,173,181,166,2010,28.3,3.3,77,0.0,191.6,5,16,7,3.036253776,1.0,14,False,False,165.5
2021-07-16,15,134,133,189,176,158,1731,27.4,2.6,79,0.0,191.6,5,16,7,2.738924051,1.0,15,False,False,158.0
2021-07-16,16,178,176,149,156,165,2823,27.0,2.2,80,0.0,191.6,5,16,7,4.283763278,1.0,16,False,False,164.75
2021-07-16,17,114,106,157,176,138,2670,26.9,1.0,82,0.0,191.6,5,16,7,4.828209765,1.0,17,False,False,138.25
2021-07-16,18,168,155,156,151,158,1066,26.0,2.6,87,0.0,191.6,5,16,7,1.692063492,1.5,18,False,False,157.5
2021-07-16,19,143,141,146,115,136,1287,25.4,1.3,88,0.0,191.6,5,16,7,2.36146789,1.5,19,False,False,136.25
2021-07-16,20,104,111,123,117,114,16,25.1,1.5,90,0.0,191.6,5,16,7,0.035164835,1.5,20,False,False,113.75
2021-07-16,21,117,120,111,106,114,45,25.0,1.9,91,0.0,191.6,5,16,7,0.099118943,1.5,21,False,False,113.5
2021-07-16,22,94,106,112,95,102,59,24.7,1.9,93,0.3,191.6,5,16,7,0.144963145,1.5,22,False,False,101.75
2021-07-16,23,118,111,99,77,101,330,24.8,1.6,96,0.3,191.6,5,16,7,0.814814815,1.5,23,False,False,101.25
2021-07-17,0,66,63,62,63,64,21,24.6,1.1,95,0.0,191.6,6,17,7,0.082677165,1.5,0,False,False,63.5
2021-07-17,1,90,110,102,100,101,130,24.6,0.9,95,0.0,191.6,6,17,7,0.323383085,1.5,1,False,False,100.5
2021-07-17,2,105,101,92,95,98,426,24.4,1.3,96,0.0,191.6,6,17,7,1.083969466,1.5,2,False,False,98.25
2021-07-17,3,85,90,99,102,94,108,23.6,1.7,98,0.0,191.6,6,17,7,0.287234043,1.5,3,False,False,94.0
2021-07-17,4,97,89,96,103,96,95,23.9,1.3,98,0.0,191.6,6,17,7,0.246753247,1.5,4,False,False,96.25
2021-07-17,5,77,64,87,108,84,63,24.3,1.2,98,0.0,191.6,6,17,7,0.1875,1.5,5,False,False,84.0
2021-07-17,6,96,76,81,87,85,30,25.3,1.8,94,0.0,191.6,6,17,7,0.088235294,1.5,6,False,False,85.0
2021-07-17,7,88,73,40,28,57,994,25.5,1.0,87,0.0,191.6,6,17,7,4.340611354,1.5,7,False,False,57.25
2021-07-17,8,25,27,24,23,25,0,25.3,2.2,86,0.1,191.6,6,17,7,0.0,1.5,8,False,False,24.75
2021-07-17,9,23,23,22,24,23,0,25.9,1.9,80,0.6,191.6,6,17,7,0.0,1.0,9,False,False,23.0
2021-07-17,10,24,23,23,23,23,0,26.4,2.8,78,0.6,191.6,6,17,7,0.0,1.0,10,False,False,23.25
2021-07-17,11,23,24,23,27,24,0,26.8,2.1,81,0.6,191.6,6,17,7,0.0,1.0,11,False,False,24.25
2021-07-17,12,26,24,23,24,24,0,27.0,2.8,79,0.6,191.6,6,17,7,0.0,1.0,12,False,False,24.25
2021-07-17,13,24,23,23,23,23,0,27.3,2.5,76,0.6,191.6,6,17,7,0.0,1.0,13,False,False,23.25
2021-07-17,14,23,24,23,23,23,0,26.8,1.7,79,0.6,191.6,6,17,7,0.0,1.0,14,False,False,23.25
2021-07-17,15,28,27,23,23,25,0,28.2,2.1,69,0.6,191.6,6,17,7,0.0,1.0,15,False,False,25.25
2021-07-17,16,23,23,24,22,23,0,28.4,2.3,68,0.6,191.6,6,17,7,0.0,1.0,16,False,False,23.0
2021-07-17,17,22,22,23,22,22,0,26.4,2.3,76,0.6,191.6,6,17,7,0.0,1.0,17,False,False,22.25
2021-07-17,18,22,25,27,23,24,0,25.9,2.6,78,0.6,191.6,6,17,7,0.0,1.5,18,False,False,24.25
2021-07-17,19,22,23,23,23,23,0,25.3,0.7,84,0.6,191.6,6,17,7,0.0,1.5,19,False,False,22.75
2021-07-17,20,23,22,23,23,23,0,25.3,1.3,83,0.6,191.6,6,17,7,0.0,1.5,20,False,False,22.75
2021-07-17,21,24,24,23,24,24,0,25.4,0.5,82,0.6,191.6,6,17,7,0.0,1.5,21,False,False,23.75
2021-07-17,22,28,24,24,24,25,0,25.3,1.1,87,0.6,191.6,6,17,7,0.0,1.5,22,False,False,25.0
2021-07-17,23,23,22,23,24,23,0,25.0,1.0,88,0.6,191.6,6,17,7,0.0,1.5,23,False,False,23.0
2021-07-18,0,23,22,23,24,23,0,24.5,1.0,93,0.0,191.6,7,18,7,0.0,1.5,0,False,False,23.0
2021-07-18,1,28,26,23,23,25,0,24.5,1.6,93,0.0,191.6,7,18,7,0.0,1.5,1,False,False,25.0
2021-07-18,2,23,23,23,24,23,0,24.2,1.4,94,0.0,191.6,7,18,7,0.0,1.5,2,False,False,23.25
2021-07-18,3,22,23,24,23,23,0,24.0,0.9,96,0.0,191.6,7,18,7,0.0,1.5,3,False,False,23.0
2021-07-18,4,23,28,25,23,25,0,23.6,1.4,97,0.0,191.6,7,18,7,0.0,1.5,4,False,False,24.75
2021-07-18,5,22,22,22,22,22,0,23.5,1.3,98,0.0,191.6,7,18,7,0.0,1.5,5,False,False,22.0
2021-07-18,6,23,23,23,22,23,0,24.0,1.3,96,0.0,191.6,7,18,7,0.0,1.5,6,False,False,22.75
2021-07-18,7,23,25,28,25,25,0,26.5,1.5,88,0.0,191.6,7,18,7,0.0,1.5,7,False,False,25.25
2021-07-18,8,22,23,23,24,23,0,27.2,2.2,81,0.0,191.6,7,18,7,0.0,1.5,8,False,False,23.0
2021-07-18,9,22,23,23,23,23,0,27.7,2.8,79,0.0,191.6,7,18,7,0.0,1.0,9,False,False,22.75
2021-07-18,10,22,22,23,23,23,0,28.8,3.2,73,0.0,191.6,7,18,7,0.0,1.0,10,False,False,22.5
2021-07-18,11,24,27,23,24,25,0,28.1,1.8,76,0.0,191.6,7,18,7,0.0,1.0,11,False,False,24.5
2021-07-18,12,23,23,22,23,23,0,28.4,2.6,71,0.0,191.6,7,18,7,0.0,1.0,12,False,False,22.75
2021-07-18,13,23,23,23,23,23,0,28.4,1.7,74,0.0,191.6,7,18,7,0.0,1.0,13,False,False,23.0
2021-07-18,14,24,25,27,24,25,0,28.7,2.8,70,0.0,191.6,7,18,7,0.0,1.0,14,False,False,25.0
2021-07-18,15,24,26,24,23,24,0,27.8,3.1,74,0.0,191.6,7,18,7,0.0,1.0,15,False,False,24.25
2021-07-18,16,23,23,23,23,23,0,27.6,2.6,76,0.0,191.6,7,18,7,0.0,1.0,16,False,False,23.0
2021-07-18,17,23,24,23,27,24,0,27.7,2.6,74,0.0,191.6,7,18,7,0.0,1.0,17,False,False,24.25
2021-07-18,18,25,23,23,23,24,0,26.8,2.1,80,0.0,191.6,7,18,7,0.0,1.5,18,False,False,23.5
2021-07-18,19,23,23,23,22,23,0,25.9,1.3,88,0.0,191.6,7,18,7,0.0,1.5,19,False,False,22.75
2021-07-18,20,23,23,22,23,23,0,25.3,1.2,90,0.0,191.6,7,18,7,0.0,1.5,20,False,False,22.75
2021-07-18,21,26,28,23,24,25,0,24.7,2.1,93,0.0,191.6,7,18,7,0.0,1.5,21,False,False,25.25
2021-07-18,22,23,23,24,24,24,0,24.2,0.5,91,0.0,191.6,7,18,7,0.0,1.5,22,False,False,23.5
2021-07-18,23,23,22,22,23,23,0,24.6,0.7,92,0.0,191.6,7,18,7,0.0,1.5,23,False,False,22.5
2021-07-19,0,23,25,28,26,26,0,24.3,1.9,91,0.0,191.6,1,19,7,0.0,1.5,0,False,False,25.5
2021-07-19,1,24,24,23,23,24,0,24.1,1.1,91,0.0,191.6,1,19,7,0.0,1.5,1,False,False,23.5
2021-07-19,2,23,22,24,24,23,0,23.7,1.2,93,0.0,191.6,1,19,7,0.0,1.5,2,False,False,23.25
2021-07-19,3,24,23,22,23,23,0,23.6,1.0,95,0.0,191.6,1,19,7,0.0,1.5,3,False,False,23.0
2021-07-19,4,27,27,22,22,25,0,23.6,1.3,95,0.0,191.6,1,19,7,0.0,1.5,4,False,False,24.5
2021-07-19,5,22,23,23,23,23,0,23.4,1.1,98,0.0,191.6,1,19,7,0.0,1.5,5,False,False,22.75
2021-07-19,6,23,23,22,23,23,0,23.8,1.3,97,0.0,191.6,1,19,7,0.0,1.5,6,False,False,22.75
2021-07-19,7,24,39,76,119,65,0,25.0,2.0,91,0.0,191.6,1,19,7,0.0,1.5,7,False,False,64.5
2021-07-19,8,172,200,194,185,188,604,27.3,1.4,83,0.0,191.6,1,19,7,0.804260985,1.5,8,False,False,187.75
2021-07-19,9,182,174,185,176,179,1431,28.3,0.6,75,0.0,191.6,1,19,7,1.9958159,1.0,9,False,False,179.25
2021-07-19,10,146,180,209,203,185,568,27.9,0.8,76,0.0,191.6,1,19,7,0.769647696,1.0,10,False,False,184.5
2021-07-19,11,182,222,207,186,199,1280,28.4,1.3,75,0.0,191.6,1,19,7,1.606022585,1.0,11,False,False,199.25
2021-07-19,12,134,111,111,113,117,0,29.8,1.0,68,0.0,191.6,1,19,7,0.0,1.0,12,False,False,117.25
2021-07-19,13,157,188,193,174,178,645,28.8,1.2,73,0.0,191.6,1,19,7,0.905898876,1.0,13,False,False,178.0
2021-07-19,14,175,190,177,170,178,2075,28.5,1.2,72,0.0,191.6,1,19,7,2.914325843,1.0,14,False,False,178.0
2021-07-19,15,141,141,194,201,169,2253,28.9,1.2,69,0.0,191.6,1,19,7,3.327917282,1.0,15,False,False,169.25
2021-07-19,16,187,183,185,178,183,1495,29.5,1.4,67,0.0,191.6,1,19,7,2.039563438,1.0,16,False,False,183.25
2021-07-19,17,136,110,161,190,149,389,29.0,1.5,67,0.0,191.6,1,19,7,0.65159129,1.0,17,False,False,149.25
2021-07-19,18,188,167,166,162,171,465,28.1,1.8,72,0.0,191.6,1,19,7,0.680819912,1.5,18,False,False,170.75
2021-07-19,19,154,162,156,131,151,1962,27.5,0.7,76,0.0,191.6,1,19,7,3.253731343,1.5,19,False,False,150.75
2021-07-19,20,115,126,136,132,127,72,26.3,0.7,84,0.0,191.6,1,19,7,0.141453831,1.5,20,False,False,127.25
2021-07-19,21,129,126,127,114,124,94,25.7,0.0,92,0.0,191.6,1,19,7,0.189516129,1.5,21,False,False,124.0
2021-07-19,22,94,106,109,114,106,70,25.4,0.5,95,0.0,191.6,1,19,7,0.165484634,1.5,22,False,False,105.75
2021-07-19,23,119,120,106,93,110,181,25.7,1.3,97,0.0,191.6,1,19,7,0.413242009,1.5,23,False,False,109.5
2021-07-20,0,76,69,68,69,71,1584,26.1,0.9,93,0.0,191.6,2,20,7,5.617021277,1.5,0,False,False,70.5
2021-07-20,1,83,104,112,102,100,567,25.7,0.2,93,0.0,191.6,2,20,7,1.413965087,1.5,1,False,False,100.25
2021-07-20,2,106,104,100,103,103,591,25.7,0.2,94,0.0,191.6,2,20,7,1.430992736,1.5,2,False,False,103.25
2021-07-20,3,87,103,116,112,105,392,25.2,0.2,97,0.0,191.6,2,20,7,0.937799043,1.5,3,False,False,104.5
2021-07-20,4,110,110,108,100,107,796,25.2,0.8,97,0.0,191.6,2,20,7,1.859813084,1.5,4,False,False,107.0
2021-07-20,5,91,79,87,106,91,388,25.1,0.6,98,0.0,191.6,2,20,7,1.068870523,1.5,5,False,False,90.75
2021-07-20,6,109,110,117,104,110,102,26.7,0.8,90,0.0,191.6,2,20,7,0.231818182,1.5,6,False,False,110.0
2021-07-20,7,109,130,148,146,133,1086,28.4,1.1,81,0.0,191.6,2,20,7,2.037523452,1.5,7,False,False,133.25
2021-07-20,8,170,191,201,191,188,1248,29.7,0.6,68,0.0,191.6,2,20,7,1.657370518,1.5,8,False,False,188.25
2021-07-20,9,199,195,171,200,191,1828,30.8,1.4,57,0.0,191.6,2,20,7,2.389542484,1.0,9,False,False,191.25
2021-07-20,10,164,196,197,197,189,1282,31.1,1.2,58,0.0,191.6,2,20,7,1.700265252,1.0,10,False,False,188.5
2021-07-20,11,192,191,188,190,190,1327,31.7,2.8,60,0.0,191.6,2,20,7,1.743758213,1.0,11,False,False,190.25
2021-07-20,12,142,121,109,112,121,0,31.7,1.9,57,0.0,191.6,2,20,7,0.0,1.0,12,False,False,121.0
2021-07-20,13,157,177,183,194,178,1234,30.1,3.8,60,0.0,191.6,2,20,7,1.735583685,1.0,13,False,False,177.75
2021-07-20,14,192,186,185,183,187,823,29.9,3.6,63,0.0,191.6,2,20,7,1.103217158,1.0,14,False,False,186.5
2021-07-20,15,145,144,180,199,167,419,30.2,3.2,65,0.0,191.6,2,20,7,0.627245509,1.0,15,False,False,167.0
2021-07-20,16,201,179,179,181,185,2403,29.7,3.1,63,0.0,191.6,2,20,7,3.247297297,1.0,16,False,False,185.0
2021-07-20,17,116,107,145,159,132,881,29.1,2.1,63,0.0,191.6,2,20,7,1.671726755,1.0,17,False,False,131.75
2021-07-20,18,179,182,160,177,175,2031,27.5,1.3,74,0.0,191.6,2,20,7,2.90974212,1.5,18,False,False,174.5
2021-07-20,19,176,173,173,159,170,3506,26.5,1.1,80,0.0,191.6,2,20,7,5.148311307,1.5,19,False,False,170.25
2021-07-20,20,132,131,124,120,127,80,26.0,1.2,83,0.0,191.6,2,20,7,0.157790927,1.5,20,False,False,126.75
2021-07-20,21,121,127,137,133,130,562,26.1,1.5,79,0.0,191.6,2,20,7,1.084942085,1.5,21,False,False,129.5
2021-07-20,22,108,111,108,121,112,235,25.9,1.4,79,0.0,191.6,2,20,7,0.524553571,1.5,22,False,False,112.0
2021-07-20,23,117,111,112,96,109,108,25.3,1.4,83,0.0,191.6,2,20,7,0.247706422,1.5,23,False,False,109.0
2021-07-21,0,85,79,74,72,78,286,24.5,1.0,86,0.0,191.6,3,21,7,0.922580645,1.5,0,False,False,77.5
2021-07-21,1,96,105,112,113,107,270,24.1,0.9,90,0.0,191.6,3,21,7,0.633802817,1.5,1,False,False,106.5
2021-07-21,2,89,100,108,101,100,126,24.3,1.3,89,0.0,191.6,3,21,7,0.316582915,1.5,2,False,False,99.5
2021-07-21,3,85,104,106,111,102,528,23.2,1.3,95,0.0,191.6,3,21,7,1.300492611,1.5,3,False,False,101.5
2021-07-21,4,100,117,111,99,107,158,23.0,0.9,98,0.0,191.6,3,21,7,0.370023419,1.5,4,False,False,106.75
2021-07-21,5,86,78,99,111,94,187,24.0,1.6,93,0.0,191.6,3,21,7,0.5,1.5,5,False,False,93.5
2021-07-21,6,108,99,110,106,106,56,24.7,1.7,92,0.0,191.6,3,21,7,0.132387707,1.5,6,False,False,105.75
2021-07-21,7,104,111,149,148,128,842,27.0,2.1,83,0.0,191.6,3,21,7,1.64453125,1.5,7,False,False,128.0
2021-07-21,8,164,200,209,199,193,933,28.3,1.9,75,0.0,191.6,3,21,7,1.208549223,1.5,8,False,False,193.0
2021-07-21,9,195,200,205,214,204,1013,29.1,2.8,72,0.0,191.6,3,21,7,1.244471744,1.0,9,False,False,203.5
2021-07-21,10,164,197,183,173,179,628,29.1,3.8,67,0.0,191.6,3,21,7,0.875871688,1.0,10,False,False,179.25
2021-07-21,11,180,200,200,206,197,1336,29.3,3.0,71,0.0,191.6,3,21,7,1.699745547,1.0,11,False,False,196.5
2021-07-21,12,150,128,116,116,128,88,29.7,2.6,63,0.0,191.6,3,21,7,0.17254902,1.0,12,False,False,127.5
2021-07-21,13,177,181,193,204,189,1911,29.2,2.6,72,0.0,191.6,3,21,7,2.531125828,1.0,13,False,False,188.75
2021-07-21,14,197,203,201,194,199,972,29.4,2.5,75,0.0,191.6,3,21,7,1.222641509,1.0,14,False,False,198.75
2021-07-21,15,151,151,199,183,171,4021,28.9,2.9,77,0.0,191.6,3,21,7,5.878654971,1.0,15,False,False,171.0
2021-07-21,16,180,178,182,189,182,865,28.1,2.5,79,0.0,191.6,3,21,7,1.186556927,1.0,16,False,False,182.25
2021-07-21,17,133,116,149,153,138,593,27.3,2.3,81,0.0,191.6,3,21,7,1.076225045,1.0,17,False,False,137.75
2021-07-21,18,162,168,152,167,162,972,27.0,2.5,82,0.0,191.6,3,21,7,1.497688752,1.5,18,False,False,162.25
2021-07-21,19,170,161,174,143,162,3122,26.6,1.9,83,0.0,191.6,3,21,7,4.817901235,1.5,19,False,False,162.0
2021-07-21,20,126,138,131,128,131,0,26.3,2.8,85,0.0,191.6,3,21,7,0.0,1.5,20,False,False,130.75
2021-07-21,21,118,116,118,116,117,273,26.4,2.7,82,0.0,191.6,3,21,7,0.583333333,1.5,21,False,False,117.0
2021-07-21,22,88,102,110,114,104,275,26.0,1.7,84,0.0,191.6,3,21,7,0.664251208,1.5,22,False,False,103.5
2021-07-21,23,106,111,107,88,103,6,26.1,1.5,85,0.0,191.6,3,21,7,0.014563107,1.5,23,False,False,103.0
2021-07-22,0,73,72,70,67,71,222,25.7,1.8,87,0.0,191.6,4,22,7,0.787234043,1.5,0,False,False,70.5
2021-07-22,1,88,96,106,106,99,150,25.4,2.0,89,0.0,191.6,4,22,7,0.378787879,1.5,1,False,False,99.0
2021-07-22,2,97,111,108,95,103,23,25.2,1.8,91,0.0,191.6,4,22,7,0.055961071,1.5,2,False,False,102.75
2021-07-22,3,86,104,103,105,100,162,25.1,2.3,91,0.0,191.6,4,22,7,0.407035176,1.5,3,False,False,99.5
2021-07-22,4,101,105,106,108,105,82,25.2,1.0,91,0.0,191.6,4,22,7,0.195238095,1.5,4,False,False,105.0
2021-07-22,5,80,74,85,103,86,0,25.2,1.4,91,0.0,191.6,4,22,7,0.0,1.5,5,False,False,85.5
2021-07-22,6,104,106,109,104,106,482,25.7,1.6,90,0.0,191.6,4,22,7,1.139479905,1.5,6,False,False,105.75
2021-07-22,7,101,108,132,146,122,1255,27.1,1.9,84,0.0,191.6,4,22,7,2.577002053,1.5,7,False,False,121.75
2021-07-22,8,184,213,193,196,197,709,27.7,2.4,80,0.0,191.6,4,22,7,0.902035623,1.5,8,False,False,196.5
2021-07-22,9,186,197,192,191,192,491,28.1,2.9,76,0.0,191.6,4,22,7,0.640992167,1.0,9,False,False,191.5
2021-07-22,10,148,192,188,190,180,679,28.7,3.6,78,0.0,191.6,4,22,7,0.945682451,1.0,10,False,False,179.5
2021-07-22,11,177,188,188,192,186,691,29.5,3.1,73,0.0,191.6,4,22,7,0.927516779,1.0,11,False,False,186.25
2021-07-22,12,119,99,99,97,104,30,29.2,3.2,73,0.0,191.6,4,22,7,0.072463768,1.0,12,False,False,103.5
2021-07-22,13,157,174,177,174,171,2297,28.3,2.8,77,0.0,191.6,4,22,7,3.368035191,1.0,13,False,False,170.5
2021-07-22,14,178,178,182,189,182,383,28.6,3.2,76,0.0,191.6,4,22,7,0.526822558,1.0,14,False,False,181.75
2021-07-22,15,149,143,182,180,164,727,28.7,3.4,77,0.0,191.6,4,22,7,1.111620795,1.0,15,False,False,163.5
2021-07-22,16,172,166,166,157,165,634,29.3,2.2,75,0.0,191.6,4,22,7,0.959152799,1.0,16,False,False,165.25
2021-07-22,17,110,97,133,155,124,552,27.4,2.1,80,0.0,191.6,4,22,7,1.115151515,1.0,17,False,False,123.75
2021-07-22,18,157,168,160,169,164,992,26.8,1.9,85,0.0,191.6,4,22,7,1.516819572,1.5,18,False,False,163.5
2021-07-22,19,163,152,162,138,154,4520,26.0,2.6,90,0.0,191.6,4,22,7,7.349593496,1.5,19,False,False,153.75
2021-07-22,20,132,138,127,130,132,368,25.5,1.2,92,0.0,191.6,4,22,7,0.69829222,1.5,20,False,False,131.75
2021-07-22,21,119,119,123,118,120,0,25.8,1.7,89,0.0,191.6,4,22,7,0.0,1.5,21,False,False,119.75
2021-07-22,22,104,122,119,114,115,270,25.3,0.9,90,0.0,191.6,4,22,7,0.588235294,1.5,22,False,False,114.75
2021-07-22,23,107,104,114,104,107,82,25.2,1.3,92,0.0,191.6,4,22,7,0.191142191,1.5,23,False,False,107.25
2021-07-23,0,87,79,74,71,78,200,24.9,1.2,94,0.0,191.6,5,23,7,0.643086817,1.5,0,False,False,77.75
2021-07-23,1,98,111,106,103,105,91,24.5,1.2,96,0.0,191.6,5,23,7,0.217703349,1.5,1,False,False,104.5
2021-07-23,2,104,105,102,110,105,376,24.4,1.2,97,0.0,191.6,5,23,7,0.893111639,1.5,2,False,False,105.25
2021-07-23,3,89,103,109,106,102,102,24.2,1.3,98,0.0,191.6,5,23,7,0.250614251,1.5,3,False,False,101.75
2021-07-23,4,100,97,101,98,99,162,24.1,1.6,98,0.0,191.6,5,23,7,0.409090909,1.5,4,False,False,99.0
2021-07-23,5,87,76,93,99,89,0,24.1,1.0,96,0.0,191.6,5,23,7,0.0,1.5,5,False,False,88.75
2021-07-23,6,103,105,100,105,103,0,24.6,2.0,95,0.0,191.6,5,23,7,0.0,1.5,6,False,False,103.25
2021-07-23,7,98,104,143,144,122,2387,26.2,2.2,88,0.0,191.6,5,23,7,4.881390593,1.5,7,False,False,122.25
2021-07-23,8,169,202,199,192,191,999,26.8,1.9,85,0.0,191.6,5,23,7,1.311023622,1.5,8,False,False,190.5
2021-07-23,9,179,183,190,189,185,1838,27.8,1.6,81,0.0,191.6,5,23,7,2.480431849,1.0,9,False,False,185.25
2021-07-23,10,162,189,182,182,179,1231,28.9,2.7,73,0.0,191.6,5,23,7,1.721678322,1.0,10,False,False,178.75
2021-07-23,11,179,185,199,189,188,1813,28.9,2.9,73,0.0,191.6,5,23,7,2.410904255,1.0,11,False,False,188.0
2021-07-23,12,125,110,108,109,113,0,29.2,2.0,74,0.0,191.6,5,23,7,0.0,1.0,12,False,False,113.0
2021-07-23,13,161,192,178,188,180,979,29.2,2.8,73,0.0,191.6,5,23,7,1.361613352,1.0,13,False,False,179.75
2021-07-23,14,177,186,190,183,184,1335,29.3,4.3,75,0.0,191.6,5,23,7,1.813858696,1.0,14,False,False,184.0
2021-07-23,15,152,151,192,206,175,923,28.4,2.5,77,0.0,191.6,5,23,7,1.316690442,1.0,15,False,False,175.25
2021-07-23,16,195,197,188,177,189,6161,28.1,1.9,78,0.0,191.6,5,23,7,8.138705416,1.0,16,False,False,189.25
2021-07-23,17,110,111,154,178,138,555,27.8,2.4,78,0.0,191.6,5,23,7,1.003616637,1.0,17,False,False,138.25
2021-07-23,18,175,174,173,176,175,1693,26.6,1.8,86,0.0,191.6,5,23,7,2.425501433,1.5,18,False,False,174.5
2021-07-23,19,165,148,145,120,145,2039,25.9,1.6,88,0.0,191.6,5,23,7,3.527681661,1.5,19,False,False,144.5
2021-07-23,20,107,115,115,105,111,113,25.6,1.6,91,0.0,191.6,5,23,7,0.255656109,1.5,20,False,False,110.5
2021-07-23,21,104,110,107,105,107,12,24.9,0.2,93,0.0,191.6,5,23,7,0.028169014,1.5,21,False,False,106.5
2021-07-23,22,93,104,107,96,100,371,25.0,0.9,94,0.0,191.6,5,23,7,0.9275,1.5,22,False,False,100.0
2021-07-23,23,98,111,107,91,102,180,24.9,1.2,92,0.0,191.6,5,23,7,0.442260442,1.5,23,False,False,101.75
2021-07-24,0,72,67,65,69,68,0,24.7,1.2,91,0.0,191.6,6,24,7,0.0,1.5,0,False,False,68.25
2021-07-24,1,93,92,101,99,96,501,24.6,1.1,91,0.0,191.6,6,24,7,1.301298701,1.5,1,False,False,96.25
2021-07-24,2,100,99,97,84,95,51,24.4,0.9,94,0.0,191.6,6,24,7,0.134210526,1.5,2,False,False,95.0
2021-07-24,3,72,96,104,101,93,42,24.0,0.8,96,0.0,191.6,6,24,7,0.112600536,1.5,3,False,False,93.25
2021-07-24,4,100,98,98,90,97,262,23.9,1.2,97,0.0,191.6,6,24,7,0.678756477,1.5,4,False,False,96.5
2021-07-24,5,75,69,87,91,81,62,23.8,0.8,98,0.0,191.6,6,24,7,0.192546584,1.5,5,False,False,80.5
2021-07-24,6,98,97,96,87,95,919,24.9,0.7,96,0.0,191.6,6,24,7,2.431216931,1.5,6,False,False,94.5
2021-07-24,7,81,75,56,32,61,482,25.8,0.6,90,0.0,191.6,6,24,7,1.975409836,1.5,7,False,False,61.0
2021-07-24,8,28,23,23,24,25,0,26.9,2.0,84,0.0,191.6,6,24,7,0.0,1.5,8,False,False,24.5
2021-07-24,9,24,24,24,24,24,0,29.1,1.3,78,0.0,191.6,6,24,7,0.0,1.0,9,False,False,24.0
2021-07-24,10,24,24,24,24,24,0,28.8,2.5,74,0.0,191.6,6,24,7,0.0,1.0,10,False,False,24.0
2021-07-24,11,26,27,29,25,27,0,28.5,3.2,76,0.0,191.6,6,24,7,0.0,1.0,11,False,False,26.75
2021-07-24,12,24,22,23,23,23,0,29.6,3.5,72,0.0,191.6,6,24,7,0.0,1.0,12,False,False,23.0
2021-07-24,13,23,24,24,24,24,0,30.0,3.2,71,0.0,191.6,6,24,7,0.0,1.0,13,False,False,23.75
2021-07-24,14,24,24,24,24,24,0,29.8,3.0,69,0.0,191.6,6,24,7,0.0,1.0,14,False,False,24.0
2021-07-24,15,27,28,24,24,26,0,29.3,3.5,64,0.0,191.6,6,24,7,0.0,1.0,15,False,False,25.75
2021-07-24,16,24,24,24,25,24,0,29.2,1.5,68,0.0,191.6,6,24,7,0.0,1.0,16,False,False,24.25
2021-07-24,17,24,24,24,24,24,0,28.7,1.6,70,0.0,191.6,6,24,7,0.0,1.0,17,False,False,24.0
2021-07-24,18,24,23,24,29,25,0,26.9,1.8,82,0.0,191.6,6,24,7,0.0,1.5,18,False,False,25.0
2021-07-24,19,28,24,23,23,25,0,26.3,1.4,85,0.0,191.6,6,24,7,0.0,1.5,19,False,False,24.5
2021-07-24,20,23,23,24,25,24,0,26.1,2.5,89,0.0,191.6,6,24,7,0.0,1.5,20,False,False,23.75
2021-07-24,21,24,24,25,25,25,0,26.2,2.7,90,0.0,191.6,6,24,7,0.0,1.5,21,False,False,24.5
2021-07-24,22,24,25,28,25,26,0,26.1,1.3,91,0.0,191.6,6,24,7,0.0,1.5,22,False,False,25.5
2021-07-24,23,24,24,24,24,24,0,26.0,1.0,91,0.0,191.6,6,24,7,0.0,1.5,23,False,False,24.0
2021-07-25,0,24,24,24,24,24,0,25.6,1.2,92,0.0,191.6,7,25,7,0.0,1.5,0,False,False,24.0
2021-07-25,1,24,24,24,26,25,0,24.8,0.4,96,0.0,191.6,7,25,7,0.0,1.5,1,False,False,24.5
2021-07-25,2,29,25,23,24,25,0,24.9,0.8,95,0.0,191.6,7,25,7,0.0,1.5,2,False,False,25.25
2021-07-25,3,24,26,23,23,24,0,24.3,1.3,97,0.0,191.6,7,25,7,0.0,1.5,3,False,False,24.0
2021-07-25,4,23,24,24,24,24,0,24.5,2.0,98,0.0,191.6,7,25,7,0.0,1.5,4,False,False,23.75
2021-07-25,5,24,24,28,27,26,0,24.7,1.6,98,0.0,191.6,7,25,7,0.0,1.5,5,False,False,25.75
2021-07-25,6,23,24,24,24,24,0,25.5,0.6,95,0.0,191.6,7,25,7,0.0,1.5,6,False,False,23.75
2021-07-25,7,24,24,24,24,24,0,27.1,1.5,89,0.0,191.6,7,25,7,0.0,1.5,7,False,False,24.0
2021-07-25,8,24,23,23,24,24,0,28.4,3.0,81,0.0,191.6,7,25,7,0.0,1.5,8,False,False,23.5
2021-07-25,9,25,29,25,24,26,0,28.1,2.6,80,0.0,191.6,7,25,7,0.0,1.0,9,False,False,25.75
2021-07-25,10,24,23,24,24,24,0,28.8,2.7,76,0.0,191.6,7,25,7,0.0,1.0,10,False,False,23.75
2021-07-25,11,23,23,24,24,24,0,29.0,3.0,77,0.0,191.6,7,25,7,0.0,1.0,11,False,False,23.5
2021-07-25,12,26,25,28,26,26,0,30.5,2.9,62,0.0,191.6,7,25,7,0.0,1.0,12,False,False,26.25
2021-07-25,13,24,24,24,23,24,0,31.0,2.4,58,0.0,191.6,7,25,7,0.0,1.0,13,False,False,23.75
2021-07-25,14,24,24,25,24,24,0,30.5,2.8,58,0.0,191.6,7,25,7,0.0,1.0,14,False,False,24.25
2021-07-25,15,24,24,25,25,25,0,30.0,2.5,58,0.0,191.6,7,25,7,0.0,1.0,15,False,False,24.5
2021-07-25,16,29,27,25,24,26,0,29.2,2.5,66,0.0,191.6,7,25,7,0.0,1.0,16,False,False,26.25
2021-07-25,17,24,24,24,23,24,0,28.0,2.4,69,0.0,191.6,7,25,7,0.0,1.0,17,False,False,23.75
2021-07-25,18,23,24,23,23,23,0,27.6,1.1,70,0.0,191.6,7,25,7,0.0,1.5,18,False,False,23.25
2021-07-25,19,24,24,25,28,25,0,26.2,0.9,85,0.0,191.6,7,25,7,0.0,1.5,19,False,False,25.25
2021-07-25,20,23,24,24,24,24,0,25.9,2.2,92,0.0,191.6,7,25,7,0.0,1.5,20,False,False,23.75
2021-07-25,21,24,24,23,24,24,0,25.0,0.5,91,0.0,191.6,7,25,7,0.0,1.5,21,False,False,23.75
2021-07-25,22,23,24,24,24,24,0,25.5,1.3,94,0.0,191.6,7,25,7,0.0,1.5,22,False,False,23.75
2021-07-25,23,26,28,24,24,26,0,25.3,0.4,95,0.0,191.6,7,25,7,0.0,1.5,23,False,False,25.5
2021-07-26,0,24,24,24,24,24,0,25.1,1.0,97,0.0,191.6,1,26,7,0.0,1.5,0,False,False,24.0
2021-07-26,1,23,24,24,24,24,0,24.8,1.2,98,0.0,191.6,1,26,7,0.0,1.5,1,False,False,23.75
2021-07-26,2,24,24,24,27,25,0,24.6,1.6,98,0.0,191.6,1,26,7,0.0,1.5,2,False,False,24.75
2021-07-26,3,27,24,24,24,25,0,24.5,1.5,98,0.0,191.6,1,26,7,0.0,1.5,3,False,False,24.75
2021-07-26,4,23,23,24,24,24,0,24.4,1.1,98,0.0,191.6,1,26,7,0.0,1.5,4,False,False,23.5
2021-07-26,5,24,24,23,23,24,0,24.7,1.1,98,0.0,191.6,1,26,7,0.0,1.5,5,False,False,23.5
2021-07-26,6,25,26,26,27,26,0,26.9,0.9,91,0.0,191.6,1,26,7,0.0,1.5,6,False,False,26.0
2021-07-26,7,30,50,75,127,71,0,27.9,1.9,82,0.0,191.6,1,26,7,0.0,1.5,7,False,False,70.5
2021-07-26,8,177,217,206,191,198,805,29.4,2.1,69,0.0,191.6,1,26,7,1.017699115,1.5,8,False,False,197.75
2021-07-26,9,182,178,189,186,184,1283,29.8,2.9,62,0.0,191.6,1,26,7,1.745578231,1.0,9,False,False,183.75
2021-07-26,10,148,192,191,207,185,1149,29.9,2.2,60,0.0,191.6,1,26,7,1.556910569,1.0,10,False,False,184.5
2021-07-26,11,202,190,182,186,190,3069,30.8,2.0,58,0.0,191.6,1,26,7,4.038157895,1.0,11,False,False,190.0
2021-07-26,12,130,111,105,106,113,0,30.7,2.7,53,0.0,191.6,1,26,7,0.0,1.0,12,False,False,113.0
2021-07-26,13,151,178,180,167,169,1969,31.1,2.7,50,0.0,191.6,1,26,7,2.912721893,1.0,13,False,False,169.0
2021-07-26,14,176,182,199,185,186,669,30.5,3.0,53,0.0,191.6,1,26,7,0.901617251,1.0,14,False,False,185.5
2021-07-26,15,137,136,180,177,158,2463,30.4,2.4,57,0.0,191.6,1,26,7,3.90952381,1.0,15,False,False,157.5
2021-07-26,16,163,163,177,173,169,1238,29.3,2.6,62,0.0,191.6,1,26,7,1.831360947,1.0,16,False,False,169.0
2021-07-26,17,122,108,144,169,136,6579,28.3,2.9,65,0.0,191.6,1,26,7,12.1160221,1.0,17,False,False,135.75
2021-07-26,18,186,181,169,162,175,1120,27.3,2.3,77,0.0,191.6,1,26,7,1.604584527,1.5,18,False,False,174.5
2021-07-26,19,169,177,160,122,157,3479,26.4,1.4,81,0.0,191.6,1,26,7,5.539808917,1.5,19,False,False,157.0
2021-07-26,20,98,103,103,102,102,19,25.9,1.5,86,0.0,191.6,1,26,7,0.04679803,1.5,20,False,False,101.5
2021-07-26,21,105,108,116,110,110,0,25.6,1.3,87,0.0,191.6,1,26,7,0.0,1.5,21,False,False,109.75
2021-07-26,22,96,112,116,114,110,132,24.9,1.3,90,0.0,191.6,1,26,7,0.301369863,1.5,22,False,False,109.5
2021-07-26,23,106,107,95,72,95,48,24.7,1.6,92,0.0,191.6,1,26,7,0.126315789,1.5,23,False,False,95.0
2021-07-27,0,70,70,67,65,68,89,24.8,1.8,94,0.0,191.6,2,27,7,0.327205882,1.5,0,False,False,68.0
2021-07-27,1,84,106,109,110,102,63,24.4,1.7,93,0.0,191.6,2,27,7,0.15403423,1.5,1,False,False,102.25
2021-07-27,2,116,113,119,112,115,4,23.9,1.0,96,0.0,191.6,2,27,7,0.008695652,1.5,2,False,False,115.0
2021-07-27,3,95,109,111,106,105,74,23.5,0.6,98,0.0,191.6,2,27,7,0.175771971,1.5,3,False,False,105.25
2021-07-27,4,114,113,110,96,108,36,23.4,1.1,98,0.0,191.6,2,27,7,0.083140878,1.5,4,False,False,108.25
2021-07-27,5,81,76,92,106,89,2,23.5,0.7,98,0.0,191.6,2,27,7,0.005633803,1.5,5,False,False,88.75
2021-07-27,6,111,109,103,98,105,229,24.9,0.9,98,0.0,191.6,2,27,7,0.543942993,1.5,6,False,False,105.25
2021-07-27,7,104,122,148,161,134,1262,27.1,1.9,86,0.0,191.6,2,27,7,2.358878505,1.5,7,False,False,133.75
2021-07-27,8,179,207,202,187,194,1862,27.8,1.7,81,0.0,191.6,2,27,7,2.402580645,1.5,8,False,False,193.75
2021-07-27,9,171,172,188,192,181,593,29.9,2.0,70,0.0,191.6,2,27,7,0.820193638,1.0,9,False,False,180.75
2021-07-27,10,152,194,206,201,188,976,30.0,3.3,65,0.0,191.6,2,27,7,1.296148738,1.0,10,False,False,188.25
2021-07-27,11,203,210,211,203,207,857,30.7,3.5,65,0.0,191.6,2,27,7,1.036275695,1.0,11,False,False,206.75
2021-07-27,12,124,97,105,112,110,184,30.0,4.8,67,0.0,191.6,2,27,7,0.420091324,1.0,12,False,False,109.5
2021-07-27,13,156,186,187,198,182,606,29.7,4.4,68,0.0,191.6,2,27,7,0.833562586,1.0,13,False,False,181.75
2021-07-27,14,194,192,199,195,195,1654,29.6,3.8,69,0.0,191.6,2,27,7,2.120512821,1.0,14,False,False,195.0
2021-07-27,15,155,162,199,201,179,1224,29.2,3.8,73,0.0,191.6,2,27,7,1.707112971,1.0,15,False,False,179.25
2021-07-27,16,184,186,187,186,186,1271,28.6,3.6,75,0.0,191.6,2,27,7,1.710632571,1.0,16,False,False,185.75
2021-07-27,17,143,136,172,184,159,350,28.4,2.0,77,0.0,191.6,2,27,7,0.551181102,1.0,17,False,False,158.75
2021-07-27,18,170,159,172,174,169,5796,27.1,2.0,79,0.0,191.6,2,27,7,8.586666667,1.5,18,False,False,168.75
2021-07-27,19,172,162,180,161,169,3392,26.4,2.1,85,0.0,191.6,2,27,7,5.025185185,1.5,19,False,False,168.75
2021-07-27,20,146,147,141,141,144,2,26.0,1.3,86,0.0,191.6,2,27,7,0.003478261,1.5,20,False,False,143.75
2021-07-27,21,144,138,144,148,144,8,25.6,1.4,87,0.0,191.6,2,27,7,0.013937282,1.5,21,False,False,143.5
2021-07-27,22,131,132,127,127,129,41,25.0,1.8,89,0.0,191.6,2,27,7,0.079303675,1.5,22,False,False,129.25
2021-07-27,23,139,138,116,93,122,201,24.7,1.4,92,0.0,191.6,2,27,7,0.413580247,1.5,23,False,False,121.5
2021-07-28,0,91,88,86,85,88,1158,24.1,1.1,94,0.0,191.6,3,28,7,3.308571429,1.5,0,False,False,87.5
2021-07-28,1,110,123,130,122,121,83,23.8,1.1,95,0.0,191.6,3,28,7,0.171134021,1.5,1,False,False,121.25
2021-07-28,2,119,113,115,130,119,4,24.1,2.2,98,0.0,191.6,3,28,7,0.008385744,1.5,2,False,False,119.25
2021-07-28,3,109,124,128,127,122,308,23.9,1.8,98,0.0,191.6,3,28,7,0.631147541,1.5,3,False,False,122.0
2021-07-28,4,119,123,116,118,119,177,23.3,0.8,98,0.0,191.6,3,28,7,0.371848739,1.5,4,False,False,119.0
2021-07-28,5,97,91,113,119,105,56,23.6,1.1,98,0.0,191.6,3,28,7,0.133333333,1.5,5,False,False,105.0
2021-07-28,6,123,122,122,127,124,52,25.2,1.3,94,0.0,191.6,3,28,7,0.105263158,1.5,6,False,False,123.5
2021-07-28,7,132,144,174,174,156,1841,26.2,0.8,85,0.0,191.6,3,28,7,2.950320513,1.5,7,False,False,156.0
2021-07-28,8,187,200,200,204,198,2013,27.2,1.3,80,0.0,191.6,3,28,7,2.544879899,1.5,8,False,False,197.75
2021-07-28,9,192,198,199,204,198,2284,29.0,2.0,73,0.0,191.6,3,28,7,2.880201765,1.0,9,False,False,198.25
2021-07-28,10,160,196,194,202,188,1029,30.5,1.7,67,0.0,191.6,3,28,7,1.368351064,1.0,10,False,False,188.0
2021-07-28,11,202,211,205,212,208,2429,31.0,3.1,65,0.0,191.6,3,28,7,2.926506024,1.0,11,False,False,207.5
2021-07-28,12,145,111,111,116,121,296,30.8,3.4,66,0.0,191.6,3,28,7,0.612836439,1.0,12,False,False,120.75
2021-07-28,13,178,200,200,199,194,1488,30.2,4.1,68,0.0,191.6,3,28,7,1.915057915,1.0,13,False,False,194.25
2021-07-28,14,190,196,203,196,196,1197,29.5,3.8,68,0.0,191.6,3,28,7,1.524840764,1.0,14,False,False,196.25
2021-07-28,15,135,143,187,180,161,300,28.6,4.4,76,0.0,191.6,3,28,7,0.465116279,1.0,15,False,False,161.25
2021-07-28,16,181,177,171,165,174,2747,29.5,2.2,71,0.0,191.6,3,28,7,3.958213256,1.0,16,False,False,173.5
2021-07-28,17,123,106,169,190,147,682,28.7,1.6,71,0.0,191.6,3,28,7,1.159863946,1.0,17,False,False,147.0
2021-07-28,18,190,177,181,185,183,1952,27.4,1.6,71,0.0,191.6,3,28,7,2.663028649,1.5,18,False,False,183.25
2021-07-28,19,175,152,153,124,151,3635,26.5,1.7,81,0.0,191.6,3,28,7,6.018211921,1.5,19,False,False,151.0
2021-07-28,20,104,110,100,113,107,308,26.0,1.4,86,0.0,191.6,3,28,7,0.721311475,1.5,20,False,False,106.75
2021-07-28,21,115,104,108,111,110,21,25.9,0.8,87,0.0,191.6,3,28,7,0.047945205,1.5,21,False,False,109.5
2021-07-28,22,95,107,101,109,103,189,24.9,1.3,89,0.0,191.6,3,28,7,0.458737864,1.5,22,False,False,103.0
2021-07-28,23,116,111,103,80,103,36,24.6,2.0,91,0.0,191.6,3,28,7,0.087804878,1.5,23,False,False,102.5
2021-07-29,0,68,70,67,67,68,0,24.0,0.9,93,0.0,191.6,4,29,7,0.0,1.5,0,False,False,68.0
2021-07-29,1,98,118,116,109,110,313,23.5,1.8,95,0.0,191.6,4,29,7,0.709750567,1.5,1,False,False,110.25
2021-07-29,2,103,118,115,106,111,206,23.1,0.6,98,0.0,191.6,4,29,7,0.466063348,1.5,2,False,False,110.5
2021-07-29,3,91,116,117,117,110,49,23.5,0.6,98,0.0,191.6,4,29,7,0.111111111,1.5,3,False,False,110.25
2021-07-29,4,113,110,116,105,111,100,23.4,0.7,97,0.0,191.6,4,29,7,0.225225225,1.5,4,False,False,111.0
2021-07-29,5,85,73,99,119,94,156,23.8,1.0,98,0.0,191.6,4,29,7,0.414893617,1.5,5,False,False,94.0
2021-07-29,6,121,121,112,111,116,94,26.0,0.9,90,0.0,191.6,4,29,7,0.202150538,1.5,6,False,False,116.25
2021-07-29,7,121,133,149,159,141,925,27.0,1.2,84,0.0,191.6,4,29,7,1.645907473,1.5,7,False,False,140.5
2021-07-29,8,175,189,201,204,192,909,28.6,1.4,72,0.0,191.6,4,29,7,1.182054616,1.5,8,False,False,192.25
2021-07-29,9,195,198,205,195,198,1181,30.1,1.1,66,0.0,191.6,4,29,7,1.489281211,1.0,9,False,False,198.25
2021-07-29,10,161,187,196,203,187,884,30.5,1.5,65,0.0,191.6,4,29,7,1.183400268,1.0,10,False,False,186.75
2021-07-29,11,207,206,205,211,207,1597,30.2,1.9,61,0.0,191.6,4,29,7,1.92641737,1.0,11,False,False,207.25
2021-07-29,12,133,108,106,101,112,200,31.6,2.3,60,0.0,191.6,4,29,7,0.446428571,1.0,12,False,False,112.0
2021-07-29,13,170,196,206,195,192,1480,31.6,2.7,60,0.0,191.6,4,29,7,1.929595828,1.0,13,False,False,191.75
2021-07-29,14,170,187,191,201,187,3092,30.7,2.2,64,0.0,191.6,4,29,7,4.128170895,1.0,14,False,False,187.25
2021-07-29,15,143,147,186,178,164,2184,30.3,1.5,63,0.0,191.6,4,29,7,3.339449541,1.0,15,False,False,163.5
2021-07-29,16,164,158,169,172,166,2656,29.7,2.7,61,0.0,191.6,4,29,7,4.006033183,1.0,16,False,False,165.75
2021-07-29,17,117,106,142,152,129,735,29.9,1.8,59,0.0,191.6,4,29,7,1.421663443,1.0,17,False,False,129.25
2021-07-29,18,165,171,180,179,174,5687,28.2,1.2,64,0.0,191.6,4,29,7,8.182733813,1.5,18,False,False,173.75
2021-07-29,19,172,163,181,159,169,2616,27.5,1.4,67,0.0,191.6,4,29,7,3.875555556,1.5,19,False,False,168.75
2021-07-29,20,130,134,120,129,128,149,26.9,0.7,77,0.0,191.6,4,29,7,0.290448343,1.5,20,False,False,128.25
2021-07-29,21,124,119,131,129,126,131,25.8,0.8,79,0.0,191.6,4,29,7,0.260437376,1.5,21,False,False,125.75
2021-07-29,22,114,130,123,121,122,180,25.3,0.2,84,0.0,191.6,4,29,7,0.368852459,1.5,22,False,False,122.0
2021-07-29,23,127,120,117,93,114,174,25.2,0.5,86,0.0,191.6,4,29,7,0.380743982,1.5,23,False,False,114.25
2021-07-30,0,91,88,86,85,88,82,25.2,0.6,89,0.0,191.6,5,30,7,0.234285714,1.5,0,False,False,87.5
2021-07-30,1,110,123,130,122,121,164,25.0,0.9,90,0.0,191.6,5,30,7,0.33814433,1.5,1,False,False,121.25
2021-07-30,2,119,113,115,130,119,30,24.7,0.7,88,0.0,191.6,5,30,7,0.062893082,1.5,2,False,False,119.25
2021-07-30,3,109,124,128,127,122,498,24.1,1.0,92,0.0,191.6,5,30,7,1.020491803,1.5,3,False,False,122.0
2021-07-30,4,119,123,116,118,119,42,24.4,1.0,87,0.0,191.6,5,30,7,0.088235294,1.5,4,False,False,119.0
2021-07-30,5,97,91,113,119,105,108,24.3,0.9,94,0.0,191.6,5,30,7,0.257142857,1.5,5,False,False,105.0
2021-07-30,6,123,122,122,127,124,461,26.6,0.4,88,0.0,191.6,5,30,7,0.933198381,1.5,6,False,False,123.5
2021-07-30,7,132,144,174,174,156,1229,28.5,1.0,71,0.0,191.6,5,30,7,1.969551282,1.5,7,False,False,156.0
2021-07-30,8,187,200,200,204,198,1134,30.3,0.8,63,0.0,191.6,5,30,7,1.433628319,1.5,8,False,False,197.75
2021-07-30,9,192,198,199,204,198,2079,30.5,1.3,58,0.0,191.6,5,30,7,2.621689786,1.0,9,False,False,198.25
2021-07-30,10,160,196,194,202,188,439,32.4,1.2,52,0.0,191.6,5,30,7,0.583776596,1.0,10,False,False,188.0
2021-07-30,11,202,211,205,212,208,1084,31.8,1.4,59,0.0,191.6,5,30,7,1.306024096,1.0,11,False,False,207.5
2021-07-30,12,145,111,111,116,121,0,31.7,2.0,64,0.0,191.6,5,30,7,0.0,1.0,12,False,False,120.75
2021-07-30,13,178,200,200,199,194,1769,32.1,3.6,55,0.0,191.6,5,30,7,2.276705277,1.0,13,False,False,194.25
2021-07-30,14,190,196,203,196,196,1204,33.2,2.7,54,0.0,191.6,5,30,7,1.533757962,1.0,14,False,False,196.25
2021-07-30,15,135,143,187,180,161,790,33.2,2.0,52,0.0,191.6,5,30,7,1.224806202,1.0,15,False,False,161.25
2021-07-30,16,181,177,171,165,174,1575,32.7,1.9,53,0.0,191.6,5,30,7,2.26945245,1.0,16,False,False,173.5
2021-07-30,17,123,106,169,190,147,0,30.7,1.3,65,0.0,191.6,5,30,7,0.0,1.0,17,False,False,147.0
2021-07-30,18,190,177,181,185,183,0,29.3,1.2,72,0.0,191.6,5,30,7,0.0,1.5,18,False,False,183.25
2021-07-30,19,175,152,153,124,151,0,28.7,1.1,70,0.0,191.6,5,30,7,0.0,1.5,19,False,False,151.0
2021-07-30,20,104,110,100,113,107,0,27.2,0.4,79,0.0,191.6,5,30,7,0.0,1.5,20,False,False,106.75
2021-07-30,21,115,104,108,111,110,0,26.7,1.1,82,0.0,191.6,5,30,7,0.0,1.5,21,False,False,109.5
2021-07-30,22,95,107,101,109,103,0,26.7,2.2,82,0.0,191.6,5,30,7,0.0,1.5,22,False,False,103.0
2021-07-30,23,116,111,103,80,103,0,26.2,2.3,81,0.0,191.6,5,30,7,0.0,1.5,23,False,False,102.5
2021-07-31,0,21,21,24,24,23,0,25.1,1.0,86,0.0,191.6,6,31,7,0.0,1.5,0,False,False,22.5
2021-07-31,1,21,21,21,21,21,0,25.4,1.4,82,0.0,191.6,6,31,7,0.0,1.5,1,False,False,21.0
2021-07-31,2,21,21,21,21,21,0,24.4,1.3,89,0.0,191.6,6,31,7,0.0,1.5,2,False,False,21.0
2021-07-31,3,21,20,21,21,21,0,24.0,0.4,90,0.0,191.6,6,31,7,0.0,1.5,3,False,False,20.75
2021-07-31,4,26,24,21,21,23,0,23.9,1.1,92,0.0,191.6,6,31,7,0.0,1.5,4,False,False,23.0
2021-07-31,5,21,20,20,19,20,0,23.6,0.3,94,0.0,191.6,6,31,7,0.0,1.5,5,False,False,20.0
2021-07-31,6,20,21,20,21,21,0,26.4,0.6,84,0.0,191.6,6,31,7,0.0,1.5,6,False,False,20.5
2021-07-31,7,20,20,23,23,22,0,28.3,1.6,77,0.0,191.6,6,31,7,0.0,1.5,7,False,False,21.5
2021-07-31,8,20,20,21,21,21,0,29.8,1.2,73,0.0,191.6,6,31,7,0.0,1.5,8,False,False,20.5
2021-07-31,9,21,21,21,20,21,0,31.3,1.6,67,0.0,191.6,6,31,7,0.0,1.0,9,False,False,20.75
2021-07-31,10,21,21,21,23,22,0,32.4,2.8,68,0.0,191.6,6,31,7,0.0,1.0,10,False,False,21.5
2021-07-31,11,26,25,21,21,23,0,32.7,2.0,65,0.0,191.6,6,31,7,0.0,1.0,11,False,False,23.25
2021-07-31,12,21,21,21,21,21,0,32.8,2.1,69,0.0,191.6,6,31,7,0.0,1.0,12,False,False,21.0
2021-07-31,13,21,21,21,21,21,0,32.1,2.4,71,0.0,191.6,6,31,7,0.0,1.0,13,False,False,21.0
2021-07-31,14,21,21,22,25,22,0,30.8,2.4,75,0.0,191.6,6,31,7,0.0,1.0,14,False,False,22.25
2021-07-31,15,21,23,21,21,22,0,29.5,1.6,83,0.0,191.6,6,31,7,0.0,1.0,15,False,False,21.5
2021-07-31,16,20,21,21,21,21,0,28.4,1.8,85,0.0,191.6,6,31,7,0.0,1.0,16,False,False,20.75
2021-07-31,17,21,21,21,21,21,0,28.5,1.7,86,0.0,191.6,6,31,7,0.0,1.0,17,False,False,21.0
2021-07-31,18,23,28,21,21,23,0,28.4,1.0,87,0.0,191.6,6,31,7,0.0,1.5,18,False,False,23.25
2021-07-31,19,20,20,21,21,21,0,28.0,0.3,90,0.0,191.6,6,31,7,0.0,1.5,19,False,False,20.5
2021-07-31,20,21,20,20,21,21,0,27.6,0.8,92,0.0,191.6,6,31,7,0.0,1.5,20,False,False,20.5
2021-07-31,21,21,21,24,25,23,0,27.6,1.5,93,0.0,191.6,6,31,7,0.0,1.5,21,False,False,22.75
2021-07-31,22,21,21,21,21,21,0,27.6,1.0,94,0.0,191.6,6,31,7,0.0,1.5,22,False,False,21.0
2021-07-31,23,21,21,21,21,21,0,27.6,1.0,94,0.0,191.6,6,31,7,0.0,1.5,23,False,False,21.0
2021-08-01,0,21,21,21,21,21,0,27.4,1.3,94,0.0,191.6,7,1,8,0.0,1.5,0,False,False,21.0
2021-08-01,1,25,26,20,21,23,0,27.2,1.7,94,0.0,191.6,7,1,8,0.0,1.5,1,False,False,23.0
2021-08-01,2,21,21,21,21,21,0,25.5,2.1,93,0.0,191.6,7,1,8,0.0,1.5,2,False,False,21.0
2021-08-01,3,21,20,21,21,21,0,25.2,0.3,97,0.1,191.6,7,1,8,0.0,1.5,3,False,False,20.75
2021-08-01,4,21,21,20,25,22,0,24.9,0.4,98,0.1,191.6,7,1,8,0.0,1.5,4,False,False,21.75
2021-08-01,5,24,21,21,21,22,0,24.8,0.9,98,0.2,191.6,7,1,8,0.0,1.5,5,False,False,21.75
2021-08-01,6,20,20,21,20,20,0,26.0,0.6,98,0.2,191.6,7,1,8,0.0,1.5,6,False,False,20.25
2021-08-01,7,20,20,20,21,20,0,27.9,1.1,91,0.2,191.6,7,1,8,0.0,1.5,7,False,False,20.25
2021-08-01,8,21,20,22,28,23,0,29.2,1.4,82,0.2,191.6,7,1,8,0.0,1.5,8,False,False,22.75
2021-08-01,9,24,21,21,21,22,0,31.0,1.5,74,0.2,191.6,7,1,8,0.0,1.0,9,False,False,21.75
2021-08-01,10,21,21,20,21,21,0,31.3,1.2,68,0.2,191.6,7,1,8,0.0,1.0,10,False,False,20.75
2021-08-01,11,21,21,21,21,21,0,32.6,2.1,71,0.2,191.6,7,1,8,0.0,1.0,11,False,False,21.0
2021-08-01,12,21,21,23,25,23,0,31.9,2.4,71,0.2,191.6,7,1,8,0.0,1.0,12,False,False,22.5
2021-08-01,13,21,21,21,21,21,0,30.0,2.3,76,0.2,191.6,7,1,8,0.0,1.0,13,False,False,21.0
2021-08-01,14,21,21,21,21,21,0,28.7,2.1,87,0.2,191.6,7,1,8,0.0,1.0,14,False,False,21.0
2021-08-01,15,21,21,21,23,22,0,28.7,1.2,89,0.2,191.6,7,1,8,0.0,1.0,15,False,False,21.5
2021-08-01,16,21,24,25,21,23,0,28.7,0.9,88,0.2,191.6,7,1,8,0.0,1.0,16,False,False,22.75
2021-08-01,17,21,20,20,21,21,0,28.5,1.5,90,0.2,191.6,7,1,8,0.0,1.0,17,False,False,20.5
2021-08-01,18,20,20,20,21,20,0,28.3,1.5,91,0.2,191.6,7,1,8,0.0,1.5,18,False,False,20.25
2021-08-01,19,21,21,21,22,21,0,27.2,1.9,98,5.3,191.6,7,1,8,0.0,1.5,19,False,False,21.25
2021-08-01,20,26,22,21,21,23,0,26.7,1.5,98,20.2,191.6,7,1,8,0.0,1.5,20,False,False,22.5
2021-08-01,21,22,22,21,21,22,0,25.9,1.5,98,20.2,191.6,7,1,8,0.0,1.5,21,False,False,21.5
2021-08-01,22,21,21,21,23,22,0,26.0,1.8,98,20.2,191.6,7,1,8,0.0,1.5,22,False,False,21.5
2021-08-01,23,20,21,21,24,22,0,26.3,1.4,98,20.2,191.6,7,1,8,0.0,1.5,23,False,False,21.5
2021-08-02,0,23,20,20,21,21,0,26.0,1.3,98,0.0,191.6,1,2,8,0.0,1.5,0,False,False,21.0
2021-08-02,1,21,21,21,21,21,0,25.9,1.9,98,0.0,191.6,1,2,8,0.0,1.5,1,False,False,21.0
2021-08-02,2,21,21,21,21,21,0,25.5,0.3,98,0.0,191.6,1,2,8,0.0,1.5,2,False,False,21.0
2021-08-02,3,22,26,23,21,23,0,25.5,0.9,98,0.0,191.6,1,2,8,0.0,1.5,3,False,False,23.0
2021-08-02,4,21,21,21,21,21,0,25.3,1.2,98,0.0,191.6,1,2,8,0.0,1.5,4,False,False,21.0
2021-08-02,5,21,21,21,21,21,0,25.4,1.4,98,0.0,191.6,1,2,8,0.0,1.5,5,False,False,21.0
2021-08-02,6,21,22,20,25,22,0,26.3,0.7,98,0.0,191.6,1,2,8,0.0,1.5,6,False,False,22.0
2021-08-02,7,24,20,19,19,21,0,26.7,1.4,98,0.0,191.6,1,2,8,0.0,1.5,7,False,False,20.5
2021-08-02,8,20,20,20,21,20,0,28.4,1.3,95,0.0,191.6,1,2,8,0.0,1.5,8,False,False,20.25
2021-08-02,9,21,21,21,21,21,0,28.5,0.9,90,0.0,191.6,1,2,8,0.0,1.0,9,False,False,21.0
2021-08-02,10,21,21,21,25,22,0,31.6,2.0,71,0.0,191.6,1,2,8,0.0,1.0,10,False,False,22.0
2021-08-02,11,21,20,21,21,21,0,28.8,1.5,91,4.6,191.6,1,2,8,0.0,1.0,11,False,False,20.75
2021-08-02,12,21,21,21,21,21,0,27.3,2.0,94,16.7,191.6,1,2,8,0.0,1.0,12,False,False,21.0
2021-08-02,13,21,21,23,21,22,0,29.9,0.6,86,16.7,191.6,1,2,8,0.0,1.0,13,False,False,21.5
2021-08-02,14,23,25,22,21,23,0,31.3,1.5,70,16.7,191.6,1,2,8,0.0,1.0,14,False,False,22.75
2021-08-02,15,21,21,21,21,21,0,32.0,3.1,66,16.7,191.6,1,2,8,0.0,1.0,15,False,False,21.0
2021-08-02,16,21,21,21,21,21,0,31.0,3.8,70,16.7,191.6,1,2,8,0.0,1.0,16,False,False,21.0
2021-08-02,17,21,21,21,24,22,0,30.1,3.2,75,16.7,191.6,1,2,8,0.0,1.0,17,False,False,21.75
2021-08-02,18,26,21,21,21,22,0,29.3,1.3,78,16.7,191.6,1,2,8,0.0,1.5,18,False,False,22.25
2021-08-02,19,21,21,21,21,21,0,28.4,1.9,82,16.7,191.6,1,2,8,0.0,1.5,19,False,False,21.0
2021-08-02,20,21,21,24,21,22,0,27.6,1.1,82,16.7,191.6,1,2,8,0.0,1.5,20,False,False,21.75
2021-08-02,21,21,22,21,24,22,0,26.9,0.5,84,16.7,191.6,1,2,8,0.0,1.5,21,False,False,22.0
2021-08-02,22,24,22,20,21,22,0,26.7,1.2,81,16.7,191.6,1,2,8,0.0,1.5,22,False,False,21.75
2021-08-02,23,21,21,21,21,21,0,25.6,0.2,89,16.7,191.6,1,2,8,0.0,1.5,23,False,False,21.0
2021-08-03,0,21,21,21,22,21,0,25.5,1.1,87,0.0,191.6,2,3,8,0.0,1.5,0,False,False,21.25
2021-08-03,1,21,25,26,21,23,0,24.6,0.4,90,0.0,191.6,2,3,8,0.0,1.5,1,False,False,23.25
2021-08-03,2,20,21,21,21,21,0,23.9,0.2,96,0.0,191.6,2,3,8,0.0,1.5,2,False,False,20.75
2021-08-03,3,21,21,21,22,21,0,24.3,1.1,96,0.0,191.6,2,3,8,0.0,1.5,3,False,False,21.25
2021-08-03,4,20,21,21,20,21,0,23.9,0.7,98,0.0,191.6,2,3,8,0.0,1.5,4,False,False,20.5
2021-08-03,5,20,24,23,20,22,0,24.1,1.1,94,0.0,191.6,2,3,8,0.0,1.5,5,False,False,21.75
2021-08-03,6,21,21,21,21,21,0,25.3,0.1,91,0.0,191.6,2,3,8,0.0,1.5,6,False,False,21.0
2021-08-03,7,20,21,20,20,20,0,25.7,0.9,89,0.0,191.6,2,3,8,0.0,1.5,7,False,False,20.25
2021-08-03,8,20,20,22,25,22,0,26.7,1.0,82,0.0,191.6,2,3,8,0.0,1.5,8,False,False,21.75
2021-08-03,9,21,20,21,21,21,0,27.1,1.4,85,0.0,191.6,2,3,8,0.0,1.0,9,False,False,20.75
2021-08-03,10,21,21,21,21,21,0,27.6,2.3,87,0.0,191.6,2,3,8,0.0,1.0,10,False,False,21.0
2021-08-03,11,21,24,21,21,22,0,29.5,1.1,79,0.0,191.6,2,3,8,0.0,1.0,11,False,False,21.75
2021-08-03,12,21,25,23,21,23,0,30.9,1.0,68,0.0,191.6,2,3,8,0.0,1.0,12,False,False,22.5
2021-08-03,13,21,21,21,21,21,0,29.9,1.0,74,0.0,191.6,2,3,8,0.0,1.0,13,False,False,21.0
2021-08-03,14,21,21,21,22,21,0,28.4,1.3,84,0.7,191.6,2,3,8,0.0,1.0,14,False,False,21.25
2021-08-03,15,22,22,21,26,23,0,29.5,2.6,76,0.7,191.6,2,3,8,0.0,1.0,15,False,False,22.75
2021-08-03,16,24,22,21,21,22,0,29.4,3.0,73,0.7,191.6,2,3,8,0.0,1.0,16,False,False,22.0
2021-08-03,17,21,21,21,21,21,0,29.0,1.3,76,0.7,191.6,2,3,8,0.0,1.0,17,False,False,21.0
2021-08-03,18,21,24,21,21,22,0,28.1,1.2,83,0.7,191.6,2,3,8,0.0,1.5,18,False,False,21.75
2021-08-03,19,21,21,25,24,23,0,27.4,0.6,87,0.7,191.6,2,3,8,0.0,1.5,19,False,False,22.75
2021-08-03,20,20,21,21,22,21,0,27.3,0.6,86,0.7,191.6,2,3,8,0.0,1.5,20,False,False,21.0
2021-08-03,21,21,22,22,21,22,0,27.3,1.0,85,0.7,191.6,2,3,8,0.0,1.5,21,False,False,21.5
2021-08-03,22,21,21,21,21,21,0,25.9,0.4,92,0.7,191.6,2,3,8,0.0,1.5,22,False,False,21.0
2021-08-03,23,21,26,23,21,23,0,25.6,0.5,93,0.7,191.6,2,3,8,0.0,1.5,23,False,False,22.75
2021-08-04,0,21,21,21,21,21,0,25.9,0.9,93,0.0,191.6,3,4,8,0.0,1.5,0,False,False,21.0
2021-08-04,1,21,21,20,21,21,0,24.7,0.1,95,0.0,191.6,3,4,8,0.0,1.5,1,False,False,20.75
2021-08-04,2,20,20,20,21,20,0,24.3,0.6,93,0.0,191.6,3,4,8,0.0,1.5,2,False,False,20.25
2021-08-04,3,25,22,21,21,22,0,24.4,0.2,96,0.0,191.6,3,4,8,0.0,1.5,3,False,False,22.25
2021-08-04,4,21,21,21,21,21,0,24.1,0.3,98,0.0,191.6,3,4,8,0.0,1.5,4,False,False,21.0
2021-08-04,5,21,20,20,21,21,0,24.3,1.0,92,0.0,191.6,3,4,8,0.0,1.5,5,False,False,20.5
2021-08-04,6,21,23,26,22,23,0,26.6,0.4,83,0.0,191.6,3,4,8,0.0,1.5,6,False,False,23.0
2021-08-04,7,20,21,20,20,20,0,28.0,0.7,79,0.0,191.6,3,4,8,0.0,1.5,7,False,False,20.25
2021-08-04,8,20,20,21,23,21,0,29.6,0.9,67,0.0,191.6,3,4,8,0.0,1.5,8,False,False,21.0
2021-08-04,9,20,20,21,21,21,0,31.3,1.0,58,0.0,191.6,3,4,8,0.0,1.0,9,False,False,20.5
2021-08-04,10,20,25,22,21,22,0,32.3,1.7,53,0.0,191.6,3,4,8,0.0,1.0,10,False,False,22.0
2021-08-04,11,21,21,21,21,21,0,32.9,1.5,57,0.0,191.6,3,4,8,0.0,1.0,11,False,False,21.0
2021-08-04,12,21,21,21,21,21,0,32.0,2.3,67,0.0,191.6,3,4,8,0.0,1.0,12,False,False,21.0
2021-08-04,13,21,21,21,25,22,0,32.6,1.7,65,0.0,191.6,3,4,8,0.0,1.0,13,False,False,22.0
2021-08-04,14,24,21,21,21,22,0,31.9,2.1,59,0.0,191.6,3,4,8,0.0,1.0,14,False,False,21.75
2021-08-04,15,21,21,21,24,22,0,32.0,1.8,59,0.0,191.6,3,4,8,0.0,1.0,15,False,False,21.75
2021-08-04,16,21,22,21,21,21,0,31.9,1.6,55,0.0,191.6,3,4,8,0.0,1.0,16,False,False,21.25
2021-08-04,17,21,21,22,26,23,0,30.5,1.8,63,0.0,191.6,3,4,8,0.0,1.0,17,False,False,22.5
2021-08-04,18,22,21,21,21,21,0,29.5,1.1,65,0.0,191.6,3,4,8,0.0,1.5,18,False,False,21.25
2021-08-04,19,21,21,21,21,21,0,28.3,1.3,79,0.0,191.6,3,4,8,0.0,1.5,19,False,False,21.0
2021-08-04,20,21,21,21,21,21,0,27.6,0.4,87,0.0,191.6,3,4,8,0.0,1.5,20,False,False,21.0
2021-08-04,21,21,23,26,21,23,0,26.6,0.7,91,0.0,191.6,3,4,8,0.0,1.5,21,False,False,22.75
2021-08-04,22,21,21,21,21,21,0,26.3,0.1,91,0.0,191.6,3,4,8,0.0,1.5,22,False,False,21.0
2021-08-04,23,22,20,21,20,21,0,25.9,0.6,88,0.0,191.6,3,4,8,0.0,1.5,23,False,False,20.75
2021-08-05,0,21,21,21,21,21,0,25.7,0.7,90,0.0,191.6,4,5,8,0.0,1.5,0,False,False,21.0
2021-08-05,1,25,23,20,21,22,0,25.6,1.7,89,0.0,191.6,4,5,8,0.0,1.5,1,False,False,22.25
2021-08-05,2,21,21,21,21,21,0,25.1,1.2,90,0.0,191.6,4,5,8,0.0,1.5,2,False,False,21.0
2021-08-05,3,21,21,21,21,21,0,24.9,1.0,93,0.0,191.6,4,5,8,0.0,1.5,3,False,False,21.0
2021-08-05,4,21,20,20,25,22,0,24.4,0.1,93,0.0,191.6,4,5,8,0.0,1.5,4,False,False,21.5
2021-08-05,5,22,20,21,21,21,0,24.5,1.7,93,0.0,191.6,4,5,8,0.0,1.5,5,False,False,21.0
2021-08-05,6,21,21,22,21,21,0,27.1,0.6,87,0.0,191.6,4,5,8,0.0,1.5,6,False,False,21.25
2021-08-05,7,20,20,20,20,20,0,28.4,0.9,81,0.0,191.6,4,5,8,0.0,1.5,7,False,False,20.0
2021-08-05,8,20,24,23,20,22,0,30.4,1.0,72,0.0,191.6,4,5,8,0.0,1.5,8,False,False,21.75
2021-08-05,9,20,21,21,21,21,0,31.3,2.4,62,0.0,191.6,4,5,8,0.0,1.0,9,False,False,20.75
2021-08-05,10,21,21,21,20,21,0,32.3,1.9,62,0.0,191.6,4,5,8,0.0,1.0,10,False,False,20.75
2021-08-05,11,21,21,22,25,22,0,32.3,1.6,63,0.0,191.6,4,5,8,0.0,1.0,11,False,False,22.25
2021-08-05,12,24,21,21,21,22,0,32.8,2.1,63,0.0,191.6,4,5,8,0.0,1.0,12,False,False,21.75
2021-08-05,13,21,21,21,24,22,0,32.3,2.5,63,0.0,191.6,4,5,8,0.0,1.0,13,False,False,21.75
2021-08-05,14,21,21,21,22,21,0,33.3,1.9,57,0.0,191.6,4,5,8,0.0,1.0,14,False,False,21.25
2021-08-05,15,22,21,23,25,23,0,32.6,2.1,62,0.0,191.6,4,5,8,0.0,1.0,15,False,False,22.75
2021-08-05,16,21,22,21,22,22,0,31.8,2.1,59,0.0,191.6,4,5,8,0.0,1.0,16,False,False,21.5
2021-08-05,17,21,22,22,21,22,0,31.5,1.4,59,0.0,191.6,4,5,8,0.0,1.0,17,False,False,21.5
2021-08-05,18,21,21,21,21,21,0,30.0,1.4,62,0.0,191.6,4,5,8,0.0,1.5,18,False,False,21.0
2021-08-05,19,22,25,21,20,22,0,29.5,1.2,68,0.0,191.6,4,5,8,0.0,1.5,19,False,False,22.0
2021-08-05,20,21,20,20,22,21,0,29.0,0.9,68,0.0,191.6,4,5,8,0.0,1.5,20,False,False,20.75
2021-08-05,21,21,22,21,21,21,0,27.8,0.7,77,0.0,191.6,4,5,8,0.0,1.5,21,False,False,21.25
2021-08-05,22,21,21,21,23,22,0,26.8,0.3,84,0.0,191.6,4,5,8,0.0,1.5,22,False,False,21.5
2021-08-05,23,26,22,21,21,23,0,26.6,1.6,84,0.0,191.6,4,5,8,0.0,1.5,23,False,False,22.5
2021-08-06,0,21,21,20,21,21,0,25.6,0.8,86,0.0,191.6,5,6,8,0.0,1.5,0,False,False,20.75
2021-08-06,1,21,21,21,21,21,0,25.6,1.1,86,0.0,191.6,5,6,8,0.0,1.5,1,False,False,21.0
2021-08-06,2,20,21,20,20,20,0,25.0,0.5,91,0.0,191.6,5,6,8,0.0,1.5,2,False,False,20.25
2021-08-06,3,25,22,21,21,22,0,25.4,1.4,92,0.0,191.6,5,6,8,0.0,1.5,3,False,False,22.25
2021-08-06,4,21,23,21,21,22,0,24.8,1.1,95,0.0,191.6,5,6,8,0.0,1.5,4,False,False,21.5
2021-08-06,5,21,20,21,21,21,0,24.9,1.1,96,0.0,191.6,5,6,8,0.0,1.5,5,False,False,20.75
2021-08-06,6,19,20,22,25,22,0,26.7,1.5,87,0.0,191.6,5,6,8,0.0,1.5,6,False,False,21.5
2021-08-06,7,20,20,20,21,20,0,28.5,2.1,78,0.0,191.6,5,6,8,0.0,1.5,7,False,False,20.25
2021-08-06,8,20,20,20,21,20,0,30.7,1.5,69,0.0,191.6,5,6,8,0.0,1.5,8,False,False,20.25
2021-08-06,9,21,21,21,21,21,0,31.8,2.9,62,0.0,191.6,5,6,8,0.0,1.0,9,False,False,21.0
2021-08-06,10,24,25,22,23,24,0,32.7,2.1,60,0.0,191.6,5,6,8,0.0,1.0,10,False,False,23.5
2021-08-06,11,23,23,25,24,24,0,32.7,2.6,59,0.0,191.6,5,6,8,0.0,1.0,11,False,False,23.75
2021-08-06,12,24,23,24,23,24,0,32.7,3.4,58,0.0,191.6,5,6,8,0.0,1.0,12,False,False,23.5
2021-08-06,13,23,23,23,24,23,0,32.9,2.9,59,0.0,191.6,5,6,8,0.0,1.0,13,False,False,23.25
2021-08-06,14,27,24,22,21,24,0,32.2,3.0,59,0.0,191.6,5,6,8,0.0,1.0,14,False,False,23.5
2021-08-06,15,21,22,21,22,22,0,32.0,3.3,59,0.0,191.6,5,6,8,0.0,1.0,15,False,False,21.5
2021-08-06,16,21,22,22,22,22,0,31.3,2.9,66,0.0,191.6,5,6,8,0.0,1.0,16,False,False,21.75
2021-08-06,17,22,22,25,24,23,0,31.4,1.6,68,0.0,191.6,5,6,8,0.0,1.0,17,False,False,23.25
2021-08-06,18,22,21,22,22,22,0,29.7,1.3,78,0.0,191.6,5,6,8,0.0,1.5,18,False,False,21.75
2021-08-06,19,21,21,21,21,21,0,28.6,0.7,85,0.0,191.6,5,6,8,0.0,1.5,19,False,False,21.0
2021-08-06,20,21,21,20,21,21,0,27.9,1.0,90,0.0,191.6,5,6,8,0.0,1.5,20,False,False,20.75
2021-08-06,21,24,26,21,21,23,0,27.4,0.7,94,0.0,191.6,5,6,8,0.0,1.5,21,False,False,23.0
2021-08-06,22,21,21,21,21,21,0,27.4,1.4,94,0.0,191.6,5,6,8,0.0,1.5,22,False,False,21.0
2021-08-06,23,21,21,21,21,21,0,26.7,1.9,92,0.0,191.6,5,6,8,0.0,1.5,23,False,False,21.0
2021-08-07,0,21,21,21,24,22,0,26.2,1.0,91,0.0,191.6,6,7,8,0.0,1.5,0,False,False,21.75
2021-08-07,1,25,22,21,21,22,0,25.8,1.9,97,0.0,191.6,6,7,8,0.0,1.5,1,False,False,22.25
2021-08-07,2,21,20,21,20,21,0,25.9,2.5,98,0.0,191.6,6,7,8,0.0,1.5,2,False,False,20.5
2021-08-07,3,21,20,20,21,21,0,26.1,2.0,98,0.0,191.6,6,7,8,0.0,1.5,3,False,False,20.5
2021-08-07,4,21,21,21,21,21,0,25.9,0.5,98,0.0,191.6,6,7,8,0.0,1.5,4,False,False,21.0
2021-08-07,5,24,22,21,21,22,0,26.1,1.7,98,0.0,191.6,6,7,8,0.0,1.5,5,False,False,22.0
2021-08-07,6,21,21,21,21,21,0,26.6,0.6,96,0.0,191.6,6,7,8,0.0,1.5,6,False,False,21.0
2021-08-07,7,21,20,20,21,21,0,28.1,1.3,88,0.0,191.6,6,7,8,0.0,1.5,7,False,False,20.5
2021-08-07,8,20,20,22,25,22,0,30.2,1.3,81,0.0,191.6,6,7,8,0.0,1.5,8,False,False,21.75
2021-08-07,9,24,21,21,21,22,0,30.6,0.9,77,0.0,191.6,6,7,8,0.0,1.0,9,False,False,21.75
2021-08-07,10,21,21,20,21,21,0,31.9,1.5,62,0.0,191.6,6,7,8,0.0,1.0,10,False,False,20.75
2021-08-07,11,21,21,20,21,21,0,33.4,2.1,52,0.0,191.6,6,7,8,0.0,1.0,11,False,False,20.75
2021-08-07,12,21,23,26,22,23,0,32.9,2.1,55,0.0,191.6,6,7,8,0.0,1.0,12,False,False,23.0
2021-08-07,13,21,21,21,20,21,0,32.9,2.0,59,0.0,191.6,6,7,8,0.0,1.0,13,False,False,20.75
2021-08-07,14,21,21,21,21,21,0,32.3,2.5,66,0.0,191.6,6,7,8,0.0,1.0,14,False,False,21.0
2021-08-07,15,22,21,21,21,21,0,31.6,1.9,68,0.0,191.6,6,7,8,0.0,1.0,15,False,False,21.25
2021-08-07,16,24,25,24,21,24,0,31.4,2.1,65,0.0,191.6,6,7,8,0.0,1.0,16,False,False,23.5
2021-08-07,17,21,21,21,21,21,0,29.7,3.0,76,0.0,191.6,6,7,8,0.0,1.0,17,False,False,21.0
2021-08-07,18,21,21,21,21,21,0,28.6,3.1,86,0.0,191.6,6,7,8,0.0,1.5,18,False,False,21.0
2021-08-07,19,21,21,21,24,22,0,28.2,1.1,89,0.0,191.6,6,7,8,0.0,1.5,19,False,False,21.75
2021-08-07,20,26,21,21,22,23,0,28.2,1.4,89,0.0,191.6,6,7,8,0.0,1.5,20,False,False,22.5
2021-08-07,21,22,22,21,22,22,0,28.0,0.9,88,0.0,191.6,6,7,8,0.0,1.5,21,False,False,21.75
2021-08-07,22,21,21,21,21,21,0,26.8,1.3,95,0.3,191.6,6,7,8,0.0,1.5,22,False,False,21.0
2021-08-07,23,23,21,23,25,23,0,26.2,0.8,98,1.1,191.6,6,7,8,0.0,1.5,23,False,False,23.0
2021-08-08,0,21,21,21,21,21,0,25.1,1.6,98,1.1,191.6,7,8,8,0.0,1.5,0,False,False,21.0
2021-08-08,1,21,21,21,21,21,0,24.1,1.5,98,5.2,191.6,7,8,8,0.0,1.5,1,False,False,21.0
2021-08-08,2,21,21,21,21,21,0,23.9,2.6,98,7.3,191.6,7,8,8,0.0,1.5,2,False,False,21.0
2021-08-08,3,21,24,24,21,23,0,23.5,1.7,98,7.9,191.6,7,8,8,0.0,1.5,3,False,False,22.5
2021-08-08,4,21,21,21,21,21,0,23.2,0.3,98,7.9,191.6,7,8,8,0.0,1.5,4,False,False,21.0
2021-08-08,5,21,20,20,21,21,0,23.5,2.1,98,7.9,191.6,7,8,8,0.0,1.5,5,False,False,20.5
2021-08-08,6,21,23,20,21,21,0,24.6,1.9,98,7.9,191.6,7,8,8,0.0,1.5,6,False,False,21.25
2021-08-08,7,25,22,20,20,22,0,25.9,1.2,92,7.9,191.6,7,8,8,0.0,1.5,7,False,False,21.75
2021-08-08,8,20,20,21,21,21,0,26.4,1.4,92,7.9,191.6,7,8,8,0.0,1.5,8,False,False,20.5
2021-08-08,9,21,21,21,21,21,0,27.6,2.2,88,7.9,191.6,7,8,8,0.0,1.0,9,False,False,21.0
2021-08-08,10,21,21,23,25,23,0,28.0,2.1,84,7.9,191.6,7,8,8,0.0,1.0,10,False,False,22.5
2021-08-08,11,21,21,21,21,21,0,27.2,1.8,89,8.0,191.6,7,8,8,0.0,1.0,11,False,False,21.0
2021-08-08,12,21,21,21,20,21,0,23.1,2.4,97,22.9,191.6,7,8,8,0.0,1.0,12,False,False,20.75
2021-08-08,13,20,23,20,21,21,0,23.8,2.2,98,23.4,191.6,7,8,8,0.0,1.0,13,False,False,21.0
2021-08-08,14,20,25,22,21,22,0,23.9,1.6,98,23.7,191.6,7,8,8,0.0,1.0,14,False,False,22.0
2021-08-08,15,20,20,21,21,21,0,24.1,2.0,98,24.2,191.6,7,8,8,0.0,1.0,15,False,False,20.5
2021-08-08,16,21,21,20,21,21,0,24.2,1.4,98,24.6,191.6,7,8,8,0.0,1.0,16,False,False,20.75
2021-08-08,17,21,21,22,25,22,0,24.8,2.0,98,24.8,191.6,7,8,8,0.0,1.0,17,False,False,22.25
2021-08-08,18,24,21,21,21,22,0,24.4,1.9,98,24.8,191.6,7,8,8,0.0,1.5,18,False,False,21.75
2021-08-08,19,21,21,21,21,21,0,23.9,1.7,98,25.7,191.6,7,8,8,0.0,1.5,19,False,False,21.0
2021-08-08,20,21,22,20,21,21,0,23.2,2.3,98,28.0,191.6,7,8,8,0.0,1.5,20,False,False,21.0
2021-08-08,21,21,21,21,26,22,0,22.7,2.4,98,29.5,191.6,7,8,8,0.0,1.5,21,False,False,22.25
2021-08-08,22,22,21,21,21,21,0,23.3,2.5,98,34.7,191.6,7,8,8,0.0,1.5,22,False,False,21.25
2021-08-08,23,20,21,21,21,21,0,23.1,2.8,98,37.2,191.6,7,8,8,0.0,1.5,23,False,False,20.75
2021-08-09,0,21,21,21,21,21,0,23.3,3.3,98,5.2,191.6,1,9,8,0.0,1.5,0,False,False,21.0
2021-08-09,1,21,25,24,21,23,0,23.6,3.3,98,7.1,191.6,1,9,8,0.0,1.5,1,False,False,22.75
2021-08-09,2,21,20,20,20,20,0,23.4,4.5,98,7.6,191.6,1,9,8,0.0,1.5,2,False,False,20.25
2021-08-09,3,21,21,21,23,22,0,22.7,4.5,98,8.3,191.6,1,9,8,0.0,1.5,3,False,False,21.5
2021-08-09,4,20,21,21,22,21,0,22.7,4.3,96,8.5,191.6,1,9,8,0.0,1.5,4,False,False,21.0
2021-08-09,5,25,20,19,20,21,0,22.7,4.1,96,8.8,191.6,1,9,8,0.0,1.5,5,False,False,21.0
2021-08-09,6,20,20,20,20,20,0,22.6,4.1,97,9.0,191.6,1,9,8,0.0,1.5,6,False,False,20.0
2021-08-09,7,27,48,92,112,70,10,22.5,3.3,98,9.7,191.6,1,9,8,0.035842294,1.5,7,False,False,69.75
2021-08-09,8,158,191,215,208,193,749,23.6,2.6,93,9.7,191.6,1,9,8,0.970207254,1.5,8,False,False,193.0
2021-08-09,9,197,186,185,195,191,773,25.0,2.7,85,9.7,191.6,1,9,8,1.01310616,1.0,9,False,False,190.75
2021-08-09,10,167,201,186,173,182,408,26.5,2.6,75,9.7,191.6,1,9,8,0.561210454,1.0,10,False,False,181.75
2021-08-09,11,192,190,184,183,187,1431,26.5,1.8,76,9.7,191.6,1,9,8,1.910547397,1.0,11,False,False,187.25
2021-08-09,12,144,123,124,126,129,120,28.2,3.1,69,9.7,191.6,1,9,8,0.232108317,1.0,12,False,False,129.25
2021-08-09,13,160,178,190,200,182,7569,29.2,2.8,64,9.7,191.6,1,9,8,10.39697802,1.0,13,False,False,182.0
2021-08-09,14,191,178,186,175,183,3753,28.2,2.1,70,9.7,191.6,1,9,8,5.14109589,1.0,14,False,False,182.5
2021-08-09,15,149,158,176,183,167,1087,28.7,3.5,69,9.7,191.6,1,9,8,1.632132132,1.0,15,False,False,166.5
2021-08-09,16,191,190,183,173,184,1416,28.1,2.9,69,9.7,191.6,1,9,8,1.921302578,1.0,16,False,False,184.25
2021-08-09,17,169,160,139,117,146,3120,27.5,2.6,73,9.7,191.6,1,9,8,5.333333333,1.0,17,False,False,146.25
2021-08-09,18,103,100,96,94,98,0,26.1,1.4,79,9.7,191.6,1,9,8,0.0,1.5,18,False,False,98.25
2021-08-09,19,95,94,93,90,93,0,25.4,1.3,83,9.7,191.6,1,9,8,0.0,1.5,19,False,False,93.0
2021-08-09,20,100,112,110,113,109,36,24.8,1.0,83,9.7,191.6,1,9,8,0.082758621,1.5,20,False,False,108.75
2021-08-09,21,116,119,111,115,115,114,23.3,2.2,94,9.8,191.6,1,9,8,0.247288503,1.5,21,False,False,115.25
2021-08-09,22,106,108,108,112,109,63,22.0,1.3,98,18.0,191.6,1,9,8,0.14516129,1.5,22,False,False,108.5
2021-08-09,23,108,104,103,76,98,40,22.0,0.7,98,19.8,191.6,1,9,8,0.10230179,1.5,23,False,False,97.75
2021-08-10,0,71,68,67,67,68,0,22.1,1.1,98,0.3,191.6,2,10,8,0.0,1.5,0,False,False,68.25
2021-08-10,1,104,101,98,93,99,30,22.1,1.7,98,0.3,191.6,2,10,8,0.075757576,1.5,1,False,False,99.0
2021-08-10,2,96,95,94,97,96,435,21.9,1.3,98,0.3,191.6,2,10,8,1.138743455,1.5,2,False,False,95.5
2021-08-10,3,86,101,104,99,98,18,22.0,0.6,98,0.3,191.6,2,10,8,0.046153846,1.5,3,False,False,97.5
2021-08-10,4,103,103,101,98,101,88,22.0,2.3,98,0.3,191.6,2,10,8,0.217283951,1.5,4,False,False,101.25
2021-08-10,5,78,72,91,99,85,10,21.9,2.4,98,0.3,191.6,2,10,8,0.029411765,1.5,5,False,False,85.0
2021-08-10,6,96,101,97,105,100,194,21.8,1.8,98,0.3,191.6,2,10,8,0.486215539,1.5,6,False,False,99.75
2021-08-10,7,115,126,138,132,128,1883,22.5,0.9,98,0.3,191.6,2,10,8,3.684931507,1.5,7,False,False,127.75
2021-08-10,8,158,189,195,190,183,503,23.2,0.7,96,0.3,191.6,2,10,8,0.68715847,1.5,8,False,False,183.0
2021-08-10,9,182,174,193,190,185,1091,23.9,1.1,93,0.4,191.6,2,10,8,1.47631935,1.0,9,False,False,184.75
2021-08-10,10,142,180,192,186,175,1629,25.0,0.7,98,1.6,191.6,2,10,8,2.327142857,1.0,10,False,False,175.0
2021-08-10,11,180,191,183,185,185,1421,26.3,1.5,81,1.6,191.6,2,10,8,1.922868742,1.0,11,False,False,184.75
2021-08-10,12,119,100,100,110,107,0,26.9,1.7,81,1.6,191.6,2,10,8,0.0,1.0,12,False,False,107.25
2021-08-10,13,161,187,187,190,181,1199,26.5,1.9,77,1.6,191.6,2,10,8,1.653793103,1.0,13,False,False,181.25
2021-08-10,14,180,172,164,165,170,1693,25.5,2.1,84,1.6,191.6,2,10,8,2.486049927,1.0,14,False,False,170.25
2021-08-10,15,133,138,167,181,155,687,25.4,2.3,87,1.6,191.6,2,10,8,1.109854604,1.0,15,False,False,154.75
2021-08-10,16,178,182,155,161,169,662,25.4,1.0,85,1.6,191.6,2,10,8,0.979289941,1.0,16,False,False,169.0
2021-08-10,17,116,98,132,156,126,518,24.9,1.2,89,1.7,191.6,2,10,8,1.03187251,1.0,17,False,False,125.5
2021-08-10,18,162,166,164,168,165,3333,24.5,0.5,94,1.7,191.6,2,10,8,5.05,1.5,18,False,False,165.0
2021-08-10,19,161,163,161,139,156,1764,24.1,0.5,97,1.7,191.6,2,10,8,2.826923077,1.5,19,False,False,156.0
2021-08-10,20,117,135,131,133,129,113,23.9,1.1,97,1.7,191.6,2,10,8,0.218992248,1.5,20,False,False,129.0
2021-08-10,21,127,121,120,122,123,149,23.9,0.6,97,1.7,191.6,2,10,8,0.304081633,1.5,21,False,False,122.5
2021-08-10,22,99,114,104,106,106,5,24.1,2.0,96,1.7,191.6,2,10,8,0.011820331,1.5,22,False,False,105.75
2021-08-10,23,103,101,109,84,99,0,23.5,1.1,97,1.7,191.6,2,10,8,0.0,1.5,23,False,False,99.25
2021-08-11,0,81,83,76,66,77,0,23.2,0.9,98,0.0,191.6,3,11,8,0.0,1.5,0,False,False,76.5
2021-08-11,1,102,108,96,90,99,54,23.4,1.9,98,0.0,191.6,3,11,8,0.136363636,1.5,1,False,False,99.0
2021-08-11,2,101,114,109,110,109,55,23.1,1.3,98,0.0,191.6,3,11,8,0.126728111,1.5,2,False,False,108.5
2021-08-11,3,97,113,102,105,104,6,22.7,0.7,98,0.0,191.6,3,11,8,0.014388489,1.5,3,False,False,104.25
2021-08-11,4,105,111,116,113,111,78,22.7,1.5,98,0.0,191.6,3,11,8,0.175280899,1.5,4,False,False,111.25
2021-08-11,5,91,78,92,105,92,900,22.5,1.2,98,0.0,191.6,3,11,8,2.459016393,1.5,5,False,False,91.5
2021-08-11,6,118,115,124,129,122,69,23.3,1.0,98,0.0,191.6,3,11,8,0.141975309,1.5,6,False,False,121.5
2021-08-11,7,116,121,142,150,132,527,26.1,0.6,94,0.0,191.6,3,11,8,0.996219282,1.5,7,False,False,132.25
2021-08-11,8,176,206,218,212,203,783,25.6,1.6,94,0.0,191.6,3,11,8,0.964285714,1.5,8,False,False,203.0
2021-08-11,9,185,171,169,189,179,885,27.3,0.9,79,0.0,191.6,3,11,8,1.239495798,1.0,9,False,False,178.5
2021-08-11,10,165,192,192,183,183,4050,28.6,0.5,66,0.0,191.6,3,11,8,5.532786885,1.0,10,False,False,183.0
2021-08-11,11,176,178,190,192,184,1856,27.6,1.6,79,0.0,191.6,3,11,8,2.52173913,1.0,11,False,False,184.0
2021-08-11,12,132,106,108,107,113,187,29.4,2.0,67,0.0,191.6,3,11,8,0.412803532,1.0,12,False,False,113.25
2021-08-11,13,159,171,195,205,183,500,28.7,2.4,76,0.0,191.6,3,11,8,0.684931507,1.0,13,False,False,182.5
2021-08-11,14,207,187,178,177,187,979,28.4,2.3,80,0.0,191.6,3,11,8,1.307076101,1.0,14,False,False,187.25
2021-08-11,15,131,139,177,164,153,1734,28.7,2.6,73,0.0,191.6,3,11,8,2.83797054,1.0,15,False,False,152.75
2021-08-11,16,185,170,185,187,182,330,27.0,2.2,76,0.0,191.6,3,11,8,0.45392022,1.0,16,False,False,181.75
2021-08-11,17,141,117,168,177,151,251,25.7,1.9,77,0.0,191.6,3,11,8,0.416252073,1.0,17,False,False,150.75
2021-08-11,18,194,180,172,172,180,2420,25.2,2.8,78,0.0,191.6,3,11,8,3.370473538,1.5,18,False,False,179.5
2021-08-11,19,163,155,146,137,150,3724,24.4,1.9,88,0.0,191.6,3,11,8,6.196339434,1.5,19,False,False,150.25
2021-08-11,20,123,127,128,121,125,6,23.9,1.2,87,0.0,191.6,3,11,8,0.012024048,1.5,20,False,False,124.75
2021-08-11,21,115,100,103,115,108,69,23.1,0.7,88,0.0,191.6,3,11,8,0.159353349,1.5,21,False,False,108.25
2021-08-11,22,108,116,112,104,110,98,23.2,1.2,91,0.0,191.6,3,11,8,0.222727273,1.5,22,False,False,110.0
2021-08-11,23,104,100,109,84,99,26,22.6,1.2,93,0.0,191.6,3,11,8,0.065491184,1.5,23,False,False,99.25
2021-08-12,0,81,78,75,69,76,0,21.9,1.2,96,0.0,191.6,4,12,8,0.0,1.5,0,False,False,75.75
2021-08-12,1,93,100,111,115,105,139,21.8,1.5,97,0.0,191.6,4,12,8,0.331742243,1.5,1,False,False,104.75
2021-08-12,2,107,110,110,103,108,108,21.4,1.1,98,0.0,191.6,4,12,8,0.251162791,1.5,2,False,False,107.5
2021-08-12,3,87,110,108,110,104,191,20.9,0.7,98,0.0,191.6,4,12,8,0.460240964,1.5,3,False,False,103.75
2021-08-12,4,114,111,109,95,107,108,21.4,0.5,98,0.0,191.6,4,12,8,0.251748252,1.5,4,False,False,107.25
2021-08-12,5,77,75,100,103,89,459,21.5,0.4,98,0.0,191.6,4,12,8,1.292957746,1.5,5,False,False,88.75
2021-08-12,6,114,117,112,114,114,300,22.4,1.4,98,0.0,191.6,4,12,8,0.656455142,1.5,6,False,False,114.25
2021-08-12,7,114,113,143,149,130,702,23.6,1.1,95,0.0,191.6,4,12,8,1.352601156,1.5,7,False,False,129.75
2021-08-12,8,164,194,194,196,187,1250,25.3,1.0,90,0.0,191.6,4,12,8,1.671122995,1.5,8,False,False,187.0
2021-08-12,9,189,183,180,170,181,1195,28.1,1.6,74,0.0,191.6,4,12,8,1.655124654,1.0,9,False,False,180.5
2021-08-12,10,158,186,179,184,177,990,28.8,2.8,66,0.0,191.6,4,12,8,1.400282885,1.0,10,False,False,176.75
2021-08-12,11,176,179,196,199,188,1075,28.2,2.6,73,0.0,191.6,4,12,8,1.433333333,1.0,11,False,False,187.5
2021-08-12,12,133,116,118,111,120,85,27.6,3.0,75,0.0,191.6,4,12,8,0.177824268,1.0,12,False,False,119.5
2021-08-12,13,153,150,186,191,170,1315,28.2,2.9,73,0.0,191.6,4,12,8,1.933823529,1.0,13,False,False,170.0
2021-08-12,14,189,173,193,182,184,1222,28.0,3.8,76,0.0,191.6,4,12,8,1.65807327,1.0,14,False,False,184.25
2021-08-12,15,132,147,185,197,165,768,27.1,2.1,79,0.0,191.6,4,12,8,1.161875946,1.0,15,False,False,165.25
2021-08-12,16,172,165,176,166,170,6810,26.7,2.0,81,0.0,191.6,4,12,8,10.02945508,1.0,16,False,False,169.75
2021-08-12,17,127,106,148,160,135,635,26.1,1.3,84,0.0,191.6,4,12,8,1.173752311,1.0,17,False,False,135.25
2021-08-12,18,173,175,177,161,172,1081,25.8,1.2,85,0.0,191.6,4,12,8,1.575801749,1.5,18,False,False,171.5
2021-08-12,19,169,182,157,136,161,3692,25.4,1.1,88,0.0,191.6,4,12,8,5.732919255,1.5,19,False,False,161.0
2021-08-12,20,120,124,127,127,125,114,24.3,1.5,98,0.8,191.6,4,12,8,0.228915663,1.5,20,False,False,124.5
2021-08-12,21,110,113,114,110,112,0,24.2,0.9,98,1.3,191.6,4,12,8,0.0,1.5,21,False,False,111.75
2021-08-12,22,109,110,121,122,116,0,24.1,0.7,98,1.3,191.6,4,12,8,0.0,1.5,22,False,False,115.5
2021-08-12,23,118,105,106,83,103,100,23.9,0.9,98,1.4,191.6,4,12,8,0.242718447,1.5,23,False,False,103.0
2021-08-13,0,79,72,69,67,72,137,23.9,1.2,98,0.0,191.6,5,13,8,0.477351916,1.5,0,False,False,71.75
2021-08-13,1,90,99,104,105,100,45,23.7,1.1,98,0.0,191.6,5,13,8,0.113065327,1.5,1,False,False,99.5
2021-08-13,2,109,117,107,115,112,100,23.7,1.2,98,0.0,191.6,5,13,8,0.223214286,1.5,2,False,False,112.0
2021-08-13,3,114,116,120,112,116,190,23.3,1.3,98,0.2,191.6,5,13,8,0.411255411,1.5,3,False,False,115.5
2021-08-13,4,116,107,105,110,110,97,23.4,1.1,98,0.2,191.6,5,13,8,0.221461187,1.5,4,False,False,109.5
2021-08-13,5,79,70,96,108,88,0,23.1,1.9,98,0.2,191.6,5,13,8,0.0,1.5,5,False,False,88.25
2021-08-13,6,115,116,107,103,110,831,23.2,1.9,98,0.2,191.6,5,13,8,1.884353741,1.5,6,False,False,110.25
2021-08-13,7,108,122,147,166,136,352,23.9,1.7,98,0.2,191.6,5,13,8,0.64825046,1.5,7,False,False,135.75
2021-08-13,8,188,201,207,187,196,1107,24.9,2.8,92,0.2,191.6,5,13,8,1.413793103,1.5,8,False,False,195.75
2021-08-13,9,184,191,188,188,188,1246,25.7,1.7,88,0.2,191.6,5,13,8,1.659121172,1.0,9,False,False,187.75
2021-08-13,10,151,201,195,187,184,1023,23.6,1.4,96,3.5,191.6,5,13,8,1.39373297,1.0,10,False,False,183.5
2021-08-13,11,185,191,203,204,196,1809,25.1,2.0,91,3.5,191.6,5,13,8,2.310344828,1.0,11,False,False,195.75
2021-08-13,12,134,103,102,103,111,30,25.7,2.3,87,3.5,191.6,5,13,8,0.067873303,1.0,12,False,False,110.5
2021-08-13,13,162,195,194,182,183,1393,25.9,3.2,82,3.5,191.6,5,13,8,1.900409277,1.0,13,False,False,183.25
2021-08-13,14,200,192,177,188,189,1512,26.4,3.2,80,3.5,191.6,5,13,8,1.997357992,1.0,14,False,False,189.25
2021-08-13,15,140,149,184,195,167,1316,26.2,3.3,81,3.5,191.6,5,13,8,1.97005988,1.0,15,False,False,167.0
2021-08-13,16,186,186,180,179,183,1055,25.5,1.9,84,3.5,191.6,5,13,8,1.443228454,1.0,16,False,False,182.75
2021-08-13,17,131,123,165,176,149,770,25.2,1.2,86,3.5,191.6,5,13,8,1.294117647,1.0,17,False,False,148.75
2021-08-13,18,172,176,177,172,174,1523,24.7,1.7,86,3.5,191.6,5,13,8,2.18507891,1.5,18,False,False,174.25
2021-08-13,19,168,151,144,120,146,2206,24.7,2.2,87,3.5,191.6,5,13,8,3.783876501,1.5,19,False,False,145.75
2021-08-13,20,106,113,122,125,117,0,24.8,1.4,88,3.5,191.6,5,13,8,0.0,1.5,20,False,False,116.5
2021-08-13,21,119,112,109,111,113,55,24.6,1.2,89,3.5,191.6,5,13,8,0.12195122,1.5,21,False,False,112.75
2021-08-13,22,100,100,116,118,109,832,24.3,1.3,90,3.5,191.6,5,13,8,1.917050691,1.5,22,False,False,108.5
2021-08-13,23,116,108,92,71,97,39,24.0,1.9,91,3.5,191.6,5,13,8,0.100775194,1.5,23,False,False,96.75
2021-08-14,0,67,61,61,59,62,0,24.0,1.4,91,0.0,191.6,6,14,8,0.0,1.5,0,False,False,62.0
2021-08-14,1,83,95,106,104,97,237,24.3,1.6,90,0.0,191.6,6,14,8,0.610824742,1.5,1,False,False,97.0
2021-08-14,2,108,108,108,104,107,61,24.2,1.8,91,0.0,191.6,6,14,8,0.142523364,1.5,2,False,False,107.0
2021-08-14,3,89,86,90,98,91,61,23.3,1.8,98,0.6,191.6,6,14,8,0.168044077,1.5,3,False,False,90.75
2021-08-14,4,100,96,98,97,98,40,23.2,2.0,97,1.0,191.6,6,14,8,0.10230179,1.5,4,False,False,97.75
2021-08-14,5,80,76,86,91,83,198,23.2,1.7,97,1.1,191.6,6,14,8,0.594594595,1.5,5,False,False,83.25
2021-08-14,6,91,89,82,81,86,136,22.6,1.7,98,3.7,191.6,6,14,8,0.396501458,1.5,6,False,False,85.75
2021-08-14,7,75,66,42,30,53,796,22.2,1.5,98,12.8,191.6,6,14,8,3.737089202,1.5,7,False,False,53.25
2021-08-14,8,26,22,21,21,23,0,22.2,2.0,98,16.1,191.6,6,14,8,0.0,1.5,8,False,False,22.5
2021-08-14,9,22,21,21,23,22,0,22.1,2.0,98,20.1,191.6,6,14,8,0.0,1.0,9,False,False,21.75
2021-08-14,10,21,21,21,20,21,0,22.9,2.8,98,23.7,191.6,6,14,8,0.0,1.0,10,False,False,20.75
2021-08-14,11,20,21,24,26,23,0,22.9,2.4,97,24.1,191.6,6,14,8,0.0,1.0,11,False,False,22.75
2021-08-14,12,23,22,22,21,22,0,22.7,2.7,96,25.7,191.6,6,14,8,0.0,1.0,12,False,False,22.0
2021-08-14,13,20,21,21,21,21,0,23.7,2.3,94,26.1,191.6,6,14,8,0.0,1.0,13,False,False,20.75
2021-08-14,14,21,21,22,22,22,0,24.2,2.2,86,26.1,191.6,6,14,8,0.0,1.0,14,False,False,21.5
2021-08-14,15,22,22,26,23,23,0,24.8,2.1,85,26.1,191.6,6,14,8,0.0,1.0,15,False,False,23.25
2021-08-14,16,22,21,22,22,22,0,25.5,1.8,81,26.1,191.6,6,14,8,0.0,1.0,16,False,False,21.75
2021-08-14,17,22,21,20,22,21,0,24.5,2.4,84,26.1,191.6,6,14,8,0.0,1.0,17,False,False,21.25
2021-08-14,18,24,21,21,21,22,0,24.1,1.9,88,26.1,191.6,6,14,8,0.0,1.5,18,False,False,21.75
2021-08-14,19,26,22,21,21,23,0,23.5,1.8,90,26.1,191.6,6,14,8,0.0,1.5,19,False,False,22.5
2021-08-14,20,21,21,22,22,22,0,22.6,3.1,94,26.2,191.6,6,14,8,0.0,1.5,20,False,False,21.5
2021-08-14,21,22,22,22,23,22,0,22.4,2.8,94,26.5,191.6,6,14,8,0.0,1.5,21,False,False,22.25
2021-08-14,22,22,25,24,21,23,0,22.5,2.3,93,26.5,191.6,6,14,8,0.0,1.5,22,False,False,23.0
2021-08-14,23,22,21,22,21,22,0,22.3,2.4,94,26.5,191.6,6,14,8,0.0,1.5,23,False,False,21.5
2021-08-15,0,21,21,22,22,22,0,22.2,2.5,94,0.0,191.6,7,15,8,0.0,1.5,0,False,False,21.5
2021-08-15,1,21,21,22,28,23,0,22.3,2.2,92,0.0,191.6,7,15,8,0.0,1.5,1,False,False,23.0
2021-08-15,2,24,22,20,21,22,0,22.5,2.5,91,0.0,191.6,7,15,8,0.0,1.5,2,False,False,21.75
2021-08-15,3,21,21,21,22,21,0,22.2,2.8,92,0.0,191.6,7,15,8,0.0,1.5,3,False,False,21.25
2021-08-15,4,22,22,22,22,22,0,22.0,2.2,90,0.0,191.6,7,15,8,0.0,1.5,4,False,False,22.0
2021-08-15,5,25,25,21,21,23,0,21.8,2.2,90,0.0,191.6,7,15,8,0.0,1.5,5,False,False,23.0
2021-08-15,6,22,22,21,21,22,0,22.4,2.8,86,0.0,191.6,7,15,8,0.0,1.5,6,False,False,21.5
2021-08-15,7,21,20,20,21,21,0,23.9,2.8,82,0.0,191.6,7,15,8,0.0,1.5,7,False,False,20.5
2021-08-15,8,22,21,24,26,23,0,24.5,3.2,81,0.0,191.6,7,15,8,0.0,1.5,8,False,False,23.25
2021-08-15,9,24,22,23,21,23,0,25.2,2.9,80,0.0,191.6,7,15,8,0.0,1.0,9,False,False,22.5
2021-08-15,10,21,21,20,21,21,0,24.9,3.4,82,0.0,191.6,7,15,8,0.0,1.0,10,False,False,20.75
2021-08-15,11,21,21,22,22,22,0,23.9,1.3,96,0.4,191.6,7,15,8,0.0,1.0,11,False,False,21.5
2021-08-15,12,21,22,26,24,23,0,23.1,2.9,98,1.5,191.6,7,15,8,0.0,1.0,12,False,False,23.25
2021-08-15,13,22,21,21,22,22,0,24.6,2.6,93,1.5,191.6,7,15,8,0.0,1.0,13,False,False,21.5
2021-08-15,14,21,22,22,21,22,0,24.6,2.6,93,1.5,191.6,7,15,8,0.0,1.0,14,False,False,21.5
2021-08-15,15,21,21,21,21,21,0,23.3,1.5,98,1.5,191.6,7,15,8,0.0,1.0,15,False,False,21.0
2021-08-15,16,25,24,21,21,23,0,22.9,1.9,98,1.5,191.6,7,15,8,0.0,1.0,16,False,False,22.75
2021-08-15,17,22,22,21,22,22,0,23.3,2.3,95,1.5,191.6,7,15,8,0.0,1.0,17,False,False,21.75
2021-08-15,18,21,20,21,21,21,0,23.0,2.5,90,0.0,191.6,7,15,8,0.0,1.5,18,False,False,20.75
2021-08-15,19,21,22,25,24,23,0,22.0,1.2,96,0.0,191.6,7,15,8,0.0,1.5,19,False,False,23.0
2021-08-15,20,22,21,21,22,22,0,22.3,1.9,96,0.0,191.6,7,15,8,0.0,1.5,20,False,False,21.5
2021-08-15,21,22,22,22,22,22,0,22.5,1.4,91,0.0,191.6,7,15,8,0.0,1.5,21,False,False,22.0
2021-08-15,22,22,22,22,24,23,0,22.6,1.8,90,0.0,191.6,7,15,8,0.0,1.5,22,False,False,22.5
2021-08-15,23,25,23,21,22,23,0,22.3,2.0,94,0.0,191.6,7,15,8,0.0,1.5,23,False,False,22.75
2021-08-16,0,22,22,22,21,22,0,22.0,1.7,93,0.0,191.6,1,16,8,0.0,1.5,0,False,False,21.75
2021-08-16,1,20,23,21,21,21,0,21.8,1.6,92,0.0,191.6,1,16,8,0.0,1.5,1,False,False,21.25
2021-08-16,2,20,21,26,24,23,0,21.6,1.8,91,0.0,191.6,1,16,8,0.0,1.5,2,False,False,22.75
2021-08-16,3,21,21,21,21,21,0,21.3,2.1,92,0.0,191.6,1,16,8,0.0,1.5,3,False,False,21.0
2021-08-16,4,21,22,22,22,22,0,21.3,1.6,95,0.0,191.6,1,16,8,0.0,1.5,4,False,False,21.75
2021-08-16,5,21,22,22,22,22,0,21.5,2.2,95,0.0,191.6,1,16,8,0.0,1.5,5,False,False,21.75
2021-08-16,6,23,26,22,21,23,0,22.2,1.8,94,0.0,191.6,1,16,8,0.0,1.5,6,False,False,23.0
2021-08-16,7,24,30,63,122,60,27,22.6,1.6,93,0.0,191.6,1,16,8,0.112970711,1.5,7,False,False,59.75
2021-08-16,8,152,180,182,183,174,566,23.1,1.8,95,0.3,191.6,1,16,8,0.81205165,1.5,8,False,False,174.25
2021-08-16,9,184,190,186,170,183,642,25.4,2.2,78,0.3,191.6,1,16,8,0.879452055,1.0,9,False,False,182.5
2021-08-16,10,116,151,151,157,144,1720,25.5,3.5,74,0.3,191.6,1,16,8,2.991304348,1.0,10,False,False,143.75
2021-08-16,11,156,152,157,155,155,1472,26.2,4.1,68,0.3,191.6,1,16,8,2.374193548,1.0,11,False,False,155.0
2021-08-16,12,107,91,88,100,97,0,26.3,2.9,67,0.3,191.6,1,16,8,0.0,1.0,12,False,False,96.5
2021-08-16,13,157,156,148,149,153,1404,26.1,3.5,68,0.3,191.6,1,16,8,2.301639344,1.0,13,False,False,152.5
2021-08-16,14,153,138,149,144,146,1828,25.9,3.3,66,0.3,191.6,1,16,8,3.130136986,1.0,14,False,False,146.0
2021-08-16,15,112,146,140,132,133,547,25.0,3.6,70,0.3,191.6,1,16,8,1.032075472,1.0,15,False,False,132.5
2021-08-16,16,117,125,110,113,116,1490,24.7,2.9,71,0.3,191.6,1,16,8,3.204301075,1.0,16,False,False,116.25
2021-08-16,17,105,99,99,95,100,0,24.6,2.3,73,0.3,191.6,1,16,8,0.0,1.0,17,False,False,99.5
2021-08-16,18,94,92,91,89,92,22,23.9,1.8,78,0.3,191.6,1,16,8,0.06010929,1.5,18,False,False,91.5
2021-08-16,19,95,93,85,84,89,31,23.5,1.7,81,0.3,191.6,1,16,8,0.086834734,1.5,19,False,False,89.25
2021-08-16,20,95,101,95,102,98,130,23.0,2.5,85,0.3,191.6,1,16,8,0.330788804,1.5,20,False,False,98.25
2021-08-16,21,113,116,110,108,112,138,23.2,2.9,85,0.3,191.6,1,16,8,0.308724832,1.5,21,False,False,111.75
2021-08-16,22,86,102,95,98,95,35,23.0,2.4,88,0.3,191.6,1,16,8,0.091863517,1.5,22,False,False,95.25
2021-08-16,23,94,102,102,84,96,186,23.2,2.2,86,0.3,191.6,1,16,8,0.486910995,1.5,23,False,False,95.5
2021-08-17,0,71,68,68,71,70,141,22.7,2.4,89,0.0,191.6,2,17,8,0.507194245,1.5,0,False,False,69.5
2021-08-17,1,90,95,100,100,96,267,22.9,2.2,89,0.0,191.6,2,17,8,0.693506494,1.5,1,False,False,96.25
2021-08-17,2,98,96,101,98,98,238,22.5,1.9,96,0.1,191.6,2,17,8,0.605597964,1.5,2,False,False,98.25
2021-08-17,3,83,95,99,92,92,127,23.1,2.4,92,0.1,191.6,2,17,8,0.344173442,1.5,3,False,False,92.25
2021-08-17,4,86,95,98,94,93,36,23.3,2.0,89,0.1,191.6,2,17,8,0.096514745,1.5,4,False,False,93.25
2021-08-17,5,77,73,89,103,86,86,22.9,2.9,90,0.3,191.6,2,17,8,0.251461988,1.5,5,False,False,85.5
2021-08-17,6,94,91,93,96,94,290,22.1,2.0,97,1.7,191.6,2,17,8,0.77540107,1.5,6,False,False,93.5
2021-08-17,7,95,120,146,137,125,1761,21.9,1.2,98,4.4,191.6,2,17,8,3.536144578,1.5,7,False,False,124.5
2021-08-17,8,156,171,168,162,164,930,22.4,1.3,98,5.3,191.6,2,17,8,1.415525114,1.5,8,False,False,164.25
2021-08-17,9,156,159,170,166,163,1618,21.4,3.2,98,7.1,191.6,2,17,8,2.485407066,1.0,9,False,False,162.75
2021-08-17,10,126,159,162,165,153,1182,21.4,3.1,98,15.1,191.6,2,17,8,1.931372549,1.0,10,False,False,153.0
2021-08-17,11,165,167,171,173,169,1144,22.3,3.0,98,21.1,191.6,2,17,8,1.692307692,1.0,11,False,False,169.0
2021-08-17,12,109,98,100,134,110,0,22.1,2.3,98,29.7,191.6,2,17,8,0.0,1.0,12,False,False,110.25
2021-08-17,13,159,164,163,162,162,2870,22.2,2.2,98,32.8,191.6,2,17,8,4.429012346,1.0,13,False,False,162.0
2021-08-17,14,164,160,163,156,161,1412,22.7,3.8,93,32.9,191.6,2,17,8,2.195956454,1.0,14,False,False,160.75
2021-08-17,15,120,154,159,168,150,7913,23.2,3.3,86,32.9,191.6,2,17,8,13.16638935,1.0,15,False,False,150.25
2021-08-17,16,158,151,152,147,152,3108,23.5,3.6,83,32.9,191.6,2,17,8,5.111842105,1.0,16,False,False,152.0
2021-08-17,17,104,91,120,135,113,540,23.1,2.8,84,32.9,191.6,2,17,8,1.2,1.0,17,False,False,112.5
2021-08-17,18,137,148,154,158,149,1575,23.2,4.4,81,32.9,191.6,2,17,8,2.638190955,1.5,18,False,False,149.25
2021-08-17,19,143,141,139,127,138,3586,22.6,2.7,86,32.9,191.6,2,17,8,6.52,1.5,19,False,False,137.5
2021-08-17,20,116,120,128,116,120,116,21.9,2.8,91,32.9,191.6,2,17,8,0.241666667,1.5,20,False,False,120.0
2021-08-17,21,120,118,121,112,118,154,21.6,3.3,89,32.9,191.6,2,17,8,0.326963907,1.5,21,False,False,117.75
2021-08-17,22,90,114,118,117,110,58,21.5,2.5,95,32.9,191.6,2,17,8,0.132118451,1.5,22,False,False,109.75
2021-08-17,23,118,111,99,87,104,127,21.6,2.5,93,32.9,191.6,2,17,8,0.306024096,1.5,23,False,False,103.75
2021-08-18,0,66,64,65,65,65,4,21.4,2.7,95,0.0,191.6,3,18,8,0.015384615,1.5,0,False,False,65.0
2021-08-18,1,84,95,97,105,95,270,21.4,3.7,96,0.0,191.6,3,18,8,0.708661417,1.5,1,False,False,95.25
2021-08-18,2,101,102,105,102,103,344,21.5,2.2,94,0.0,191.6,3,18,8,0.83902439,1.5,2,False,False,102.5
2021-08-18,3,78,87,98,101,91,247,21.8,2.1,91,0.0,191.6,3,18,8,0.678571429,1.5,3,False,False,91.0
2021-08-18,4,93,95,99,93,95,455,21.7,0.9,91,0.0,191.6,3,18,8,1.197368421,1.5,4,False,False,95.0
2021-08-18,5,78,70,84,98,83,105,21.5,2.8,94,0.0,191.6,3,18,8,0.318181818,1.5,5,False,False,82.5
2021-08-18,6,96,97,103,107,101,127,22.2,2.5,92,0.0,191.6,3,18,8,0.315136476,1.5,6,False,False,100.75
2021-08-18,7,105,116,146,131,125,1144,22.8,2.2,90,0.0,191.6,3,18,8,2.297188755,1.5,7,False,False,124.5
2021-08-18,8,146,162,174,171,163,1358,23.7,2.4,87,0.0,191.6,3,18,8,2.079632466,1.5,8,False,False,163.25
2021-08-18,9,171,172,163,170,169,835,24.0,2.1,86,0.0,191.6,3,18,8,1.235207101,1.0,9,False,False,169.0
2021-08-18,10,134,160,166,176,159,1429,23.2,1.7,92,0.5,191.6,3,18,8,2.246855346,1.0,10,False,False,159.0
2021-08-18,11,173,172,183,163,173,2090,23.3,2.9,90,0.6,191.6,3,18,8,3.024602026,1.0,11,False,False,172.75
2021-08-18,12,109,90,88,120,102,1015,24.2,3.4,84,0.6,191.6,3,18,8,2.493857494,1.0,12,False,False,101.75
2021-08-18,13,166,171,171,177,171,565,24.3,3.1,82,0.6,191.6,3,18,8,0.824817518,1.0,13,False,False,171.25
2021-08-18,14,175,176,181,185,179,1872,24.9,3.9,75,0.6,191.6,3,18,8,2.610878661,1.0,14,False,False,179.25
2021-08-18,15,141,176,184,178,170,1482,24.4,3.8,80,0.6,191.6,3,18,8,2.182621502,1.0,15,False,False,169.75
2021-08-18,16,188,174,148,152,166,1933,23.5,2.4,90,0.7,191.6,3,18,8,2.919939577,1.0,16,False,False,165.5
2021-08-18,17,118,99,160,186,141,558,23.2,2.4,83,0.7,191.6,3,18,8,0.991119005,1.0,17,False,False,140.75
2021-08-18,18,168,165,174,147,164,1633,23.4,3.0,80,0.7,191.6,3,18,8,2.496941896,1.5,18,False,False,163.5
2021-08-18,19,150,158,142,123,143,2203,22.4,2.1,89,0.7,191.6,3,18,8,3.844677138,1.5,19,False,False,143.25
2021-08-18,20,116,124,120,118,120,100,22.4,2.6,91,0.7,191.6,3,18,8,0.209205021,1.5,20,False,False,119.5
2021-08-18,21,109,111,115,123,115,56,23.1,3.4,86,0.7,191.6,3,18,8,0.122270742,1.5,21,False,False,114.5
2021-08-18,22,102,125,117,103,112,102,22.2,2.9,95,1.6,191.6,3,18,8,0.228187919,1.5,22,False,False,111.75
2021-08-18,23,103,112,107,96,105,136,22.7,2.8,91,1.6,191.6,3,18,8,0.325358852,1.5,23,False,False,104.5
2021-08-19,0,77,73,68,65,71,53,22.7,2.7,88,0.0,191.6,4,19,8,0.187279152,1.5,0,False,False,70.75
2021-08-19,1,84,101,110,114,102,85,22.6,3.2,82,0.0,191.6,4,19,8,0.207823961,1.5,1,False,False,102.25
2021-08-19,2,116,106,101,113,109,173,22.7,3.5,82,0.0,191.6,4,19,8,0.396788991,1.5,2,False,False,109.0
2021-08-19,3,93,111,119,112,109,60,22.7,2.9,82,0.0,191.6,4,19,8,0.137931034,1.5,3,False,False,108.75
2021-08-19,4,108,108,101,98,104,114,22.2,2.7,87,0.0,191.6,4,19,8,0.274698795,1.5,4,False,False,103.75
2021-08-19,5,78,70,96,106,88,399,22.2,1.9,88,0.0,191.6,4,19,8,1.14,1.5,5,False,False,87.5
2021-08-19,6,110,119,110,97,109,459,22.4,2.7,85,0.0,191.6,4,19,8,1.052752294,1.5,6,False,False,109.0
2021-08-19,7,91,116,142,143,123,745,23.3,3.3,82,0.0,191.6,4,19,8,1.514227642,1.5,7,False,False,123.0
2021-08-19,8,174,185,177,159,174,670,23.9,2.9,84,0.0,191.6,4,19,8,0.964028777,1.5,8,False,False,173.75
2021-08-19,9,162,173,182,179,174,942,24.6,3.3,80,0.0,191.6,4,19,8,1.353448276,1.0,9,False,False,174.0
2021-08-19,10,142,166,165,177,163,1599,24.3,3.5,82,0.0,191.6,4,19,8,2.46,1.0,10,False,False,162.5
2021-08-19,11,176,188,175,168,177,2542,25.2,4.1,79,0.0,191.6,4,19,8,3.595473833,1.0,11,False,False,176.75
2021-08-19,12,114,96,89,120,105,380,25.3,3.0,78,0.0,191.6,4,19,8,0.906921241,1.0,12,False,False,104.75
2021-08-19,13,168,168,163,172,168,2129,25.4,2.7,77,0.0,191.6,4,19,8,3.172876304,1.0,13,False,False,167.75
2021-08-19,14,178,167,171,184,175,2843,25.7,2.1,79,0.0,191.6,4,19,8,4.061428571,1.0,14,False,False,175.0
2021-08-19,15,145,179,185,172,170,349,25.5,2.4,79,0.0,191.6,4,19,8,0.512481645,1.0,15,False,False,170.25
2021-08-19,16,166,171,167,159,166,3020,25.8,2.3,77,0.0,191.6,4,19,8,4.55505279,1.0,16,False,False,165.75
2021-08-19,17,122,101,140,155,130,510,24.1,1.4,85,0.0,191.6,4,19,8,0.984555985,1.0,17,False,False,129.5
2021-08-19,18,161,140,153,155,152,3195,23.3,1.8,84,0.0,191.6,4,19,8,5.246305419,1.5,18,False,False,152.25
2021-08-19,19,153,151,149,134,147,5336,22.4,0.6,91,0.0,191.6,4,19,8,9.090289608,1.5,19,False,False,146.75
2021-08-19,20,121,130,134,128,128,8,22.0,0.9,95,0.0,191.6,4,19,8,0.015594542,1.5,20,False,False,128.25
2021-08-19,21,121,118,123,123,121,132,21.8,0.7,95,0.0,191.6,4,19,8,0.272164948,1.5,21,False,False,121.25
2021-08-19,22,105,125,119,114,116,28,21.5,1.2,96,0.0,191.6,4,19,8,0.060475162,1.5,22,False,False,115.75
2021-08-19,23,117,110,111,101,110,205,21.6,0.2,96,0.0,191.6,4,19,8,0.466970387,1.5,23,False,False,109.75
2021-08-20,0,80,74,70,68,73,338,21.7,1.3,97,0.0,191.6,5,20,8,1.157534247,1.5,0,False,False,73.0
2021-08-20,1,89,105,109,100,101,47,21.0,1.5,98,0.0,191.6,5,20,8,0.11662531,1.5,1,False,False,100.75
2021-08-20,2,104,110,107,107,107,40,20.8,1.7,98,0.0,191.6,5,20,8,0.093457944,1.5,2,False,False,107.0
2021-08-20,3,92,107,106,104,102,537,20.4,0.2,98,0.0,191.6,5,20,8,1.312958435,1.5,3,False,False,102.25
2021-08-20,4,106,101,88,101,99,216,20.0,0.4,98,0.0,191.6,5,20,8,0.545454545,1.5,4,False,False,99.0
2021-08-20,5,78,70,98,104,88,304,20.2,1.5,98,0.0,191.6,5,20,8,0.868571429,1.5,5,False,False,87.5
2021-08-20,6,112,115,109,106,111,14,21.7,0.9,98,0.0,191.6,5,20,8,0.031674208,1.5,6,False,False,110.5
2021-08-20,7,109,121,146,132,127,793,24.1,0.7,88,0.0,191.6,5,20,8,1.561023622,1.5,7,False,False,127.0
2021-08-20,8,160,179,172,172,171,650,25.1,1.1,83,0.0,191.6,5,20,8,0.951683748,1.5,8,False,False,170.75
2021-08-20,9,154,161,171,175,165,881,25.0,0.8,79,0.0,191.6,5,20,8,1.332829047,1.0,9,False,False,165.25
2021-08-20,10,142,157,162,168,157,1450,24.5,0.6,88,0.7,191.6,5,20,8,2.305246423,1.0,10,False,False,157.25
2021-08-20,11,183,193,189,183,187,3707,24.9,0.9,85,0.9,191.6,5,20,8,4.955882353,1.0,11,False,False,187.0
2021-08-20,12,118,96,95,134,111,5245,24.3,1.1,93,2.3,191.6,5,20,8,11.83972912,1.0,12,False,False,110.75
2021-08-20,13,175,180,177,177,177,1382,25.6,1.2,87,2.3,191.6,5,20,8,1.94922426,1.0,13,False,False,177.25
2021-08-20,14,177,160,184,177,175,3002,26.7,1.8,74,2.3,191.6,5,20,8,4.300859599,1.0,14,False,False,174.5
2021-08-20,15,124,176,169,167,159,1383,27.0,2.6,71,2.3,191.6,5,20,8,2.174528302,1.0,15,False,False,159.0
2021-08-20,16,176,177,168,161,171,1774,27.2,1.4,74,2.3,191.6,5,20,8,2.601173021,1.0,16,False,False,170.5
2021-08-20,17,105,107,160,164,134,282,26.2,1.5,79,2.3,191.6,5,20,8,0.526119403,1.0,17,False,False,134.0
2021-08-20,18,148,156,158,157,155,909,25.2,1.4,86,2.3,191.6,5,20,8,1.468497577,1.5,18,False,False,154.75
2021-08-20,19,146,116,134,105,125,1199,25.1,0.5,89,2.3,191.6,5,20,8,2.393213573,1.5,19,False,False,125.25
2021-08-20,20,99,115,125,117,114,465,24.6,1.0,90,2.3,191.6,5,20,8,1.019736842,1.5,20,False,False,114.0
2021-08-20,21,120,121,117,115,118,100,24.3,1.5,93,2.3,191.6,5,20,8,0.21141649,1.5,21,False,False,118.25
2021-08-20,22,91,107,112,113,106,64,23.8,0.4,97,2.3,191.6,5,20,8,0.151300236,1.5,22,False,False,105.75
2021-08-20,23,102,106,101,84,98,431,23.7,0.6,98,2.3,191.6,5,20,8,1.096692112,1.5,23,False,False,98.25
2021-08-21,0,64,62,63,63,63,524,23.9,1.9,98,0.0,191.6,6,21,8,2.079365079,1.5,0,False,False,63.0
2021-08-21,1,92,97,91,99,95,106,23.5,0.4,98,0.0,191.6,6,21,8,0.279683377,1.5,1,False,False,94.75
2021-08-21,2,99,103,106,109,104,38,23.9,1.3,97,0.8,191.6,6,21,8,0.091127098,1.5,2,False,False,104.25
2021-08-21,3,86,92,94,102,94,1064,23.9,2.1,98,1.8,191.6,6,21,8,2.844919786,1.5,3,False,False,93.5
2021-08-21,4,105,101,107,104,104,156,24.6,1.3,98,2.0,191.6,6,21,8,0.374100719,1.5,4,False,False,104.25
2021-08-21,5,90,81,97,110,95,30,24.7,2.1,98,2.1,191.6,6,21,8,0.079365079,1.5,5,False,False,94.5
2021-08-21,6,100,103,100,91,99,522,24.6,2.1,98,3.2,191.6,6,21,8,1.324873096,1.5,6,False,False,98.5
2021-08-21,7,94,88,59,33,69,1354,24.5,2.8,98,4.2,191.6,6,21,8,4.941605839,1.5,7,False,False,68.5
2021-08-21,8,26,21,21,23,23,0,23.3,2.1,98,6.1,191.6,6,21,8,0.0,1.5,8,False,False,22.75
2021-08-21,9,21,20,21,21,21,0,23.9,2.6,98,9.8,191.6,6,21,8,0.0,1.0,9,False,False,20.75
2021-08-21,10,21,21,22,21,21,0,24.1,3.4,98,21.6,191.6,6,21,8,0.0,1.0,10,False,False,21.25
2021-08-21,11,21,24,26,22,23,0,24.2,4.1,98,25.5,191.6,6,21,8,0.0,1.0,11,False,False,23.25
2021-08-21,12,22,22,22,22,22,0,24.1,3.2,98,42.6,191.6,6,21,8,0.0,1.0,12,False,False,22.0
2021-08-21,13,21,21,21,21,21,0,22.9,2.4,98,68.4,191.6,6,21,8,0.0,1.0,13,False,False,21.0
2021-08-21,14,21,22,22,26,23,0,22.7,2.6,98,91.9,191.6,6,21,8,0.0,1.0,14,False,False,22.75
2021-08-21,15,23,21,21,22,22,0,21.2,1.3,98,116.1,191.6,6,21,8,0.0,1.0,15,False,False,21.75
2021-08-21,16,22,21,21,22,22,0,22.1,3.0,98,119.2,191.6,6,21,8,0.0,1.0,16,False,False,21.5
2021-08-21,17,22,22,22,22,22,0,21.8,2.9,98,122.2,191.6,6,21,8,0.0,1.0,17,False,False,22.0
2021-08-21,18,26,27,24,23,25,0,22.2,1.7,98,122.2,191.6,6,21,8,0.0,1.5,18,False,False,25.0
2021-08-21,19,21,20,21,21,21,0,22.2,1.5,98,122.2,191.6,6,21,8,0.0,1.5,19,False,False,20.75
2021-08-21,20,21,22,21,22,22,0,23.0,2.2,98,122.2,191.6,6,21,8,0.0,1.5,20,False,False,21.5
2021-08-21,21,23,23,23,23,23,0,23.5,3.8,98,122.4,191.6,6,21,8,0.0,1.5,21,False,False,23.0
2021-08-21,22,24,27,24,23,25,0,23.9,2.9,96,122.4,191.6,6,21,8,0.0,1.5,22,False,False,24.5
2021-08-21,23,22,22,22,23,22,0,24.1,2.8,98,122.4,191.6,6,21,8,0.0,1.5,23,False,False,22.25
2021-08-22,0,22,22,22,23,22,0,23.9,2.1,98,0.2,191.6,7,22,8,0.0,1.5,0,False,False,22.25
2021-08-22,1,23,22,22,26,23,0,24.7,3.6,98,0.3,191.6,7,22,8,0.0,1.5,1,False,False,23.25
2021-08-22,2,27,23,22,23,24,0,24.8,2.3,98,0.5,191.6,7,22,8,0.0,1.5,2,False,False,23.75
2021-08-22,3,23,24,22,21,23,0,25.0,2.7,95,0.5,191.6,7,22,8,0.0,1.5,3,False,False,22.5
2021-08-22,4,22,21,22,22,22,0,23.6,2.0,98,0.5,191.6,7,22,8,0.0,1.5,4,False,False,21.75
2021-08-22,5,22,21,25,26,24,0,22.9,1.3,97,0.5,191.6,7,22,8,0.0,1.5,5,False,False,23.5
2021-08-22,6,22,22,22,22,22,0,24.9,0.3,98,0.5,191.6,7,22,8,0.0,1.5,6,False,False,22.0
2021-08-22,7,21,22,22,22,22,0,25.4,0.9,94,0.5,191.6,7,22,8,0.0,1.5,7,False,False,21.75
2021-08-22,8,22,21,21,22,22,0,26.2,0.6,87,0.5,191.6,7,22,8,0.0,1.5,8,False,False,21.5
2021-08-22,9,25,27,22,22,24,0,27.6,1.6,72,0.5,191.6,7,22,8,0.0,1.0,9,False,False,24.0
2021-08-22,10,22,22,22,22,22,0,28.2,2.4,70,0.5,191.6,7,22,8,0.0,1.0,10,False,False,22.0
2021-08-22,11,23,22,22,21,22,0,28.3,3.0,64,0.5,191.6,7,22,8,0.0,1.0,11,False,False,22.0
2021-08-22,12,22,22,23,24,23,0,29.1,2.5,62,0.5,191.6,7,22,8,0.0,1.0,12,False,False,22.75
2021-08-22,13,26,24,22,22,24,0,30.4,2.1,58,0.5,191.6,7,22,8,0.0,1.0,13,False,False,23.5
2021-08-22,14,23,22,23,23,23,0,30.2,1.7,58,0.5,191.6,7,22,8,0.0,1.0,14,False,False,22.75
2021-08-22,15,23,23,22,23,23,0,30.1,1.8,61,0.5,191.6,7,22,8,0.0,1.0,15,False,False,22.75
2021-08-22,16,23,24,27,24,25,0,29.6,3.4,56,0.5,191.6,7,22,8,0.0,1.0,16,False,False,24.5
2021-08-22,17,22,22,22,22,22,0,28.9,3.4,62,0.5,191.6,7,22,8,0.0,1.0,17,False,False,22.0
2021-08-22,18,22,22,22,22,22,0,27.7,3.1,74,0.5,191.6,7,22,8,0.0,1.5,18,False,False,22.0
2021-08-22,19,22,21,22,22,22,0,26.6,2.4,80,0.5,191.6,7,22,8,0.0,1.5,19,False,False,21.75
2021-08-22,20,25,26,23,23,24,0,26.0,2.6,82,0.5,191.6,7,22,8,0.0,1.5,20,False,False,24.25
2021-08-22,21,22,22,22,23,22,0,25.2,0.8,85,0.5,191.6,7,22,8,0.0,1.5,21,False,False,22.25
2021-08-22,22,23,22,24,22,23,0,25.1,1.3,86,0.5,191.6,7,22,8,0.0,1.5,22,False,False,22.75
2021-08-22,23,22,21,21,26,23,0,24.2,0.6,92,0.5,191.6,7,22,8,0.0,1.5,23,False,False,22.5
2021-08-23,0,25,22,23,22,23,0,23.8,0.0,93,0.0,191.6,1,23,8,0.0,1.5,0,False,False,23.0
2021-08-23,1,22,23,23,23,23,0,24.3,2.1,92,0.0,191.6,1,23,8,0.0,1.5,1,False,False,22.75
2021-08-23,2,23,22,23,23,23,0,24.2,1.4,93,0.0,191.6,1,23,8,0.0,1.5,2,False,False,22.75
2021-08-23,3,22,27,25,22,24,0,24.0,2.3,93,0.0,191.6,1,23,8,0.0,1.5,3,False,False,24.0
2021-08-23,4,22,22,22,22,22,0,23.3,0.2,96,0.0,191.6,1,23,8,0.0,1.5,4,False,False,22.0
2021-08-23,5,22,22,22,22,22,0,23.4,1.5,98,0.1,191.6,1,23,8,0.0,1.5,5,False,False,22.0
2021-08-23,6,22,21,21,21,21,0,23.6,0.8,96,0.1,191.6,1,23,8,0.0,1.5,6,False,False,21.25
2021-08-23,7,28,44,66,92,58,0,23.8,0.4,98,0.1,191.6,1,23,8,0.0,1.5,7,False,False,57.5
2021-08-23,8,152,163,172,181,167,759,24.9,0.3,94,0.2,191.6,1,23,8,1.136227545,1.5,8,False,False,167.0
2021-08-23,9,187,165,182,185,180,1105,25.6,0.5,90,0.2,191.6,1,23,8,1.536856745,1.0,9,False,False,179.75
2021-08-23,10,144,181,182,172,170,884,26.0,0.9,89,0.2,191.6,1,23,8,1.30191458,1.0,10,False,False,169.75
2021-08-23,11,172,186,191,188,184,1300,26.3,0.7,90,0.5,191.6,1,23,8,1.763907734,1.0,11,False,False,184.25
2021-08-23,12,124,99,103,136,116,333,24.7,1.8,98,1.8,191.6,1,23,8,0.720779221,1.0,12,False,False,115.5
2021-08-23,13,184,181,176,193,184,1758,23.4,1.0,98,4.5,191.6,1,23,8,2.395095368,1.0,13,False,False,183.5
2021-08-23,14,181,184,182,190,184,4563,22.1,0.5,96,7.7,191.6,1,23,8,6.191316147,1.0,14,False,False,184.25
2021-08-23,15,151,187,184,196,180,674,22.1,1.1,98,10.9,191.6,1,23,8,0.938718663,1.0,15,False,False,179.5
2021-08-23,16,173,172,177,164,172,2742,22.0,1.1,98,11.1,191.6,1,23,8,3.997084548,1.0,16,False,False,171.5
2021-08-23,17,124,114,154,177,142,362,22.3,1.0,98,11.1,191.6,1,23,8,0.636203866,1.0,17,False,False,142.25
2021-08-23,18,179,165,148,131,156,651,21.9,1.0,98,12.4,191.6,1,23,8,1.04494382,1.5,18,False,False,155.75
2021-08-23,19,137,132,136,109,129,1052,21.6,1.2,98,12.4,191.6,1,23,8,2.046692607,1.5,19,False,False,128.5
2021-08-23,20,100,118,116,114,112,8,21.8,1.6,94,12.4,191.6,1,23,8,0.017857143,1.5,20,False,False,112.0
2021-08-23,21,111,117,109,107,111,222,21.8,1.6,96,14.7,191.6,1,23,8,0.5,1.5,21,False,False,111.0
2021-08-23,22,101,111,111,113,109,14,21.9,2.4,98,20.9,191.6,1,23,8,0.032110092,1.5,22,False,False,109.0
2021-08-23,23,107,101,100,75,96,153,23.4,3.7,98,35.1,191.6,1,23,8,0.399477807,1.5,23,False,False,95.75
2021-08-24,0,67,64,65,64,65,0,23.8,5.7,98,43.3,191.6,2,24,8,0.0,1.5,0,False,False,65.0
2021-08-24,1,90,108,111,110,105,109,24.8,3.6,98,91.4,191.6,2,24,8,0.260143198,1.5,1,False,False,104.75
2021-08-24,2,115,109,107,108,110,127,24.4,3.2,98,93.0,191.6,2,24,8,0.28929385,1.5,2,False,False,109.75
2021-08-24,3,95,103,115,105,105,12,25.1,4.2,93,93.0,191.6,2,24,8,0.028708134,1.5,3,False,False,104.5
2021-08-24,4,109,113,107,103,108,4,24.8,4.6,88,93.0,191.6,2,24,8,0.009259259,1.5,4,False,False,108.0
2021-08-24,5,81,72,93,106,88,38,24.4,1.9,90,93.0,191.6,2,24,8,0.107954545,1.5,5,False,False,88.0
2021-08-24,6,112,107,102,115,109,86,25.8,3.5,84,93.0,191.6,2,24,8,0.197247706,1.5,6,False,False,109.0
2021-08-24,7,116,119,144,145,131,583,24.9,2.2,92,93.0,191.6,2,24,8,1.11259542,1.5,7,False,False,131.0
2021-08-24,8,167,192,196,191,187,2623,25.0,2.3,96,93.6,191.6,2,24,8,3.516085791,1.5,8,False,False,186.5
2021-08-24,9,182,190,170,181,181,516,24.5,0.0,98,95.5,191.6,2,24,8,0.713692946,1.0,9,False,False,180.75
2021-08-24,10,151,181,177,174,171,1007,25.0,0.6,98,99.5,191.6,2,24,8,1.474377745,1.0,10,False,False,170.75
2021-08-24,11,179,183,188,180,183,901,25.7,2.7,98,103.3,191.6,2,24,8,1.234246575,1.0,11,False,False,182.5
2021-08-24,12,125,105,99,130,115,164,26.6,2.1,98,105.2,191.6,2,24,8,0.357298475,1.0,12,False,False,114.75
2021-08-24,13,165,171,180,180,174,2240,27.1,3.4,95,105.7,191.6,2,24,8,3.218390805,1.0,13,False,False,174.0
2021-08-24,14,190,185,180,188,186,510,27.9,2.7,98,108.0,191.6,2,24,8,0.68640646,1.0,14,False,False,185.75
2021-08-24,15,139,175,183,201,175,1537,28.4,3.7,87,108.0,191.6,2,24,8,2.202005731,1.0,15,False,False,174.5
2021-08-24,16,191,188,181,175,184,2281,28.1,2.7,88,108.0,191.6,2,24,8,3.103401361,1.0,16,False,False,183.75
2021-08-24,17,131,115,153,157,139,797,27.8,2.8,90,108.3,191.6,2,24,8,1.433453237,1.0,17,False,False,139.0
2021-08-24,18,148,151,151,156,152,1411,27.6,1.9,89,108.3,191.6,2,24,8,2.328382838,1.5,18,False,False,151.5
2021-08-24,19,164,146,148,142,150,1762,27.0,2.7,93,108.3,191.6,2,24,8,2.936666667,1.5,19,False,False,150.0
2021-08-24,20,117,122,125,120,121,0,26.8,2.6,89,108.3,191.6,2,24,8,0.0,1.5,20,False,False,121.0
2021-08-24,21,122,123,121,119,121,135,26.9,2.5,87,108.3,191.6,2,24,8,0.278350515,1.5,21,False,False,121.25
2021-08-24,22,112,120,109,109,113,14,26.9,2.5,85,108.3,191.6,2,24,8,0.031111111,1.5,22,False,False,112.5
2021-08-24,23,102,104,107,84,99,98,26.0,1.0,87,108.3,191.6,2,24,8,0.246851385,1.5,23,False,False,99.25
2021-08-25,0,81,80,77,69,77,0,25.4,0.4,92,0.0,191.6,3,25,8,0.0,1.5,0,False,False,76.75
2021-08-25,1,90,111,108,108,104,56,25.4,0.9,90,0.0,191.6,3,25,8,0.134292566,1.5,1,False,False,104.25
2021-08-25,2,115,107,105,110,109,227,25.9,1.9,88,0.0,191.6,3,25,8,0.519450801,1.5,2,False,False,109.25
2021-08-25,3,90,100,98,106,99,28,24.8,0.6,93,0.0,191.6,3,25,8,0.07106599,1.5,3,False,False,98.5
2021-08-25,4,109,109,110,107,109,63,24.3,0.4,96,0.0,191.6,3,25,8,0.144827586,1.5,4,False,False,108.75
2021-08-25,5,90,79,89,107,91,46,24.2,0.6,98,0.0,191.6,3,25,8,0.126027397,1.5,5,False,False,91.25
2021-08-25,6,101,99,108,108,104,323,24.2,0.9,98,0.1,191.6,3,25,8,0.776442308,1.5,6,False,False,104.0
2021-08-25,7,109,134,162,150,139,506,25.2,0.6,98,0.1,191.6,3,25,8,0.911711712,1.5,7,False,False,138.75
2021-08-25,8,156,177,182,179,174,470,25.6,0.2,95,0.1,191.6,3,25,8,0.677233429,1.5,8,False,False,173.5
2021-08-25,9,161,167,175,181,171,2173,25.6,0.3,95,0.3,191.6,3,25,8,3.176900585,1.0,9,False,False,171.0
2021-08-25,10,153,179,187,189,177,1134,25.8,0.8,97,1.5,191.6,3,25,8,1.601694915,1.0,10,False,False,177.0
2021-08-25,11,172,158,184,178,173,1409,26.3,1.8,93,1.5,191.6,3,25,8,2.036127168,1.0,11,False,False,173.0
2021-08-25,12,121,96,102,120,110,162,25.3,1.0,97,5.4,191.6,3,25,8,0.369020501,1.0,12,False,False,109.75
2021-08-25,13,170,180,168,177,174,1825,26.0,1.3,97,5.4,191.6,3,25,8,2.625899281,1.0,13,False,False,173.75
2021-08-25,14,179,165,180,184,177,2166,26.0,1.0,94,5.4,191.6,3,25,8,3.059322034,1.0,14,False,False,177.0
2021-08-25,15,142,178,174,180,169,1786,25.8,1.8,93,5.4,191.6,3,25,8,2.649851632,1.0,15,False,False,168.5
2021-08-25,16,172,169,146,160,162,1158,25.4,2.7,94,5.4,191.6,3,25,8,1.789799073,1.0,16,False,False,161.75
2021-08-25,17,131,117,158,176,146,5718,25.0,0.9,98,5.4,191.6,3,25,8,9.824742268,1.0,17,False,False,145.5
2021-08-25,18,172,166,165,165,167,1184,25.8,2.7,91,5.4,191.6,3,25,8,1.77245509,1.5,18,False,False,167.0
2021-08-25,19,150,152,139,115,139,1345,24.5,1.4,94,5.4,191.6,3,25,8,2.419064748,1.5,19,False,False,139.0
2021-08-25,20,101,107,112,124,111,67,24.7,0.8,97,5.4,191.6,3,25,8,0.150900901,1.5,20,False,False,111.0
2021-08-25,21,114,131,123,117,121,112,25.0,1.2,96,5.4,191.6,3,25,8,0.230927835,1.5,21,False,False,121.25
2021-08-25,22,114,109,103,114,110,102,24.7,0.7,98,5.5,191.6,3,25,8,0.231818182,1.5,22,False,False,110.0
2021-08-25,23,119,112,108,80,105,16,23.9,0.4,98,5.5,191.6,3,25,8,0.038186158,1.5,23,False,False,104.75
2021-08-26,0,72,72,73,69,72,415,23.8,0.1,98,0.0,191.6,4,26,8,1.451048951,1.5,0,False,False,71.5
2021-08-26,1,92,106,110,105,103,24,23.9,0.1,98,0.0,191.6,4,26,8,0.05811138,1.5,1,False,False,103.25
2021-08-26,2,113,116,112,118,115,277,24.0,0.8,98,0.0,191.6,4,26,8,0.603485839,1.5,2,False,False,114.75
2021-08-26,3,90,100,104,103,99,30,23.6,1.1,98,0.0,191.6,4,26,8,0.075566751,1.5,3,False,False,99.25
2021-08-26,4,108,115,111,104,110,96,23.9,1.8,98,0.0,191.6,4,26,8,0.219178082,1.5,4,False,False,109.5
2021-08-26,5,83,77,98,108,92,139,24.2,1.7,98,0.0,191.6,4,26,8,0.379781421,1.5,5,False,False,91.5
2021-08-26,6,105,104,98,111,105,393,25.3,0.7,98,0.0,191.6,4,26,8,0.940191388,1.5,6,False,False,104.5
2021-08-26,7,114,129,147,145,134,1981,26.3,1.3,90,0.0,191.6,4,26,8,3.702803738,1.5,7,False,False,133.75
2021-08-26,8,166,187,182,196,183,592,28.1,1.0,74,0.0,191.6,4,26,8,0.809849521,1.5,8,False,False,182.75
2021-08-26,9,197,199,191,192,195,1269,27.8,1.7,71,0.0,191.6,4,26,8,1.629011553,1.0,9,False,False,194.75
2021-08-26,10,158,187,182,193,180,286,29.4,0.7,66,0.0,191.6,4,26,8,0.397222222,1.0,10,False,False,180.0
2021-08-26,11,192,194,180,187,188,1425,30.2,1.8,56,0.0,191.6,4,26,8,1.892430279,1.0,11,False,False,188.25
2021-08-26,12,117,100,98,127,111,37,30.6,1.3,56,0.0,191.6,4,26,8,0.083710407,1.0,12,False,False,110.5
2021-08-26,13,168,172,194,199,183,1792,31.8,1.5,44,0.0,191.6,4,26,8,2.444747613,1.0,13,False,False,183.25
2021-08-26,14,183,177,189,190,185,746,31.6,1.1,56,0.0,191.6,4,26,8,1.00947226,1.0,14,False,False,184.75
2021-08-26,15,163,192,202,193,188,2034,30.3,2.3,60,0.0,191.6,4,26,8,2.712,1.0,15,False,False,187.5
2021-08-26,16,186,172,175,158,173,645,29.8,0.9,67,0.0,191.6,4,26,8,0.933429812,1.0,16,False,False,172.75
2021-08-26,17,119,105,142,161,132,301,30.3,1.7,55,0.0,191.6,4,26,8,0.571157495,1.0,17,False,False,131.75
2021-08-26,18,161,155,163,167,162,2864,28.3,1.2,66,0.0,191.6,4,26,8,4.433436533,1.5,18,False,False,161.5
2021-08-26,19,168,158,170,129,156,4012,26.3,0.3,80,0.0,191.6,4,26,8,6.4192,1.5,19,False,False,156.25
2021-08-26,20,116,115,112,121,116,203,26.4,1.9,81,0.0,191.6,4,26,8,0.4375,1.5,20,False,False,116.0
2021-08-26,21,122,127,128,121,125,10,25.3,0.8,82,0.0,191.6,4,26,8,0.020080321,1.5,21,False,False,124.5
2021-08-26,22,113,116,106,109,111,123,25.3,0.8,79,0.0,191.6,4,26,8,0.277027027,1.5,22,False,False,111.0
2021-08-26,23,104,112,113,89,105,370,24.7,1.2,81,0.0,191.6,4,26,8,0.885167464,1.5,23,False,False,104.5
2021-08-27,0,77,72,70,67,72,0,23.2,1.2,96,0.0,191.6,5,27,8,0.0,1.5,0,False,False,71.5
2021-08-27,1,90,102,111,106,102,43,22.9,0.9,91,0.0,191.6,5,27,8,0.105134474,1.5,1,False,False,102.25
2021-08-27,2,107,115,112,111,111,1024,22.6,1.6,94,0.0,191.6,5,27,8,2.301123596,1.5,2,False,False,111.25
2021-08-27,3,92,98,105,114,102,334,22.3,1.3,93,0.0,191.6,5,27,8,0.816625917,1.5,3,False,False,102.25
2021-08-27,4,107,111,112,100,108,293,22.2,0.9,92,0.0,191.6,5,27,8,0.681395349,1.5,4,False,False,107.5
2021-08-27,5,77,74,87,104,86,73,21.8,0.4,98,0.0,191.6,5,27,8,0.213450292,1.5,5,False,False,85.5
2021-08-27,6,101,99,99,103,101,189,23.2,0.5,94,0.0,191.6,5,27,8,0.470149254,1.5,6,False,False,100.5
2021-08-27,7,106,123,135,135,125,698,25.5,0.8,86,0.0,191.6,5,27,8,1.398797595,1.5,7,False,False,124.75
2021-08-27,8,166,183,190,185,181,263,25.0,0.6,85,0.0,191.6,5,27,8,0.363259669,1.5,8,False,False,181.0
2021-08-27,9,179,185,169,170,176,1321,26.0,0.7,81,0.0,191.6,5,27,8,1.879089616,1.0,9,False,False,175.75
2021-08-27,10,147,176,177,176,169,1056,27.8,1.2,71,0.0,191.6,5,27,8,1.562130178,1.0,10,False,False,169.0
2021-08-27,11,179,182,169,168,175,2214,28.0,1.7,76,0.0,191.6,5,27,8,3.171919771,1.0,11,False,False,174.5
2021-08-27,12,112,95,93,125,106,326,30.0,3.2,72,0.0,191.6,5,27,8,0.767058824,1.0,12,False,False,106.25
2021-08-27,13,179,176,169,167,173,1925,31.2,3.1,66,0.0,191.6,5,27,8,2.785817656,1.0,13,False,False,172.75
2021-08-27,14,169,168,163,161,165,3481,30.4,3.7,64,0.0,191.6,5,27,8,5.266263238,1.0,14,False,False,165.25
2021-08-27,15,137,175,173,161,162,4309,30.4,5.2,61,0.0,191.6,5,27,8,6.670278638,1.0,15,False,False,161.5
2021-08-27,16,158,150,156,161,156,3764,30.0,5.2,63,0.0,191.6,5,27,8,6.0224,1.0,16,False,False,156.25
2021-08-27,17,127,116,161,163,142,1054,29.1,4.6,68,0.0,191.6,5,27,8,1.858906526,1.0,17,False,False,141.75
2021-08-27,18,157,142,137,136,143,672,28.1,4.1,72,0.0,191.6,5,27,8,1.174825175,1.5,18,False,False,143.0
2021-08-27,19,138,135,127,109,127,1643,27.7,1.5,76,0.0,191.6,5,27,8,3.227897839,1.5,19,False,False,127.25
2021-08-27,20,104,111,108,109,108,518,23.9,2.8,90,0.0,191.6,5,27,8,1.199074074,1.5,20,False,False,108.0
2021-08-27,21,104,115,111,97,107,238,22.6,1.7,97,0.0,191.6,5,27,8,0.557377049,1.5,21,False,False,106.75
2021-08-27,22,79,94,105,105,96,61,22.5,0.4,98,0.3,191.6,5,27,8,0.15926893,1.5,22,False,False,95.75
2021-08-27,23,105,109,113,82,102,270,22.8,0.5,98,0.3,191.6,5,27,8,0.660146699,1.5,23,False,False,102.25
2021-08-28,0,75,73,71,69,72,174,22.7,1.9,98,0.2,191.6,6,28,8,0.604166667,1.5,0,False,False,72.0
2021-08-28,1,91,108,111,107,104,160,22.4,1.0,98,0.2,191.6,6,28,8,0.383693046,1.5,1,False,False,104.25
2021-08-28,2,111,119,110,102,111,68,22.1,2.3,98,0.2,191.6,6,28,8,0.153846154,1.5,2,False,False,110.5
2021-08-28,3,100,109,97,103,102,54,21.9,1.3,98,0.2,191.6,6,28,8,0.13202934,1.5,3,False,False,102.25
2021-08-28,4,105,107,105,93,103,440,22.4,1.9,95,0.2,191.6,6,28,8,1.073170732,1.5,4,False,False,102.5
2021-08-28,5,73,74,93,107,87,29,22.2,1.0,96,0.2,191.6,6,28,8,0.083573487,1.5,5,False,False,86.75
2021-08-28,6,103,101,93,95,98,332,22.5,1.8,92,0.2,191.6,6,28,8,0.846938776,1.5,6,False,False,98.0
2021-08-28,7,94,86,48,37,66,542,23.0,2.1,87,0.2,191.6,6,28,8,2.045283019,1.5,7,False,False,66.25
2021-08-28,8,35,35,35,36,35,0,24.7,1.4,75,0.2,191.6,6,28,8,0.0,1.5,8,False,False,35.25
2021-08-28,9,36,36,36,36,36,0,26.9,1.0,72,0.2,191.6,6,28,8,0.0,1.0,9,False,False,36.0
2021-08-28,10,37,36,41,39,38,0,27.8,1.9,61,0.2,191.6,6,28,8,0.0,1.0,10,False,False,38.25
2021-08-28,11,36,36,39,37,37,0,28.6,2.4,54,0.2,191.6,6,28,8,0.0,1.0,11,False,False,37.0
2021-08-28,12,38,38,38,38,38,0,29.2,2.1,49,0.2,191.6,6,28,8,0.0,1.0,12,False,False,38.0
2021-08-28,13,38,37,37,41,38,0,30.3,1.6,51,0.2,191.6,6,28,8,0.0,1.0,13,False,False,38.25
2021-08-28,14,41,37,37,37,38,0,29.4,1.8,49,0.2,191.6,6,28,8,0.0,1.0,14,False,False,38.0
2021-08-28,15,37,37,38,38,38,0,29.2,1.5,50,0.2,191.6,6,28,8,0.0,1.0,15,False,False,37.5
2021-08-28,16,38,47,52,46,46,0,28.2,1.5,64,0.2,191.6,6,28,8,0.0,1.0,16,False,False,45.75
2021-08-28,17,47,41,0,0,22,0,26.7,1.5,77,0.2,191.6,6,28,8,0.0,1.0,17,False,False,22.0
2021-08-28,18,0,0,0,0,0,0,25.9,0.7,81,0.2,191.6,6,28,8,0.0,1.5,18,False,True,0.0
2021-08-28,19,0,0,0,0,0,0,25.4,0.3,88,0.2,191.6,6,28,8,0.0,1.5,19,False,True,0.0
2021-08-28,20,0,0,0,0,0,0,24.8,1.2,90,0.2,191.6,6,28,8,0.0,1.5,20,False,True,0.0
2021-08-28,21,0,0,0,0,0,0,24.3,1.2,91,0.2,191.6,6,28,8,0.0,1.5,21,False,True,0.0
2021-08-28,22,0,0,0,0,0,0,24.4,1.5,89,0.2,191.6,6,28,8,0.0,1.5,22,False,True,0.0
2021-08-28,23,0,0,0,0,0,0,24.3,1.1,83,0.2,191.6,6,28,8,0.0,1.5,23,False,True,0.0
2021-08-29,0,0,0,0,0,0,0,23.9,0.8,83,0.0,191.6,7,29,8,0.0,1.5,0,False,True,0.0
2021-08-29,1,0,0,0,0,0,0,23.7,0.6,84,0.0,191.6,7,29,8,0.0,1.5,1,False,True,0.0
2021-08-29,2,0,0,0,0,0,0,22.8,1.1,88,0.0,191.6,7,29,8,0.0,1.5,2,False,True,0.0
2021-08-29,3,0,0,0,0,0,0,23.0,1.3,88,0.0,191.6,7,29,8,0.0,1.5,3,False,True,0.0
2021-08-29,4,0,0,0,0,0,0,23.0,0.3,90,0.0,191.6,7,29,8,0.0,1.5,4,False,True,0.0
2021-08-29,5,0,0,0,0,0,0,23.1,1.2,87,0.0,191.6,7,29,8,0.0,1.5,5,False,True,0.0
2021-08-29,6,0,0,0,0,0,0,23.2,0.4,89,0.0,191.6,7,29,8,0.0,1.5,6,False,True,0.0
2021-08-29,7,0,0,0,0,0,0,24.6,1.2,83,0.0,191.6,7,29,8,0.0,1.5,7,False,True,0.0
2021-08-29,8,0,0,0,0,0,0,25.1,0.8,83,0.0,191.6,7,29,8,0.0,1.5,8,False,True,0.0
2021-08-29,9,0,0,0,0,0,0,26.3,0.9,78,0.0,191.6,7,29,8,0.0,1.0,9,False,True,0.0
2021-08-29,10,0,0,0,0,0,0,27.4,1.3,77,0.0,191.6,7,29,8,0.0,1.0,10,False,True,0.0
2021-08-29,11,0,0,41,25,17,0,27.0,1.5,79,0.0,191.6,7,29,8,0.0,1.0,11,False,False,16.5
2021-08-29,12,23,23,21,19,22,0,24.8,1.6,80,0.0,191.6,7,29,8,0.0,1.0,12,False,False,21.5
2021-08-29,13,19,19,19,19,19,0,26.5,1.5,79,0.0,191.6,7,29,8,0.0,1.0,13,False,False,19.0
2021-08-29,14,21,22,22,21,22,0,26.3,0.9,81,0.0,191.6,7,29,8,0.0,1.0,14,False,False,21.5
2021-08-29,15,21,21,21,21,21,0,25.2,1.1,91,0.2,191.6,7,29,8,0.0,1.0,15,False,False,21.0
2021-08-29,16,21,21,21,23,22,0,25.3,1.3,91,0.2,191.6,7,29,8,0.0,1.0,16,False,False,21.5
2021-08-29,17,26,25,26,26,26,0,25.8,0.9,86,0.2,191.6,7,29,8,0.0,1.0,17,False,False,25.75
2021-08-29,18,25,25,24,21,24,0,24.6,0.7,93,0.2,191.6,7,29,8,0.0,1.5,18,False,False,23.75
2021-08-29,19,20,21,21,20,21,0,23.9,1.1,95,0.2,191.6,7,29,8,0.0,1.5,19,False,False,20.5
2021-08-29,20,20,20,20,20,20,0,23.8,0.7,97,0.2,191.6,7,29,8,0.0,1.5,20,False,False,20.0
2021-08-29,21,20,20,20,21,20,0,24.1,2.1,96,0.2,191.6,7,29,8,0.0,1.5,21,False,False,20.25
2021-08-29,22,20,24,23,20,22,0,24.0,1.1,94,0.2,191.6,7,29,8,0.0,1.5,22,False,False,21.75
2021-08-29,23,19,19,21,20,20,0,23.7,0.6,95,0.2,191.6,7,29,8,0.0,1.5,23,False,False,19.75
2021-08-30,0,20,20,20,20,20,0,23.9,1.0,93,0.0,191.6,1,30,8,0.0,1.5,0,False,False,20.0
2021-08-30,1,20,20,20,23,21,0,23.8,1.6,91,0.0,191.6,1,30,8,0.0,1.5,1,False,False,20.75
2021-08-30,2,24,21,20,20,21,0,23.6,1.6,88,0.0,191.6,1,30,8,0.0,1.5,2,False,False,21.25
2021-08-30,3,20,21,19,19,20,0,23.1,0.3,90,0.0,191.6,1,30,8,0.0,1.5,3,False,False,19.75
2021-08-30,4,19,19,20,20,20,0,23.1,1.4,88,0.0,191.6,1,30,8,0.0,1.5,4,False,False,19.5
2021-08-30,5,20,19,19,20,20,0,22.8,1.0,89,0.0,191.6,1,30,8,0.0,1.5,5,False,False,19.5
2021-08-30,6,24,21,20,19,21,0,23.0,0.5,90,0.0,191.6,1,30,8,0.0,1.5,6,False,False,21.0
2021-08-30,7,29,38,59,80,52,0,24.8,1.7,81,0.0,191.6,1,30,8,0.0,1.5,7,False,False,51.5
2021-08-30,8,133,175,177,183,167,879,25.5,1.5,77,0.0,191.6,1,30,8,1.315868263,1.5,8,False,False,167.0
2021-08-30,9,167,158,180,174,170,1343,26.4,1.9,69,0.0,191.6,1,30,8,1.977908689,1.0,9,False,False,169.75
2021-08-30,10,154,180,186,165,171,844,27.1,2.7,64,0.0,191.6,1,30,8,1.232116788,1.0,10,False,False,171.25
2021-08-30,11,166,178,161,180,171,766,27.3,2.3,60,0.0,191.6,1,30,8,1.118248175,1.0,11,False,False,171.25
2021-08-30,12,124,103,96,134,114,448,28.4,1.5,50,0.0,191.6,1,30,8,0.980306346,1.0,12,False,False,114.25
2021-08-30,13,169,177,169,171,172,383,28.5,2.4,58,0.0,191.6,1,30,8,0.558309038,1.0,13,False,False,171.5
2021-08-30,14,164,173,174,172,171,1151,28.1,3.5,54,0.0,191.6,1,30,8,1.685212299,1.0,14,False,False,170.75
2021-08-30,15,141,145,175,177,160,1585,27.5,2.1,62,0.0,191.6,1,30,8,2.484326019,1.0,15,False,False,159.5
2021-08-30,16,171,174,166,169,170,1095,26.5,1.2,66,0.0,191.6,1,30,8,1.610294118,1.0,16,False,False,170.0
2021-08-30,17,127,115,145,172,140,140,26.0,0.2,72,0.0,191.6,1,30,8,0.250447227,1.0,17,False,False,139.75
2021-08-30,18,172,165,164,169,168,579,25.0,1.0,81,0.0,191.6,1,30,8,0.864179104,1.5,18,False,False,167.5
2021-08-30,19,162,150,134,128,144,827,24.7,1.1,79,0.0,191.6,1,30,8,1.440766551,1.5,19,False,False,143.5
2021-08-30,20,117,130,132,131,128,13,23.8,0.5,84,0.0,191.6,1,30,8,0.025490196,1.5,20,False,False,127.5
2021-08-30,21,133,135,123,125,129,54,23.9,0.7,85,0.0,191.6,1,30,8,0.104651163,1.5,21,False,False,129.0
2021-08-30,22,102,116,123,121,116,461,23.6,0.6,85,0.0,191.6,1,30,8,0.997835498,1.5,22,False,False,115.5
2021-08-30,23,115,107,110,89,105,151,23.3,0.8,89,0.0,191.6,1,30,8,0.358669834,1.5,23,False,False,105.25
2021-08-31,0,76,73,71,71,73,204,23.4,0.8,88,0.0,191.6,2,31,8,0.701030928,1.5,0,False,False,72.75
2021-08-31,1,98,106,111,110,106,353,22.9,0.6,94,0.0,191.6,2,31,8,0.830588235,1.5,1,False,False,106.25
2021-08-31,2,114,110,107,102,108,306,22.9,0.2,93,0.0,191.6,2,31,8,0.70669746,1.5,2,False,False,108.25
2021-08-31,3,90,101,104,107,101,378,22.7,1.3,93,0.0,191.6,2,31,8,0.940298507,1.5,3,False,False,100.5
2021-08-31,4,114,114,108,105,110,248,22.9,1.1,92,0.0,191.6,2,31,8,0.562358277,1.5,4,False,False,110.25
2021-08-31,5,84,79,95,114,93,200,22.5,1.2,95,0.0,191.6,2,31,8,0.537634409,1.5,5,False,False,93.0
2021-08-31,6,114,114,112,111,113,266,22.9,1.4,94,0.0,191.6,2,31,8,0.589800443,1.5,6,False,False,112.75
2021-08-31,7,101,105,144,143,123,919,23.5,0.9,92,0.0,191.6,2,31,8,1.864097363,1.5,7,False,False,123.25
2021-08-31,8,159,177,175,157,167,653,24.1,1.3,89,0.0,191.6,2,31,8,0.97754491,1.5,8,False,False,167.0
2021-08-31,9,153,162,175,185,169,942,22.5,2.4,98,0.8,191.6,2,31,8,1.395555556,1.0,9,False,False,168.75
2021-08-31,10,157,187,183,177,176,1026,23.8,1.8,96,1.0,191.6,2,31,8,1.457386364,1.0,10,False,False,176.0
2021-08-31,11,182,159,159,159,165,1255,25.6,1.1,81,1.0,191.6,2,31,8,1.904400607,1.0,11,False,False,164.75
2021-08-31,12,108,97,108,135,112,194,27.7,1.2,68,1.0,191.6,2,31,8,0.433035714,1.0,12,False,False,112.0
2021-08-31,13,163,184,175,173,174,710,26.1,1.9,69,1.0,191.6,2,31,8,1.021582734,1.0,13,False,False,173.75
2021-08-31,14,187,176,186,179,182,1198,25.3,1.5,78,1.0,191.6,2,31,8,1.645604396,1.0,14,False,False,182.0
2021-08-31,15,131,161,170,167,157,1803,25.1,1.3,79,1.0,191.6,2,31,8,2.86645469,1.0,15,False,False,157.25
2021-08-31,16,172,180,162,152,167,2164,24.7,1.3,80,1.0,191.6,2,31,8,3.249249249,1.0,16,False,False,166.5
2021-08-31,17,122,106,134,139,125,350,24.5,1.0,84,1.0,191.6,2,31,8,0.698602794,1.0,17,False,False,125.25
2021-08-31,18,162,154,161,145,156,1029,24.4,1.1,85,1.0,191.6,2,31,8,1.654340836,1.5,18,False,False,155.5
2021-08-31,19,146,137,153,154,148,1381,24.3,0.5,87,1.0,191.6,2,31,8,2.340677966,1.5,19,False,False,147.5
2021-08-31,20,147,152,152,138,147,179,24.1,1.6,86,1.0,191.6,2,31,8,0.303904924,1.5,20,False,False,147.25
2021-08-31,21,132,129,132,129,131,133,23.7,1.3,91,1.0,191.6,2,31,8,0.254789272,1.5,21,False,False,130.5
2021-08-31,22,109,127,127,112,119,366,23.2,1.3,93,1.0,191.6,2,31,8,0.770526316,1.5,22,False,False,118.75
2021-08-31,23,103,128,118,100,112,186,21.8,2.7,94,1.0,191.6,2,31,8,0.414253898,1.5,23,False,False,112.25
2021-09-01,0,83,74,69,68,74,178,21.8,1.7,94,0.0,167.2,3,1,9,0.605442177,1.5,0,False,False,73.5
2021-09-01,1,98,107,117,114,109,1160,21.5,1.5,95,0.0,167.2,3,1,9,2.660550459,1.5,1,False,False,109.0
2021-09-01,2,121,118,111,105,114,414,21.4,1.1,95,0.0,167.2,3,1,9,0.90989011,1.5,2,False,False,113.75
2021-09-01,3,90,103,103,99,99,507,21.3,0.6,97,0.0,167.2,3,1,9,1.283544304,1.5,3,False,False,98.75
2021-09-01,4,114,119,114,114,115,154,20.9,0.6,98,0.0,167.2,3,1,9,0.334056399,1.5,4,False,False,115.25
2021-09-01,5,84,74,97,112,92,248,20.9,0.7,98,0.0,167.2,3,1,9,0.675749319,1.5,5,False,False,91.75
2021-09-01,6,112,115,119,116,116,88,21.1,0.5,98,0.0,167.2,3,1,9,0.19047619,1.5,6,False,False,115.5
2021-09-01,7,106,114,139,135,124,1747,21.3,0.7,98,0.1,167.2,3,1,9,3.536437247,1.5,7,False,False,123.5
2021-09-01,8,148,182,193,198,180,829,21.7,0.0,98,1.4,167.2,3,1,9,1.149791956,1.5,8,False,False,180.25
2021-09-01,9,172,182,189,183,182,1338,22.6,0.3,98,3.6,167.2,3,1,9,1.842975207,1.0,9,False,False,181.5
2021-09-01,10,156,193,196,195,185,806,23.8,2.2,98,3.8,167.2,3,1,9,1.089189189,1.0,10,False,False,185.0
2021-09-01,11,179,176,180,160,174,1677,25.0,2.4,98,5.1,167.2,3,1,9,2.41294964,1.0,11,False,False,173.75
2021-09-01,12,115,105,109,138,117,36,26.6,3.6,89,5.1,167.2,3,1,9,0.077087794,1.0,12,False,False,116.75
2021-09-01,13,172,184,182,190,182,1498,27.9,1.8,82,5.1,167.2,3,1,9,2.057692308,1.0,13,False,False,182.0
2021-09-01,14,186,192,178,180,184,2107,24.7,2.9,91,5.1,167.2,3,1,9,2.862771739,1.0,14,False,False,184.0
2021-09-01,15,159,175,176,182,173,1155,23.7,1.9,92,5.1,167.2,3,1,9,1.669075145,1.0,15,False,False,173.0
2021-09-01,16,165,187,185,165,176,1460,22.6,2.2,93,5.1,167.2,3,1,9,2.07977208,1.0,16,False,False,175.5
2021-09-01,17,113,105,159,180,139,437,21.8,2.8,96,5.5,167.2,3,1,9,0.784560144,1.0,17,False,False,139.25
2021-09-01,18,167,161,158,167,163,1288,20.7,2.1,98,14.9,167.2,3,1,9,1.972434916,1.5,18,False,False,163.25
2021-09-01,19,163,154,157,133,152,1332,20.6,2.1,98,35.8,167.2,3,1,9,2.194398682,1.5,19,False,False,151.75
2021-09-01,20,117,130,130,139,129,379,20.8,1.5,98,36.2,167.2,3,1,9,0.734496124,1.5,20,False,False,129.0
2021-09-01,21,133,133,132,126,131,386,21.1,2.1,98,36.2,167.2,3,1,9,0.736641221,1.5,21,False,False,131.0
2021-09-01,22,108,128,119,122,119,120,21.2,1.7,98,36.2,167.2,3,1,9,0.251572327,1.5,22,False,False,119.25
2021-09-01,23,119,121,111,103,114,294,21.2,1.4,97,36.2,167.2,3,1,9,0.647577093,1.5,23,False,False,113.5
2021-09-02,0,87,79,75,74,79,190,21.1,1.9,98,0.0,167.2,4,2,9,0.603174603,1.5,0,False,False,78.75
2021-09-02,1,102,110,119,116,112,216,21.0,1.7,98,0.3,167.2,4,2,9,0.483221477,1.5,1,False,False,111.75
2021-09-02,2,119,118,109,109,114,367,21.2,2.1,98,2.5,167.2,4,2,9,0.806593407,1.5,2,False,False,113.75
2021-09-02,3,87,107,112,118,106,64,21.3,1.8,98,2.8,167.2,4,2,9,0.150943396,1.5,3,False,False,106.0
2021-09-02,4,120,113,112,111,114,310,21.2,1.1,98,3.1,167.2,4,2,9,0.679824561,1.5,4,False,False,114.0
2021-09-02,5,91,73,101,108,93,320,20.9,1.5,98,3.4,167.2,4,2,9,0.857908847,1.5,5,False,False,93.25
2021-09-02,6,113,114,114,117,115,654,20.6,1.9,98,3.5,167.2,4,2,9,1.427947598,1.5,6,False,False,114.5
2021-09-02,7,128,126,160,151,141,598,20.9,2.5,96,3.5,167.2,4,2,9,1.05840708,1.5,7,False,False,141.25
2021-09-02,8,152,171,170,171,166,811,20.6,1.3,97,3.5,167.2,4,2,9,1.221385542,1.5,8,False,False,166.0
2021-09-02,9,175,163,198,198,184,990,21.2,2.0,92,3.5,167.2,4,2,9,1.348773842,1.0,9,False,False,183.5
2021-09-02,10,163,188,176,188,179,770,21.0,1.3,96,3.6,167.2,4,2,9,1.076923077,1.0,10,False,False,178.75
2021-09-02,11,171,187,182,188,182,661,22.2,1.5,93,4.0,167.2,4,2,9,0.907967033,1.0,11,False,False,182.0
2021-09-02,12,130,99,94,124,112,73,22.7,1.7,81,4.0,167.2,4,2,9,0.163310962,1.0,12,False,False,111.75
2021-09-02,13,168,168,175,183,174,1379,23.3,2.2,73,4.0,167.2,4,2,9,1.9870317,1.0,13,False,False,173.5
2021-09-02,14,195,195,188,190,192,1151,23.0,1.8,74,4.0,167.2,4,2,9,1.498697917,1.0,14,False,False,192.0
2021-09-02,15,154,174,177,176,170,929,22.4,1.4,80,4.0,167.2,4,2,9,1.364170338,1.0,15,False,False,170.25
2021-09-02,16,181,176,171,169,174,1385,22.0,1.3,83,4.0,167.2,4,2,9,1.987087518,1.0,16,False,False,174.25
2021-09-02,17,131,105,140,153,132,1297,20.9,1.8,88,4.2,167.2,4,2,9,2.451795841,1.0,17,False,False,132.25
2021-09-02,18,148,153,167,167,159,4490,20.2,1.2,93,5.2,167.2,4,2,9,7.070866142,1.5,18,False,False,158.75
2021-09-02,19,173,148,173,149,161,1893,20.2,1.1,91,5.2,167.2,4,2,9,2.944012442,1.5,19,False,False,160.75
2021-09-02,20,122,132,143,131,132,82,20.1,1.9,93,5.2,167.2,4,2,9,0.15530303,1.5,20,False,False,132.0
2021-09-02,21,138,130,126,130,131,446,19.8,1.9,98,5.3,167.2,4,2,9,0.851145038,1.5,21,False,False,131.0
2021-09-02,22,103,117,107,129,114,145,19.7,1.6,98,5.3,167.2,4,2,9,0.317982456,1.5,22,False,False,114.0
2021-09-02,23,127,129,123,98,119,130,19.7,1.7,98,5.3,167.2,4,2,9,0.272536688,1.5,23,False,False,119.25
2021-09-03,0,71,69,67,68,69,26,19.7,0.7,98,0.0,167.2,5,3,9,0.094545455,1.5,0,False,False,68.75
2021-09-03,1,97,106,115,119,109,188,19.5,1.5,98,0.0,167.2,5,3,9,0.43020595,1.5,1,False,False,109.25
2021-09-03,2,117,116,111,104,112,402,19.6,1.6,98,0.0,167.2,5,3,9,0.897321429,1.5,2,False,False,112.0
2021-09-03,3,100,111,113,114,110,512,19.8,1.9,97,0.0,167.2,5,3,9,1.168949772,1.5,3,False,False,109.5
2021-09-03,4,111,101,113,103,107,290,19.4,1.9,98,0.1,167.2,5,3,9,0.677570093,1.5,4,False,False,107.0
2021-09-03,5,84,73,105,111,93,122,19.7,2.3,98,0.1,167.2,5,3,9,0.327077748,1.5,5,False,False,93.25
2021-09-03,6,114,112,101,102,107,280,19.4,1.6,98,0.5,167.2,5,3,9,0.652680653,1.5,6,False,False,107.25
2021-09-03,7,119,125,147,144,134,800,19.7,1.5,98,1.0,167.2,5,3,9,1.495327103,1.5,7,False,False,133.75
2021-09-03,8,153,169,179,177,170,706,20.4,2.3,98,1.2,167.2,5,3,9,1.041297935,1.5,8,False,False,169.5
2021-09-03,9,172,169,166,178,171,1005,21.0,1.7,98,1.2,167.2,5,3,9,1.467153285,1.0,9,False,False,171.25
2021-09-03,10,148,167,166,169,163,517,21.3,2.1,98,1.3,167.2,5,3,9,0.795384615,1.0,10,False,False,162.5
2021-09-03,11,187,186,184,190,187,337,21.0,2.6,98,1.7,167.2,5,3,9,0.451137885,1.0,11,False,False,186.75
2021-09-03,12,122,96,92,122,108,372,21.5,3.1,93,1.7,167.2,5,3,9,0.861111111,1.0,12,False,False,108.0
2021-09-03,13,155,170,175,176,169,1240,22.2,2.4,88,1.7,167.2,5,3,9,1.834319527,1.0,13,False,False,169.0
2021-09-03,14,178,176,181,178,178,280,22.2,2.2,89,1.7,167.2,5,3,9,0.392706872,1.0,14,False,False,178.25
2021-09-03,15,140,160,162,152,154,2229,21.4,3.1,91,1.7,167.2,5,3,9,3.63029316,1.0,15,False,False,153.5
2021-09-03,16,165,156,159,165,161,348,21.0,3.0,89,1.7,167.2,5,3,9,0.539534884,1.0,16,False,False,161.25
2021-09-03,17,143,117,156,170,147,51,20.4,2.7,92,1.7,167.2,5,3,9,0.087030717,1.0,17,False,False,146.5
2021-09-03,18,158,155,153,148,154,473,20.2,2.4,91,1.7,167.2,5,3,9,0.770358306,1.5,18,False,False,153.5
2021-09-03,19,156,145,151,119,143,1928,20.7,1.9,91,1.7,167.2,5,3,9,3.376532399,1.5,19,False,False,142.75
2021-09-03,20,114,118,115,114,115,75,21.0,1.9,89,1.7,167.2,5,3,9,0.162689805,1.5,20,False,False,115.25
2021-09-03,21,112,111,113,104,110,42,20.4,2.0,93,1.7,167.2,5,3,9,0.095454545,1.5,21,False,False,110.0
2021-09-03,22,87,102,112,119,105,505,20.4,1.4,95,1.7,167.2,5,3,9,1.202380952,1.5,22,False,False,105.0
2021-09-03,23,112,105,100,87,101,117,20.6,2.4,91,1.7,167.2,5,3,9,0.28960396,1.5,23,False,False,101.0
2021-09-04,0,69,64,61,60,64,156,20.0,0.1,96,0.0,167.2,6,4,9,0.614173228,1.5,0,False,False,63.5
2021-09-04,1,90,114,112,108,106,740,19.8,1.5,97,0.0,167.2,6,4,9,1.745283019,1.5,1,False,False,106.0
2021-09-04,2,101,103,103,107,104,287,19.7,0.5,98,0.0,167.2,6,4,9,0.693236715,1.5,2,False,False,103.5
2021-09-04,3,93,103,98,97,98,509,19.5,1.0,98,0.0,167.2,6,4,9,1.301790281,1.5,3,False,False,97.75
2021-09-04,4,105,112,109,108,109,183,19.4,1.4,98,0.0,167.2,6,4,9,0.421658986,1.5,4,False,False,108.5
2021-09-04,5,83,73,92,105,88,745,19.1,1.7,98,0.0,167.2,6,4,9,2.110481586,1.5,5,False,False,88.25
2021-09-04,6,107,116,111,108,111,118,19.9,1.9,94,0.0,167.2,6,4,9,0.266968326,1.5,6,False,False,110.5
2021-09-04,7,97,84,58,40,70,693,21.1,2.5,88,0.0,167.2,6,4,9,2.483870968,1.5,7,False,False,69.75
2021-09-04,8,37,31,31,31,33,0,22.2,2.7,82,0.0,167.2,6,4,9,0.0,1.5,8,False,False,32.5
2021-09-04,9,32,31,31,32,32,0,23.1,2.3,81,0.0,167.2,6,4,9,0.0,1.0,9,False,False,31.5
2021-09-04,10,32,32,36,34,34,0,24.0,1.9,76,0.0,167.2,6,4,9,0.0,1.0,10,False,False,33.5
2021-09-04,11,32,32,32,32,32,0,24.2,2.4,71,0.0,167.2,6,4,9,0.0,1.0,11,False,False,32.0
2021-09-04,12,33,34,33,32,33,0,24.2,2.8,71,0.0,167.2,6,4,9,0.0,1.0,12,False,False,33.0
2021-09-04,13,32,32,33,37,34,0,23.6,2.9,69,0.0,167.2,6,4,9,0.0,1.0,13,False,False,33.5
2021-09-04,14,35,34,33,33,34,0,24.5,2.1,68,0.0,167.2,6,4,9,0.0,1.0,14,False,False,33.75
2021-09-04,15,33,33,33,33,33,0,23.5,2.5,74,0.0,167.2,6,4,9,0.0,1.0,15,False,False,33.0
2021-09-04,16,33,33,35,43,36,0,23.3,2.9,74,0.0,167.2,6,4,9,0.0,1.0,16,False,False,36.0
2021-09-04,17,40,35,33,31,35,0,22.7,2.5,75,0.0,167.2,6,4,9,0.0,1.0,17,False,False,34.75
2021-09-04,18,29,25,24,24,26,0,21.9,2.7,80,0.0,167.2,6,4,9,0.0,1.5,18,False,False,25.5
2021-09-04,19,25,23,22,23,23,0,22.0,3.2,77,0.0,167.2,6,4,9,0.0,1.5,19,False,False,23.25
2021-09-04,20,22,25,27,25,25,0,22.0,2.7,77,0.0,167.2,6,4,9,0.0,1.5,20,False,False,24.75
2021-09-04,21,22,23,23,22,23,0,21.4,1.6,82,0.0,167.2,6,4,9,0.0,1.5,21,False,False,22.5
2021-09-04,22,22,23,23,23,23,0,20.8,2.3,83,0.0,167.2,6,4,9,0.0,1.5,22,False,False,22.75
2021-09-04,23,22,22,23,23,23,0,20.6,3.0,79,0.0,167.2,6,4,9,0.0,1.5,23,False,False,22.5
2021-09-05,0,22,24,26,24,24,0,20.6,1.4,82,0.0,167.2,7,5,9,0.0,1.5,0,False,False,24.0
2021-09-05,1,22,22,22,22,22,0,20.6,2.3,83,0.0,167.2,7,5,9,0.0,1.5,1,False,False,22.0
2021-09-05,2,22,22,22,22,22,0,20.5,2.3,85,0.0,167.2,7,5,9,0.0,1.5,2,False,False,22.0
2021-09-05,3,22,22,22,22,22,0,20.6,1.6,86,0.0,167.2,7,5,9,0.0,1.5,3,False,False,22.0
2021-09-05,4,23,27,25,22,24,0,20.7,2.1,88,0.0,167.2,7,5,9,0.0,1.5,4,False,False,24.25
2021-09-05,5,22,22,22,22,22,0,20.6,2.5,89,0.0,167.2,7,5,9,0.0,1.5,5,False,False,22.0
2021-09-05,6,22,22,22,22,22,0,21.6,2.3,86,0.0,167.2,7,5,9,0.0,1.5,6,False,False,22.0
2021-09-05,7,22,22,22,22,22,0,22.9,2.7,79,0.0,167.2,7,5,9,0.0,1.5,7,False,False,22.0
2021-09-05,8,25,27,23,23,25,0,22.8,1.8,79,0.0,167.2,7,5,9,0.0,1.5,8,False,False,24.5
2021-09-05,9,22,22,22,23,22,0,23.3,3.0,70,0.0,167.2,7,5,9,0.0,1.0,9,False,False,22.25
2021-09-05,10,22,22,22,22,22,0,24.1,2.9,64,0.0,167.2,7,5,9,0.0,1.0,10,False,False,22.0
2021-09-05,11,22,22,22,22,22,0,24.6,2.7,68,0.0,167.2,7,5,9,0.0,1.0,11,False,False,22.0
2021-09-05,12,26,26,22,22,24,0,23.5,2.1,69,0.0,167.2,7,5,9,0.0,1.0,12,False,False,24.0
2021-09-05,13,23,22,22,22,22,0,23.7,1.4,69,0.0,167.2,7,5,9,0.0,1.0,13,False,False,22.25
2021-09-05,14,23,23,23,23,23,0,24.1,1.7,69,0.0,167.2,7,5,9,0.0,1.0,14,False,False,23.0
2021-09-05,15,23,23,23,28,24,0,23.6,2.5,76,0.0,167.2,7,5,9,0.0,1.0,15,False,False,24.25
2021-09-05,16,25,23,23,22,23,0,23.1,2.3,77,0.0,167.2,7,5,9,0.0,1.0,16,False,False,23.25
2021-09-05,17,22,23,22,23,23,0,22.6,1.7,81,0.0,167.2,7,5,9,0.0,1.0,17,False,False,22.5
2021-09-05,18,22,22,22,22,22,0,22.1,1.6,82,0.0,167.2,7,5,9,0.0,1.5,18,False,False,22.0
2021-09-05,19,23,24,27,23,24,0,21.9,1.8,83,0.0,167.2,7,5,9,0.0,1.5,19,False,False,24.25
2021-09-05,20,23,23,23,23,23,0,21.6,1.7,84,0.0,167.2,7,5,9,0.0,1.5,20,False,False,23.0
2021-09-05,21,22,23,23,22,23,0,21.5,2.1,84,0.0,167.2,7,5,9,0.0,1.5,21,False,False,22.5
2021-09-05,22,23,22,23,27,24,0,21.3,2.4,88,0.0,167.2,7,5,9,0.0,1.5,22,False,False,23.75
2021-09-05,23,24,23,23,22,23,0,21.4,1.8,88,0.0,167.2,7,5,9,0.0,1.5,23,False,False,23.0
2021-09-06,0,21,22,22,22,22,0,20.6,1.9,96,0.1,167.2,1,6,9,0.0,1.5,0,False,False,21.75
2021-09-06,1,22,22,22,22,22,0,20.7,1.3,98,0.2,167.2,1,6,9,0.0,1.5,1,False,False,22.0
2021-09-06,2,22,27,25,22,24,0,20.6,1.5,98,0.4,167.2,1,6,9,0.0,1.5,2,False,False,24.0
2021-09-06,3,22,22,22,22,22,0,20.8,2.6,98,0.5,167.2,1,6,9,0.0,1.5,3,False,False,22.0
2021-09-06,4,22,22,22,22,22,0,20.9,2.9,98,0.8,167.2,1,6,9,0.0,1.5,4,False,False,22.0
2021-09-06,5,22,22,22,24,23,0,21.7,2.9,93,0.8,167.2,1,6,9,0.0,1.5,5,False,False,22.5
2021-09-06,6,26,23,22,24,24,0,22.4,2.0,89,0.8,167.2,1,6,9,0.0,1.5,6,False,False,23.75
2021-09-06,7,29,38,61,81,52,0,22.3,2.0,89,0.8,167.2,1,6,9,0.0,1.5,7,False,False,52.25
2021-09-06,8,157,170,180,176,171,158,23.3,3.0,84,0.8,167.2,1,6,9,0.231332357,1.5,8,False,False,170.75
2021-09-06,9,165,148,151,165,157,976,23.6,3.2,80,0.8,167.2,1,6,9,1.551669316,1.0,9,False,False,157.25
2021-09-06,10,144,190,175,174,171,615,24.6,3.1,76,0.8,167.2,1,6,9,0.900439239,1.0,10,False,False,170.75
2021-09-06,11,176,180,175,172,176,2362,23.9,3.2,75,0.8,167.2,1,6,9,3.359886202,1.0,11,False,False,175.75
2021-09-06,12,119,98,93,124,109,800,24.7,3.8,73,0.8,167.2,1,6,9,1.843317972,1.0,12,False,False,108.5
2021-09-06,13,150,163,164,161,160,1112,24.4,3.5,74,0.8,167.2,1,6,9,1.742946708,1.0,13,False,False,159.5
2021-09-06,14,159,163,156,161,160,3967,23.6,3.0,76,0.8,167.2,1,6,9,6.208137715,1.0,14,False,False,159.75
2021-09-06,15,134,158,171,168,158,1044,23.5,2.7,75,0.8,167.2,1,6,9,1.65451664,1.0,15,False,False,157.75
2021-09-06,16,152,143,145,144,146,2139,23.2,2.8,75,0.8,167.2,1,6,9,3.662671233,1.0,16,False,False,146.0
2021-09-06,17,115,102,148,147,128,499,22.7,1.9,78,0.8,167.2,1,6,9,0.974609375,1.0,17,False,False,128.0
2021-09-06,18,153,154,150,152,152,963,22.5,1.4,79,0.8,167.2,1,6,9,1.581280788,1.5,18,False,False,152.25
2021-09-06,19,145,136,137,121,135,1591,22.3,1.6,79,0.8,167.2,1,6,9,2.951762523,1.5,19,False,False,134.75
2021-09-06,20,121,128,117,116,121,120,22.4,1.2,80,0.8,167.2,1,6,9,0.248962656,1.5,20,False,False,120.5
2021-09-06,21,133,123,114,121,123,26,22.4,1.2,82,0.8,167.2,1,6,9,0.052953157,1.5,21,False,False,122.75
2021-09-06,22,105,114,108,112,110,39,22.5,0.6,79,0.8,167.2,1,6,9,0.088838269,1.5,22,False,False,109.75
2021-09-06,23,108,118,109,79,104,217,22.2,1.5,81,0.8,167.2,1,6,9,0.524154589,1.5,23,False,False,103.5
2021-09-07,0,74,71,70,71,72,0,22.2,1.2,84,0.0,167.2,2,7,9,0.0,1.5,0,False,False,71.5
2021-09-07,1,93,106,116,121,109,54,21.8,1.6,89,0.0,167.2,2,7,9,0.123853211,1.5,1,False,False,109.0
2021-09-07,2,118,107,108,112,111,258,21.4,1.2,93,0.0,167.2,2,7,9,0.579775281,1.5,2,False,False,111.25
2021-09-07,3,100,123,112,102,109,304,21.0,2.3,98,0.1,167.2,2,7,9,0.695652174,1.5,3,False,False,109.25
2021-09-07,4,97,98,119,120,109,0,20.7,1.8,98,0.5,167.2,2,7,9,0.0,1.5,4,False,False,108.5
2021-09-07,5,83,80,103,116,96,150,20.6,1.6,98,1.8,167.2,2,7,9,0.392670157,1.5,5,False,False,95.5
2021-09-07,6,107,108,119,124,115,205,20.7,2.5,98,1.8,167.2,2,7,9,0.447598253,1.5,6,False,False,114.5
2021-09-07,7,121,137,160,143,140,548,21.1,2.2,98,1.8,167.2,2,7,9,0.976827094,1.5,7,False,False,140.25
2021-09-07,8,153,171,177,192,173,1236,21.7,0.8,98,1.8,167.2,2,7,9,1.783549784,1.5,8,False,False,173.25
2021-09-07,9,168,174,169,168,170,1727,22.1,0.6,98,1.8,167.2,2,7,9,2.543446244,1.0,9,False,False,169.75
2021-09-07,10,142,164,173,178,164,1118,23.3,0.6,98,1.8,167.2,2,7,9,1.701674277,1.0,10,False,False,164.25
2021-09-07,11,168,171,174,183,174,1540,24.5,1.3,87,1.8,167.2,2,7,9,2.212643678,1.0,11,False,False,174.0
2021-09-07,12,120,102,101,140,116,1184,26.9,2.2,77,1.8,167.2,2,7,9,2.557235421,1.0,12,False,False,115.75
2021-09-07,13,188,189,184,162,181,1548,27.3,3.4,73,1.8,167.2,2,7,9,2.141078838,1.0,13,False,False,180.75
2021-09-07,14,178,171,191,188,182,1395,26.5,2.9,78,1.8,167.2,2,7,9,1.916208791,1.0,14,False,False,182.0
2021-09-07,15,148,172,174,170,166,751,26.1,3.1,84,1.8,167.2,2,7,9,1.131024096,1.0,15,False,False,166.0
2021-09-07,16,161,167,160,152,160,1375,26.3,1.7,88,1.8,167.2,2,7,9,2.1484375,1.0,16,False,False,160.0
2021-09-07,17,124,109,145,161,135,606,26.3,2.7,88,1.8,167.2,2,7,9,1.124304267,1.0,17,False,False,134.75
2021-09-07,18,165,160,147,150,156,685,25.8,1.4,91,1.8,167.2,2,7,9,1.101286174,1.5,18,False,False,155.5
2021-09-07,19,158,148,157,146,152,1376,25.4,0.8,93,1.8,167.2,2,7,9,2.259441708,1.5,19,False,False,152.25
2021-09-07,20,124,134,136,141,134,201,25.6,2.5,90,1.8,167.2,2,7,9,0.375700935,1.5,20,False,False,133.75
2021-09-07,21,133,134,127,130,131,78,25.5,2.2,85,1.8,167.2,2,7,9,0.148854962,1.5,21,False,False,131.0
2021-09-07,22,104,122,122,113,115,12,24.9,1.6,85,1.8,167.2,2,7,9,0.026030369,1.5,22,False,False,115.25
2021-09-07,23,117,126,110,90,111,73,25.2,1.5,79,1.8,167.2,2,7,9,0.164785553,1.5,23,False,False,110.75
2021-09-08,0,78,72,69,70,72,0,24.4,1.8,83,0.0,167.2,3,8,9,0.0,1.5,0,False,False,72.25
2021-09-08,1,100,112,115,114,110,687,23.2,0.9,93,0.0,167.2,3,8,9,1.557823129,1.5,1,False,False,110.25
2021-09-08,2,115,115,126,117,118,109,22.8,0.8,93,0.0,167.2,3,8,9,0.230443975,1.5,2,False,False,118.25
2021-09-08,3,96,110,120,122,112,177,22.7,1.0,96,0.0,167.2,3,8,9,0.395089286,1.5,3,False,False,112.0
2021-09-08,4,113,113,116,111,113,110,22.3,1.0,94,0.0,167.2,3,8,9,0.242825607,1.5,4,False,False,113.25
2021-09-08,5,89,82,106,109,97,120,22.2,1.6,90,0.0,167.2,3,8,9,0.310880829,1.5,5,False,False,96.5
2021-09-08,6,110,118,123,119,118,233,22.3,1.5,86,0.0,167.2,3,8,9,0.495744681,1.5,6,False,False,117.5
2021-09-08,7,115,139,154,133,135,2206,22.3,1.9,90,0.0,167.2,3,8,9,4.077634011,1.5,7,False,False,135.25
2021-09-08,8,150,181,178,173,171,476,23.3,1.6,83,0.0,167.2,3,8,9,0.697947214,1.5,8,False,False,170.5
2021-09-08,9,160,163,160,158,160,1154,23.4,1.5,82,0.0,167.2,3,8,9,1.800312012,1.0,9,False,False,160.25
2021-09-08,10,134,160,156,159,152,1369,25.5,2.2,69,0.0,167.2,3,8,9,2.247947455,1.0,10,False,False,152.25
2021-09-08,11,158,167,168,132,156,857,26.5,2.6,65,0.0,167.2,3,8,9,1.3712,1.0,11,False,False,156.25
2021-09-08,12,0,0,36,63,25,3,25.1,2.2,78,0.0,167.2,3,8,9,0.03030303,1.0,12,False,False,24.75
2021-09-08,13,140,144,160,165,152,1160,25.6,2.2,74,0.0,167.2,3,8,9,1.904761905,1.0,13,False,False,152.25
2021-09-08,14,178,166,161,155,165,6214,25.7,2.6,74,0.0,167.2,3,8,9,9.415151515,1.0,14,False,False,165.0
2021-09-08,15,131,171,174,183,165,1042,24.7,2.8,77,0.0,167.2,3,8,9,1.581183612,1.0,15,False,False,164.75
2021-09-08,16,170,163,164,165,166,513,23.9,2.1,84,0.0,167.2,3,8,9,0.774924471,1.0,16,False,False,165.5
2021-09-08,17,124,109,162,182,144,616,23.4,1.7,86,0.0,167.2,3,8,9,1.067590988,1.0,17,False,False,144.25
2021-09-08,18,168,170,153,163,164,737,22.9,1.7,89,0.0,167.2,3,8,9,1.126911315,1.5,18,False,False,163.5
2021-09-08,19,162,163,156,120,150,2621,22.7,1.0,90,0.0,167.2,3,8,9,4.361064892,1.5,19,False,False,150.25
2021-09-08,20,97,98,111,107,103,175,22.0,0.3,92,0.0,167.2,3,8,9,0.423728814,1.5,20,False,False,103.25
2021-09-08,21,114,123,127,123,122,17,21.3,0.7,96,0.0,167.2,3,8,9,0.034907598,1.5,21,False,False,121.75
2021-09-08,22,92,110,116,104,106,144,21.9,0.8,94,0.0,167.2,3,8,9,0.341232227,1.5,22,False,False,105.5
2021-09-08,23,99,110,111,83,101,91,21.3,1.7,96,0.0,167.2,3,8,9,0.225806452,1.5,23,False,False,100.75
2021-09-09,0,79,71,68,68,72,0,20.7,1.7,98,0.0,167.2,4,9,9,0.0,1.5,0,False,False,71.5
2021-09-09,1,95,99,94,98,97,222,19.6,0.1,98,0.0,167.2,4,9,9,0.575129534,1.5,1,False,False,96.5
2021-09-09,2,104,114,111,112,110,72,19.7,0.7,98,0.0,167.2,4,9,9,0.163265306,1.5,2,False,False,110.25
2021-09-09,3,103,106,112,116,109,2,19.3,0.5,98,0.0,167.2,4,9,9,0.004576659,1.5,3,False,False,109.25
2021-09-09,4,113,114,105,97,107,69,19.3,1.9,98,0.0,167.2,4,9,9,0.160839161,1.5,4,False,False,107.25
2021-09-09,5,81,78,99,109,92,26,19.2,1.1,98,0.0,167.2,4,9,9,0.070844687,1.5,5,False,False,91.75
2021-09-09,6,117,119,121,119,119,346,20.1,2.1,98,0.0,167.2,4,9,9,0.726890756,1.5,6,False,False,119.0
2021-09-09,7,117,139,152,147,139,2056,20.9,1.6,98,0.0,167.2,4,9,9,3.704504505,1.5,7,False,False,138.75
2021-09-09,8,155,168,178,187,172,434,22.4,1.0,90,0.0,167.2,4,9,9,0.630813953,1.5,8,False,False,172.0
2021-09-09,9,173,176,165,165,170,1125,23.5,1.4,81,0.0,167.2,4,9,9,1.656848306,1.0,9,False,False,169.75
2021-09-09,10,134,159,159,169,155,1248,24.8,1.2,72,0.0,167.2,4,9,9,2.009661836,1.0,10,False,False,155.25
2021-09-09,11,159,172,190,176,174,688,26.3,0.8,66,0.0,167.2,4,9,9,0.987087518,1.0,11,False,False,174.25
2021-09-09,12,124,97,93,129,111,194,26.7,1.7,64,0.0,167.2,4,9,9,0.437923251,1.0,12,False,False,110.75
2021-09-09,13,168,176,172,167,171,1542,26.4,1.4,66,0.0,167.2,4,9,9,2.257686676,1.0,13,False,False,170.75
2021-09-09,14,166,163,168,164,165,2666,26.8,1.5,58,0.0,167.2,4,9,9,4.033282905,1.0,14,False,False,165.25
2021-09-09,15,143,179,183,185,173,888,26.7,2.2,65,0.0,167.2,4,9,9,1.286956522,1.0,15,False,False,172.5
2021-09-09,16,168,155,150,168,160,950,25.2,2.1,72,0.0,167.2,4,9,9,1.482059282,1.0,16,False,False,160.25
2021-09-09,17,126,114,153,168,140,494,24.4,1.6,79,0.0,167.2,4,9,9,0.88057041,1.0,17,False,False,140.25
2021-09-09,18,172,155,153,169,162,1136,23.4,1.2,87,0.0,167.2,4,9,9,1.750385208,1.5,18,False,False,162.25
2021-09-09,19,158,140,145,126,142,2702,23.1,1.5,88,0.0,167.2,4,9,9,4.748681898,1.5,19,False,False,142.25
2021-09-09,20,118,134,129,132,128,2,22.9,0.7,91,0.0,167.2,4,9,9,0.003898635,1.5,20,False,False,128.25
2021-09-09,21,127,120,129,134,128,84,22.5,1.0,92,0.0,167.2,4,9,9,0.164705882,1.5,21,False,False,127.5
2021-09-09,22,112,118,106,101,109,30,22.8,1.7,92,0.0,167.2,4,9,9,0.068649886,1.5,22,False,False,109.25
2021-09-09,23,115,114,116,91,109,186,22.0,0.3,96,0.0,167.2,4,9,9,0.426605505,1.5,23,False,False,109.0
2021-09-10,0,83,78,74,73,77,0,21.6,1.3,97,0.0,167.2,5,10,9,0.0,1.5,0,False,False,77.0
2021-09-10,1,94,102,103,109,102,270,20.9,0.3,98,0.0,167.2,5,10,9,0.661764706,1.5,1,False,False,102.0
2021-09-10,2,116,118,116,97,112,143,21.1,1.8,98,0.0,167.2,5,10,9,0.319910515,1.5,2,False,False,111.75
2021-09-10,3,87,109,116,113,106,144,20.5,1.4,98,0.0,167.2,5,10,9,0.338823529,1.5,3,False,False,106.25
2021-09-10,4,117,112,106,96,108,125,20.4,0.0,98,0.0,167.2,5,10,9,0.290023202,1.5,4,False,False,107.75
2021-09-10,5,85,80,95,107,92,13,20.3,0.8,98,0.0,167.2,5,10,9,0.035422343,1.5,5,False,False,91.75
2021-09-10,6,118,110,107,109,111,54,20.7,0.3,98,0.0,167.2,5,10,9,0.121621622,1.5,6,False,False,111.0
2021-09-10,7,111,117,150,149,132,1777,21.0,1.1,98,0.1,167.2,5,10,9,3.371916509,1.5,7,False,False,131.75
2021-09-10,8,172,187,169,192,180,196,21.9,0.9,91,0.1,167.2,5,10,9,0.272222222,1.5,8,False,False,180.0
2021-09-10,9,182,171,179,204,184,1038,21.8,1.5,95,0.2,167.2,5,10,9,1.410326087,1.0,9,False,False,184.0
2021-09-10,10,155,181,166,168,168,1409,21.9,0.6,92,0.2,167.2,5,10,9,2.102985075,1.0,10,False,False,167.5
2021-09-10,11,177,179,180,188,181,1647,23.2,1.3,86,0.2,167.2,5,10,9,2.274861878,1.0,11,False,False,181.0
2021-09-10,12,128,107,104,126,116,480,24.2,1.6,77,0.2,167.2,5,10,9,1.032258065,1.0,12,False,False,116.25
2021-09-10,13,164,179,187,191,180,838,24.9,3.0,69,0.2,167.2,5,10,9,1.162274619,1.0,13,False,False,180.25
2021-09-10,14,190,174,180,168,178,968,25.5,2.2,68,0.2,167.2,5,10,9,1.359550562,1.0,14,False,False,178.0
2021-09-10,15,143,172,191,176,171,1214,25.3,2.6,67,0.2,167.2,5,10,9,1.780058651,1.0,15,False,False,170.5
2021-09-10,16,171,166,153,166,164,5858,24.7,0.7,71,0.2,167.2,5,10,9,8.929878049,1.0,16,False,False,164.0
2021-09-10,17,129,118,148,157,138,261,24.0,3.1,77,0.2,167.2,5,10,9,0.472826087,1.0,17,False,False,138.0
2021-09-10,18,151,151,154,162,155,774,23.4,2.9,77,0.2,167.2,5,10,9,1.252427184,1.5,18,False,False,154.5
2021-09-10,19,145,143,148,131,142,1387,22.2,1.0,86,0.2,167.2,5,10,9,2.446208113,1.5,19,False,False,141.75
2021-09-10,20,114,121,110,119,116,3,22.1,1.1,86,0.2,167.2,5,10,9,0.006465517,1.5,20,False,False,116.0
2021-09-10,21,122,126,111,107,117,9,22.0,0.8,84,0.2,167.2,5,10,9,0.019313305,1.5,21,False,False,116.5
2021-09-10,22,92,102,109,106,102,157,21.6,0.7,85,0.2,167.2,5,10,9,0.383863081,1.5,22,False,False,102.25
2021-09-10,23,105,91,83,72,88,24,21.5,0.5,85,0.2,167.2,5,10,9,0.068376068,1.5,23,False,False,87.75
2021-09-11,0,69,62,58,55,61,0,21.2,2.0,86,0.0,167.2,6,11,9,0.0,1.5,0,False,False,61.0
2021-09-11,1,76,100,105,105,97,4,20.3,1.1,89,0.0,167.2,6,11,9,0.010362694,1.5,1,False,False,96.5
2021-09-11,2,99,96,92,93,95,155,20.5,1.5,91,0.0,167.2,6,11,9,0.407894737,1.5,2,False,False,95.0
2021-09-11,3,74,96,107,100,94,0,19.3,0.3,97,0.0,167.2,6,11,9,0.0,1.5,3,False,False,94.25
2021-09-11,4,93,92,87,85,89,144,20.1,1.5,93,0.0,167.2,6,11,9,0.403361345,1.5,4,False,False,89.25
2021-09-11,5,74,67,90,98,82,48,20.1,1.4,93,0.0,167.2,6,11,9,0.145896657,1.5,5,False,False,82.25
2021-09-11,6,97,82,85,79,86,104,21.3,1.7,89,0.0,167.2,6,11,9,0.303206997,1.5,6,False,False,85.75
2021-09-11,7,73,61,43,27,51,1718,23.7,1.2,83,0.0,167.2,6,11,9,8.421568627,1.5,7,False,False,51.0
2021-09-11,8,23,23,23,22,23,0,24.3,1.9,76,0.0,167.2,6,11,9,0.0,1.5,8,False,False,22.75
2021-09-11,9,23,22,23,23,23,0,25.6,3.1,72,0.0,167.2,6,11,9,0.0,1.0,9,False,False,22.75
2021-09-11,10,22,22,23,22,22,0,26.7,2.2,67,0.0,167.2,6,11,9,0.0,1.0,10,False,False,22.25
2021-09-11,11,22,23,23,23,23,0,28.3,1.5,60,0.0,167.2,6,11,9,0.0,1.0,11,False,False,22.75
2021-09-11,12,23,24,28,24,25,0,27.9,1.7,63,0.0,167.2,6,11,9,0.0,1.0,12,False,False,24.75
2021-09-11,13,22,25,23,23,23,0,28.7,2.0,62,0.0,167.2,6,11,9,0.0,1.0,13,False,False,23.25
2021-09-11,14,22,23,24,23,23,0,27.9,2.3,65,0.0,167.2,6,11,9,0.0,1.0,14,False,False,23.0
2021-09-11,15,23,24,24,24,24,0,27.5,2.0,64,0.0,167.2,6,11,9,0.0,1.0,15,False,False,23.75
2021-09-11,16,23,24,24,23,24,0,26.5,1.3,68,0.0,167.2,6,11,9,0.0,1.0,16,False,False,23.5
2021-09-11,17,24,23,23,23,23,0,25.7,1.2,69,0.0,167.2,6,11,9,0.0,1.0,17,False,False,23.25
2021-09-11,18,24,23,24,22,23,0,23.9,1.0,80,0.0,167.2,6,11,9,0.0,1.5,18,False,False,23.25
2021-09-11,19,24,28,25,24,25,0,23.5,0.8,85,0.0,167.2,6,11,9,0.0,1.5,19,False,False,25.25
2021-09-11,20,23,24,22,24,23,0,22.4,0.9,92,0.0,167.2,6,11,9,0.0,1.5,20,False,False,23.25
2021-09-11,21,24,23,23,23,23,0,22.1,1.3,94,0.0,167.2,6,11,9,0.0,1.5,21,False,False,23.25
2021-09-11,22,23,23,24,23,23,0,21.0,0.0,96,0.0,167.2,6,11,9,0.0,1.5,22,False,False,23.25
2021-09-11,23,23,23,22,23,23,0,21.0,2.0,98,0.0,167.2,6,11,9,0.0,1.5,23,False,False,22.75
2021-09-12,0,23,23,23,22,23,0,20.9,1.5,98,0.0,167.2,7,12,9,0.0,1.5,0,False,False,22.75
2021-09-12,1,22,22,23,24,23,0,20.2,0.6,98,0.0,167.2,7,12,9,0.0,1.5,1,False,False,22.75
2021-09-12,2,27,23,22,23,24,0,19.8,0.2,98,0.0,167.2,7,12,9,0.0,1.5,2,False,False,23.75
2021-09-12,3,22,23,23,22,23,0,19.5,1.1,98,0.0,167.2,7,12,9,0.0,1.5,3,False,False,22.5
2021-09-12,4,23,23,23,23,23,0,19.5,1.0,98,0.0,167.2,7,12,9,0.0,1.5,4,False,False,23.0
2021-09-12,5,23,23,23,23,23,0,20.2,1.9,98,0.0,167.2,7,12,9,0.0,1.5,5,False,False,23.0
2021-09-12,6,22,23,23,23,23,0,20.7,2.0,96,0.0,167.2,7,12,9,0.0,1.5,6,False,False,22.75
2021-09-12,7,23,22,23,23,23,0,22.9,1.3,88,0.0,167.2,7,12,9,0.0,1.5,7,False,False,22.75
2021-09-12,8,28,25,23,23,25,0,24.3,2.0,79,0.0,167.2,7,12,9,0.0,1.5,8,False,False,24.75
2021-09-12,9,24,23,23,22,23,0,25.9,1.9,66,0.0,167.2,7,12,9,0.0,1.0,9,False,False,23.0
2021-09-12,10,23,22,24,23,23,0,27.3,3.3,60,0.0,167.2,7,12,9,0.0,1.0,10,False,False,23.0
2021-09-12,11,23,23,22,22,23,0,28.1,2.2,57,0.0,167.2,7,12,9,0.0,1.0,11,False,False,22.5
2021-09-12,12,23,23,23,22,23,0,27.5,3.5,46,0.0,167.2,7,12,9,0.0,1.0,12,False,False,22.75
2021-09-12,13,23,23,23,23,23,0,27.3,2.9,51,0.0,167.2,7,12,9,0.0,1.0,13,False,False,23.0
2021-09-12,14,22,23,27,28,25,0,26.8,2.6,57,0.0,167.2,7,12,9,0.0,1.0,14,False,False,25.0
2021-09-12,15,23,24,23,23,23,0,25.9,2.0,74,0.0,167.2,7,12,9,0.0,1.0,15,False,False,23.25
2021-09-12,16,23,24,24,23,24,0,25.1,1.7,76,0.0,167.2,7,12,9,0.0,1.0,16,False,False,23.5
2021-09-12,17,23,23,23,23,23,0,24.1,2.3,81,0.0,167.2,7,12,9,0.0,1.0,17,False,False,23.0
2021-09-12,18,23,22,24,23,23,0,23.7,2.3,81,0.0,167.2,7,12,9,0.0,1.5,18,False,False,23.0
2021-09-12,19,22,23,23,24,23,0,23.2,1.3,78,0.0,167.2,7,12,9,0.0,1.5,19,False,False,23.0
2021-09-12,20,23,23,24,23,23,0,22.6,1.1,81,0.0,167.2,7,12,9,0.0,1.5,20,False,False,23.25
2021-09-12,21,23,24,25,28,25,0,22.5,1.3,84,0.0,167.2,7,12,9,0.0,1.5,21,False,False,25.0
2021-09-12,22,22,24,23,23,23,0,22.3,1.8,85,0.0,167.2,7,12,9,0.0,1.5,22,False,False,23.0
2021-09-12,23,24,22,22,23,23,0,22.3,1.4,85,0.0,167.2,7,12,9,0.0,1.5,23,False,False,22.75
2021-09-13,0,23,23,22,23,23,0,22.2,1.2,86,0.0,167.2,1,13,9,0.0,1.5,0,False,False,22.75
2021-09-13,1,22,22,23,23,23,0,22.3,1.3,89,0.0,167.2,1,13,9,0.0,1.5,1,False,False,22.5
2021-09-13,2,23,23,22,23,23,0,22.2,1.4,90,0.0,167.2,1,13,9,0.0,1.5,2,False,False,22.75
2021-09-13,3,23,23,23,25,24,0,22.4,1.7,89,0.0,167.2,1,13,9,0.0,1.5,3,False,False,23.5
2021-09-13,4,28,23,23,23,24,0,22.6,2.5,86,0.0,167.2,1,13,9,0.0,1.5,4,False,False,24.25
2021-09-13,5,23,23,23,22,23,0,22.5,1.6,86,0.0,167.2,1,13,9,0.0,1.5,5,False,False,22.75
2021-09-13,6,23,23,22,24,23,0,22.6,1.8,84,0.0,167.2,1,13,9,0.0,1.5,6,False,False,23.0
2021-09-13,7,24,40,78,111,63,196,23.3,2.2,80,0.0,167.2,1,13,9,0.774703557,1.5,7,False,False,63.25
2021-09-13,8,166,186,191,196,185,630,23.6,2.7,78,0.0,167.2,1,13,9,0.852503383,1.5,8,False,False,184.75
2021-09-13,9,187,188,182,173,183,1043,24.4,2.9,75,0.0,167.2,1,13,9,1.428767123,1.0,9,False,False,182.5
2021-09-13,10,156,186,189,177,177,1924,23.9,3.2,75,0.0,167.2,1,13,9,2.717514124,1.0,10,False,False,177.0
2021-09-13,11,178,177,181,191,182,946,24.3,3.7,72,0.0,167.2,1,13,9,1.301237964,1.0,11,False,False,181.75
2021-09-13,12,130,106,103,129,117,20,24.3,2.8,72,0.0,167.2,1,13,9,0.042735043,1.0,12,False,False,117.0
2021-09-13,13,173,183,191,188,184,1996,24.6,2.2,72,0.0,167.2,1,13,9,2.715646259,1.0,13,False,False,183.75
2021-09-13,14,177,182,178,182,180,1018,24.2,2.6,71,0.0,167.2,1,13,9,1.415855355,1.0,14,False,False,179.75
2021-09-13,15,158,177,169,166,168,1138,23.7,3.1,74,0.0,167.2,1,13,9,1.698507463,1.0,15,False,False,167.5
2021-09-13,16,167,167,182,182,175,982,23.4,1.7,74,0.0,167.2,1,13,9,1.406876791,1.0,16,False,False,174.5
2021-09-13,17,122,98,149,160,132,435,22.7,2.2,76,0.0,167.2,1,13,9,0.822306238,1.0,17,False,False,132.25
2021-09-13,18,162,146,135,136,145,584,22.4,1.6,78,0.0,167.2,1,13,9,1.008635579,1.5,18,False,False,144.75
2021-09-13,19,162,160,148,122,148,2820,22.3,2.1,78,0.0,167.2,1,13,9,4.763513514,1.5,19,False,False,148.0
2021-09-13,20,113,122,122,126,121,14,22.2,1.3,78,0.0,167.2,1,13,9,0.028985507,1.5,20,False,False,120.75
2021-09-13,21,122,131,122,115,123,72,21.9,1.9,77,0.0,167.2,1,13,9,0.146938776,1.5,21,False,False,122.5
2021-09-13,22,97,108,122,113,110,11,21.7,1.4,77,0.0,167.2,1,13,9,0.025,1.5,22,False,False,110.0
2021-09-13,23,111,123,110,87,108,345,21.4,1.4,80,0.0,167.2,1,13,9,0.800464037,1.5,23,False,False,107.75
2021-09-14,0,72,70,70,67,70,128,21.9,1.6,80,0.0,167.2,2,14,9,0.458781362,1.5,0,False,False,69.75
2021-09-14,1,98,116,113,113,110,45,21.8,1.5,81,0.0,167.2,2,14,9,0.102272727,1.5,1,False,False,110.0
2021-09-14,2,115,111,110,110,112,479,22.2,2.0,80,0.0,167.2,2,14,9,1.073991031,1.5,2,False,False,111.5
2021-09-14,3,97,105,103,114,105,93,22.5,2.6,81,0.0,167.2,2,14,9,0.221957041,1.5,3,False,False,104.75
2021-09-14,4,114,115,110,105,111,255,21.1,1.9,94,0.0,167.2,2,14,9,0.574324324,1.5,4,False,False,111.0
2021-09-14,5,84,74,100,115,93,76,21.5,3.1,85,0.0,167.2,2,14,9,0.203753351,1.5,5,False,False,93.25
2021-09-14,6,111,109,100,112,108,1228,21.3,2.8,85,0.0,167.2,2,14,9,2.842592593,1.5,6,False,False,108.0
2021-09-14,7,115,134,155,156,140,1110,21.7,3.3,83,0.0,167.2,2,14,9,1.982142857,1.5,7,False,False,140.0
2021-09-14,8,162,176,184,172,174,432,21.8,2.9,81,0.0,167.2,2,14,9,0.622478386,1.5,8,False,False,173.5
2021-09-14,9,162,160,163,178,166,1672,21.3,2.9,95,0.0,167.2,2,14,9,2.521870287,1.0,9,False,False,165.75
2021-09-14,10,143,155,161,150,152,840,21.2,2.9,98,2.1,167.2,2,14,9,1.379310345,1.0,10,False,False,152.25
2021-09-14,11,155,164,180,180,170,2099,21.5,3.3,98,4.0,167.2,2,14,9,3.091310751,1.0,11,False,False,169.75
2021-09-14,12,135,111,103,123,118,2791,21.0,2.8,98,6.2,167.2,2,14,9,5.913135593,1.0,12,False,False,118.0
2021-09-14,13,149,165,165,173,163,1109,21.3,2.5,97,7.1,167.2,2,14,9,1.700920245,1.0,13,False,False,163.0
2021-09-14,14,161,162,154,156,158,1023,21.5,2.9,92,7.2,167.2,2,14,9,1.616113744,1.0,14,False,False,158.25
2021-09-14,15,132,169,175,168,161,1178,20.6,1.5,98,8.6,167.2,2,14,9,1.829192547,1.0,15,False,False,161.0
2021-09-14,16,164,165,156,153,160,1395,21.7,2.5,95,9.1,167.2,2,14,9,2.186520376,1.0,16,False,False,159.5
2021-09-14,17,117,94,133,146,123,230,21.8,2.8,91,9.1,167.2,2,14,9,0.469387755,1.0,17,False,False,122.5
2021-09-14,18,158,164,147,163,158,973,20.9,3.5,94,9.1,167.2,2,14,9,1.539556962,1.5,18,False,False,158.0
2021-09-14,19,152,151,171,139,153,1497,21.7,3.6,85,9.4,167.2,2,14,9,2.442088091,1.5,19,False,False,153.25
2021-09-14,20,124,130,128,130,128,45,22.2,4.2,78,9.4,167.2,2,14,9,0.087890625,1.5,20,False,False,128.0
2021-09-14,21,134,130,125,124,128,149,22.2,4.3,76,9.4,167.2,2,14,9,0.290448343,1.5,21,False,False,128.25
2021-09-14,22,100,109,120,114,111,66,22.0,2.5,79,9.4,167.2,2,14,9,0.148984199,1.5,22,False,False,110.75
2021-09-14,23,117,119,112,91,110,405,22.0,2.5,79,9.4,167.2,2,14,9,0.922551253,1.5,23,False,False,109.75
